match_key,sport,league,home,away,commence_time_utc,forecast_status,forecast_family,forecast_selection,forecast_line,forecast_odds,forecast_bookmaker,forecast_odds_source,forecast_model_probability_pct,forecast_adjusted_probability_pct,forecast_market_probability_pct,forecast_probability_gap_pct,forecast_edge_pct,forecast_ev_pct,forecast_confidence,forecast_value_tier,forecast_books_count,forecast_sources_count,forecast_model_mode,forecast_market_signal_derived,forecast_shadow_tracked,forecast_guard_reason,forecast_publication_score,forecast_expected_home,forecast_expected_away,forecast_total_xg,forecast_context_source,forecast_context_confidence,forecast_market_movement,forecast_quality_status,forecast_quality_score,forecast_quality_reasons,forecast_quality_calibration,forecast_reasons,forecast_analysis_points
soccer|k beerschot va|patro eisden maasmechelen|2026-04-23,soccer,Belgium - Pro League,Patro Eisden Maasmechelen,K Beerschot VA,2026-04-23T18:30:00+00:00,,spreads,Patro Eisden Maasmechelen,-0.5,,Unibet,odds_api_io,45.97,41.05,39.92,1.13,,,61.97,D,,,xg_spread,False,False,,50.88,0.92,1.33,,ensemble,,low_sample,,,,{},,
soccer|lommel sk|rfc liege|2026-04-23,soccer,Belgium - Pro League,Lommel SK,RFC Liege,2026-04-23T18:30:00+00:00,,spreads,Lommel SK,-0.5,,Bet365,odds_api_io,56.81,55.79,55.56,0.23,,,61.75,D,,,xg_spread,False,False,,19.04,1.71,1.03,,ensemble,,low_sample,,,,{},,
soccer|rsc anderlecht|saint truidense vv|2026-04-23,soccer,Belgium - Pro League,St. Truidense VV,RSC Anderlecht,2026-04-23T18:45:00+00:00,,spreads,RSC Anderlecht,-0.5,,Unibet,odds_api_io,49.91,41.91,40.00,1.91,,,65.95,D,,,xg_spread,False,False,,52.04,1.37,1.37,,ensemble,,low_sample,,,,{},,
soccer|freiburg|vfb stuttgart|2026-04-23,soccer,Germany - DFB Pokal,VfB Stuttgart,SC Freiburg,2026-04-23T18:45:00+00:00,,teamTotals,SC Freiburg ТБ 1.5,1.5,,Unibet,odds_api_io,62.16,36.63,30.52,6.11,,,68.92,D,,,team_total_poisson,False,False,,37.54,2.28,2.07,,ensemble,,low_sample,,,,{},,
soccer|bromley|salford city|2026-04-23,soccer,England - League Two,Salford City,Bromley FC,2026-04-23T19:00:00+00:00,,totals,Больше,2.5,,Bet365,odds_api_io,57.34,53.00,49.43,3.57,,,73.29,D,,,xg_total,False,False,,33.92,1.80,1.11,,ensemble,,flat,,,,{},,
soccer|pec zwolle|psv eindhoven|2026-04-23,soccer,Netherlands - Eredivisie,PSV Eindhoven,PEC Zwolle,2026-04-23T19:00:00+00:00,rejected_by_quality_filters,totals,Больше,2.5,,Unibet,odds_api_io,73.52,65.71,59.47,6.24,,,71.41,D,,,xg_total,False,False,bad_historical_segment_guard,85.57,2.22,1.39,,ensemble,,flat,rejected_by_quality_filters,69.55,bad_historical_segment_guard,"{""applied"": true, ""delta_probability"": -0.06414, ""raw_delta_probability"": -0.11662, ""segments_used"": [""family:totals"", ""league:preferred"", ""context:ensemble"", ""bookmaker:unibet"", ""odds:2.05-2.74""]}",,
soccer|cdt real oruro|san antonio bulo bulo|2026-04-23,soccer,Bolivia - Division Profesional,San Antonio Bulo Bulo,Cdt Real Oruro,2026-04-23T19:00:00+00:00,,,,,,,,,,,,,,,,,,,,,,,,,,,,,,,,,,
soccer|stjarnan gardabae|vikingur reykjavik|2026-04-23,soccer,Iceland - Besta deild,Vikingur Reykjavik,Stjarnan Gardabae,2026-04-23T19:15:00+00:00,,,,,,,,,,,,,,,,,,,,,,,,,,,,,,,,,,
soccer|fh hafnarfjordur|valur reykjavik|2026-04-23,soccer,Iceland - Besta deild,Valur Reykjavik,FH Hafnarfjordur,2026-04-23T19:15:00+00:00,rejected_by_quality_filters,totals,Меньше,2.5,,Unibet,odds_api_io,67.09,45.43,34.29,11.14,,,70.26,D,,,xg_total,False,False,bad_historical_segment_guard,60.74,1.02,1.00,,sstats,,flat,rejected_by_quality_filters,56.38,bad_historical_segment_guard,"{""applied"": true, ""delta_probability"": -0.0759, ""raw_delta_probability"": -0.138, ""segments_used"": [""family:totals"", ""market:totals:under"", ""league:other"", ""bookmaker:unibet"", ""odds:2.75-3.49""]}",,
soccer|real oviedo|villarreal|2026-04-23,soccer,Spain - LaLiga,Real Oviedo,Villarreal CF,2026-04-23T19:30:00+00:00,,spreads,Villarreal CF,-1.0,,Unibet,odds_api_io,52.83,65.21,68.18,-2.97,,,66.90,D,,,xg_spread,False,False,,142.61,1.17,1.46,,ensemble,,low_sample,,,,{},,
soccer|ad fafe|scu torreense|2026-04-23,soccer,Portugal - Taca de Portugal,SCU Torreense,AD Fafe,2026-04-23T19:45:00+00:00,,spreads,SCU Torreense,-1.5,,Unibet,odds_api_io,58.66,40.89,32.79,8.10,,,62.83,D,,,xg_spread,False,False,,53.70,1.44,0.57,,sstats,,low_sample,,,,{},,
soccer|america cali sa|real santander|2026-04-23,soccer,Colombia - Liga Femenina,CD Real Santander,America de Cali Sa,2026-04-23T20:00:00+00:00,,,,,,,,,,,,,,,,,,,,,,,,,,,,,,,,,,
soccer|cs cienciano|los chankas cyc|2026-04-23,soccer,Peru - Liga 1,Los Chankas CYC,CS Cienciano,2026-04-23T20:00:00+00:00,,totals,Меньше,2.5,,Bet365,odds_api_io,71.11,54.78,46.47,8.31,,,69.44,D,,,xg_total,False,False,,42.83,1.00,0.87,,sstats,,flat,,,,{},,
soccer|portmore united|spanish town police|2026-04-23,soccer,Jamaica - Premier League,Spanish Town Police FC,Portmore United,2026-04-23T20:30:00+00:00,,totals,Меньше,2.5,,Bet365,odds_api_io,60.71,43.90,35.32,8.58,,,69.52,D,,,xg_total,False,False,,48.05,0.17,2.09,,sstats,,flat,,,,{},,
soccer|asociacion cali|cdp junior|2026-04-23,soccer,Colombia - Liga Femenina,Asociacion Deportivo Cali,CDP Junior FC,2026-04-23T20:30:00+00:00,,,,,,,,,,,,,,,,,,,,,,,,,,,,,,,,,,
soccer|chorrillo|tauro 2|2026-04-23,soccer,Panama - Liga Prom,Chorrillo FC,Tauro FC II,2026-04-23T21:00:00+00:00,,totals,Меньше,2.5,,Bet365,odds_api_io,71.10,44.48,37.50,6.98,,,62.28,D,,,xg_total,False,False,,36.57,0.66,1.22,,sstats_form,,low_sample,,,,{},,
soccer|fortaleza|international|2026-04-23,soccer,Colombia - Liga Femenina,International FC,Fortaleza FC,2026-04-23T21:00:00+00:00,,,,,,,,,,,,,,,,,,,,,,,,,,,,,,,,,,
soccer|cacahuatique|hercules|2026-04-23,soccer,El Salvador - Copa Presidente,CD. Cacahuatique,CD Hercules,2026-04-23T21:00:00+00:00,,dnb,CD Hercules (0),,,Bet365,odds_api_io,48.54,33.08,29.09,3.99,,,58.47,D,,,h2h_ensemble,False,False,,29.34,1.39,1.31,,sstats_form,,low_sample,,,,{},,
soccer|dunbeholden|harbour view|2026-04-23,soccer,Jamaica - Premier League,Dunbeholden FC,Harbour View FC,2026-04-23T21:30:00+00:00,,spreads,Dunbeholden FC,-0.25,,Bet365,odds_api_io,52.82,49.52,48.78,0.74,,,58.86,D,,,xg_spread,False,False,,22.75,1.48,1.20,,ensemble,,low_sample,,,,{},,
soccer|chichicasteco|iztapa|2026-04-23,soccer,Guatemala - Primera Division,Chichicasteco FC,Deportivo Iztapa,2026-04-23T21:30:00+00:00,,,,,,,,,,,,,,,,,,,,,,,,,,,,,,,,,,
soccer|inter playa carmen|real apodaca|2026-04-23,soccer,Mexico - Liga Premier Serie A,Inter Playa Del Carmen,Real Apodaca FC,2026-04-23T22:00:00+00:00,,spreads,Inter Playa Del Carmen,-0.25,,Bet365,odds_api_io,51.53,50.79,50.63,0.16,,,53.09,D,,,market_simple_spreads,True,False,,16.93,,,,market_signal,,low_sample,,,,{},,
soccer|atletico mineiro|ceara ce|2026-04-23,soccer,Brazil - Copa do Brasil,Atletico Mineiro MG,Ceara SC CE,2026-04-23T22:00:00+00:00,,spreads,Atletico Mineiro MG,-1.5,,Unibet,odds_api_io,61.66,43.83,40.00,3.83,,,54.73,D,,,xg_spread,False,False,,30.18,1.91,0.74,,bzzoiro_event_odds,,low_sample,,,,{},,
soccer|llaneros|millonarios|2026-04-23,soccer,Colombia - Liga Femenina,Millonarios FC,Llaneros FC,2026-04-23T22:00:00+00:00,,,,,,,,,,,,,,,,,,,,,,,,,,,,,,,,,,
soccer|rio branco es|rio branco es|2026-04-23,soccer,Brazil - Copa Espirito Santo,Rio Branco AC ES,Rio Branco FC ES,2026-04-23T22:00:00+00:00,,totals,Больше,2.5,,Bet365,odds_api_io,54.52,43.78,41.03,2.75,,,57.87,D,,,xg_total,False,False,,19.99,1.37,1.49,,sstats_form,,low_sample,,,,{},,
soccer|ferroviaria araraquara sp|ituano sp|2026-04-23,soccer,"Brazil - Paulista, Serie A2",Ituano FC SP,Ferroviaria Araraquara SP,2026-04-23T22:00:00+00:00,,totals,Больше,2.5,,Bet365,odds_api_io,54.42,35.53,31.24,4.29,,,63.17,D,,,xg_total,False,False,,31.71,1.55,1.15,,ensemble,,low_sample,,,,{},,
soccer|jacuipense ba|se palmeiras sp|2026-04-23,soccer,Brazil - Copa do Brasil,SE Palmeiras SP,EC Jacuipense BA,2026-04-23T22:30:00+00:00,,btts,Обе забьют: Да,,,Bet365,odds_api_io,63.30,39.25,33.73,5.52,,,64.13,D,,,btts_poisson,False,False,,32.35,2.39,1.04,,ensemble,,low_sample,,,,{},,
soccer|boca juniors|defensa y justicia|2026-04-23,soccer,Argentina - Liga Profesional,Defensa y Justicia,Boca Juniors,2026-04-23T23:00:00+00:00,,spreads,Boca Juniors,-0.5,,Unibet,odds_api_io,58.43,58.16,58.10,0.06,,,58.55,D,,,xg_spread,False,False,,49.65,0.80,1.64,,sstats_form,,low_sample,,,,{},,
soccer|gualaceo|quito|2026-04-23,soccer,Ecuador - Copa Ecuador,SD Quito,Gualaceo SC,2026-04-23T23:00:00+00:00,,totals,Больше,2.25,,Bet365,odds_api_io,48.27,47.53,47.37,0.16,,,53.09,D,,,market_simple_totals,True,False,,8.42,,,,market_signal,,low_sample,,,,{},,
soccer|ad pasto|independiente santa fe|2026-04-23,soccer,"Colombia - Primera A, Apertura",AD Pasto,Independiente Santa Fe,2026-04-23T23:00:00+00:00,,dnb,Independiente Santa Fe (0),,,Bet365,odds_api_io,52.63,41.73,38.54,3.19,,,70.31,D,,,h2h_ensemble,False,False,,30.57,1.32,1.47,,sstats_form,,steam,,,,{},,
soccer|atlante|tepatitlan|2026-04-23,soccer,"Mexico - Liga de Expansion MX, Clausura",Atlante FC,Tepatitlan FC,2026-04-23T23:00:00+00:00,,spreads,Tepatitlan FC,1.0,,Bet365,odds_api_io,52.71,52.65,52.63,0.02,,,56.53,D,,,xg_spread,False,False,,16.28,1.28,1.55,,sstats_form,,low_sample,,,,{},,
soccer|genesis pn|lobos upnfm|2026-04-23,soccer,Honduras - Liga Nacional. Clausura,Lobos UPNFM,CD Genesis PN,2026-04-23T23:15:00+00:00,,spreads,Lobos UPNFM,-0.5,,Bet365,odds_api_io,52.67,51.52,51.28,0.24,,,53.14,D,,,market_simple_spreads,True,False,,15.10,,,,market_signal,,low_sample,,,,{},,
soccer|deportes concepcion|palestino|2026-04-24,soccer,Chile - Primera Division,CD Palestino,Deportes Concepcion,2026-04-24T00:00:00+00:00,,totals,Меньше,2.5,,Bet365,odds_api_io,49.95,47.61,46.96,0.65,,,65.20,D,,,xg_total,False,False,,21.75,1.26,1.42,,sstats_form,,flat,,,,{},,
soccer|treasure beach|waterhouse|2026-04-24,soccer,Jamaica - Premier League,Waterhouse FC,Treasure Beach FC,2026-04-24T00:00:00+00:00,,spreads,Waterhouse FC,-1.0,,Bet365,odds_api_io,59.74,55.80,54.79,1.01,,,57.01,D,,,xg_spread,False,False,,21.75,1.62,0.65,,sstats_form,,low_sample,,,,{},,
soccer|chapelton maroons|mount pleasant|2026-04-24,soccer,Jamaica - Premier League,Mount Pleasant FC,Chapelton Maroons FC,2026-04-24T00:00:00+00:00,,spreads,Mount Pleasant FC,-1.25,,Bet365,odds_api_io,52.87,50.58,50.00,0.58,,,56.81,D,,,xg_spread,False,False,,20.51,1.44,1.15,,sstats_form,,low_sample,,,,{},,
soccer|arnett gardens|cavalier|2026-04-24,soccer,Jamaica - Premier League,Arnett Gardens FC,Cavalier FC,2026-04-24T00:00:00+00:00,,totals,Меньше,2.75,,Bet365,odds_api_io,54.92,48.75,47.37,1.38,,,59.21,D,,,xg_total,False,False,,17.41,1.32,1.48,,ensemble,,low_sample,,,,{},,
soccer|csd macara|universidad catolica ecuador|2026-04-24,soccer,Ecuador - LigaPro Primera A,CD Universidad Catolica del Ecuador,CSD Macara,2026-04-24T00:00:00+00:00,,spreads,CD Universidad Catolica del Ecuador,-1.5,,Unibet,odds_api_io,58.39,39.87,35.09,4.78,,,60.90,D,,,xg_spread,False,False,,37.79,1.58,0.74,,sstats_form,,low_sample,,,,{},,
soccer|real tomayapo|strongest|2026-04-24,soccer,Bolivia - Division Profesional,CD Real Tomayapo,The Strongest,2026-04-24T00:00:00+00:00,,totals,Меньше,2.5,,Bet365,odds_api_io,35.31,32.75,30.91,1.84,,,64.34,D,,,market_derived_totals,True,False,,22.59,,,,market_signal,,flat,,,,{},,
soccer|dakota aruba|la fama|2026-04-24,soccer,Aruba - Division Honor,Dakota Aruba,La Fama,2026-04-24T00:30:00+00:00,,,,,,,,,,,,,,,,,,,,,,,,,,,,,,,,,,
soccer|ca paranaense pr|goianiense go|2026-04-24,soccer,Brazil - Copa do Brasil,CA Paranaense PR,AC Goianiense GO,2026-04-24T00:30:00+00:00,,,,,,,,,,,,,,,,,,,,,,,,,,,,,,,,,,
soccer|fluminense rj|operario ferroviario pr|2026-04-24,soccer,Brazil - Copa do Brasil,Operario Ferroviario EC PR,Fluminense FC RJ,2026-04-24T00:30:00+00:00,,spreads,Fluminense FC RJ,-1.5,,Unibet,odds_api_io,54.96,36.90,32.79,4.11,,,63.39,D,,,xg_spread,False,False,,36.28,0.97,1.47,,ensemble,,low_sample,,,,{},,
soccer|la familia|veraguas united b|2026-04-24,soccer,Panama - Liga Prom,Veraguas United FC B,La Familia FC,2026-04-24T01:00:00+00:00,,,,,,,,,,,,,,,,,,,,,,,,,,,,,,,,,,
soccer|cancun|tapatio|2026-04-24,soccer,"Mexico - Liga de Expansion MX, Clausura",CD Tapatio,Cancun FC,2026-04-24T01:00:00+00:00,,dnb,Cancun FC (0),,,Bet365,odds_api_io,60.19,42.17,37.50,4.67,,,61.19,D,,,h2h_ensemble,False,False,,28.04,1.37,2.07,,sstats_form,,low_sample,,,,{},,
soccer|csd chiquimulilla|suchitepequez|2026-04-24,soccer,Guatemala - Primera Division,CD Suchitepequez,Csd Chiquimulilla,2026-04-24T01:00:00+00:00,,totals,Меньше,2.5,,Bet365,odds_api_io,55.34,53.12,51.59,1.53,,,61.95,D,,,market_simple_totals,True,False,,24.79,,,,market_signal,,flat,,,,{},,
soccer|el roble ilobasco|municipal limeno|2026-04-24,soccer,El Salvador - Copa Presidente,Municipal Limeno,CD El Roble de Ilobasco,2026-04-24T01:00:00+00:00,,spreads,Municipal Limeno,-1.75,,Bet365,odds_api_io,50.90,50.16,50.00,0.16,,,53.09,D,,,market_simple_spreads,True,False,,14.63,,,,market_signal,,low_sample,,,,{},,
soccer|millonarios|tolima|2026-04-24,soccer,"Colombia - Primera A, Apertura",Millonarios FC,CD Tolima,2026-04-24T01:00:00+00:00,,teamTotals,Millonarios FC ТМ 1.5,1.5,,Unibet,odds_api_io,73.17,54.77,50.00,4.77,,,58.84,D,,,team_total_poisson,False,False,,22.23,1.01,1.31,,sstats_form,,low_sample,,,,{},,
soccer|motagua tegucigalpa|olancho|2026-04-24,soccer,Honduras - Liga Nacional. Clausura,Olancho FC,FC Motagua Tegucigalpa,2026-04-24T01:30:00+00:00,,totals,Больше,2.5,,Bet365,odds_api_io,49.26,47.04,45.51,1.53,,,61.76,D,,,market_simple_totals,True,False,,30.20,,,,market_signal,,flat,,,,{},,
soccer|liga deportiva alajuelense|puntarenas|2026-04-24,soccer,"Costa Rica - Primera Division, Clausura",Liga Deportiva Alajuelense,Puntarenas FC,2026-04-24T02:00:00+00:00,,,,,,,,,,,,,,,,,,,,,,,,,,,,,,,,,,
