report_date,prediction_id,fingerprint,published_at,published_at_local,published_date_local,telegram_sent,tracking_mode,tracking_reason,shadow_tracked,match_key,sport_key,league_name,home_team,away_team,commence_time_utc,commence_time_local,family,selection,selection_key,team_side,point,odds,stake_amount,status,result,is_hit,pnl,roi_pct,final_score,final_home_goals,final_away_goals,settled_at,settlement_source,settlement_note,settlement_result_orientation,settlement_attempt_at,settlement_attempt_reason,settlement_grade_issue,settlement_match_failure,settlement_match_threshold,settlement_best_score,settlement_best_source,settlement_best_status,settlement_best_event,settlement_best_scoreline,settlement_matched_via,settlement_manual_note,model_probability_pct,adjusted_probability_pct,market_probability_pct,edge_pct,ev_pct,confidence,books_count,sources_count,model_mode,publication_score,expected_home,expected_away,total_xg,selected_bookmaker,selected_source,context_source,context_sources,context_confidence,context_mode,market_movement,best_vs_consensus_edge_pct,consensus_dispersion_pct,match_tier,quality_status,quality_score,quality_reasons
2026-04-19,soccer|genoa cfc|pisa|2026-04-19|h2h|away|||2026-04-19T16:00:00+00:00,soccer|genoa cfc|pisa|2026-04-19|h2h|away|||2026-04-19T16:00:00+00:00,2026-04-19T15:32:51.531342+00:00,2026-04-19T18:32:51.531342+03:00,2026-04-19,True,,,False,soccer|genoa cfc|pisa|2026-04-19,soccer,Italy - Serie A,Pisa SC,Genoa CFC,2026-04-19T16:00:00+00:00,2026-04-19T19:00:00+03:00,h2h,Genoa CFC,away,,,2.55,10.0,won,won,True,15.5,155.0,1:2,1.0,2.0,2026-04-19T20:46:01.229505+00:00,api_football,Pisa SC 1:2 Genoa CFC,direct,2026-04-19T20:46:01.229505+00:00,settled,,,,118.24,api_football,FT,Pisa vs Genoa,1:2,,,46.87,41.45,37.27,4.179,5.692,68.95,2,1,soccer_context,34.864,1.084,1.563,2.647,Bet365,odds_api_io,ensemble,,65.75,bzzoiro_prediction,flat,0.978,0.784,mid,passed_quality_last_resort,77.927,"[""quality_last_resort_publish""]"
2026-04-19,soccer|olympique lyon|paris saint germain|2026-04-19|totals|under||3.25|2026-04-19T18:45:00+00:00,soccer|olympique lyon|paris saint germain|2026-04-19|totals|under||3.25|2026-04-19T18:45:00+00:00,2026-04-19T16:48:18.712557+00:00,2026-04-19T19:48:18.712557+03:00,2026-04-19,True,,,False,soccer|olympique lyon|paris saint germain|2026-04-19,soccer,France - Ligue 1,Paris Saint-Germain,Olympique Lyon,2026-04-19T18:45:00+00:00,2026-04-19T21:45:00+03:00,totals,Меньше,under,,3.25,2.025,24.0,half_won,won,True,12.3,51.25,1:2,1.0,2.0,2026-04-19T21:45:53.061599+00:00,api_football,Paris Saint-Germain 1:2 Olympique Lyon,direct,2026-04-19T21:45:53.061599+00:00,settled,,,,118.24,api_football,FT,Paris Saint Germain vs Lyon,1:2,,,65.68,55.44,47.32,8.124,12.266,70.9,2,1,xg_total,45.922,1.742,1.082,2.823,Bet365,odds_api_io,ensemble,,68.18,bzzoiro_prediction,insufficient_history,0.611,0.617,mid,passed_quality,85.897,
2026-04-19,soccer|abecat ouvidorense go|operario ms|2026-04-19|h2h|away|||2026-04-19T20:00:00+00:00,soccer|abecat ouvidorense go|operario ms|2026-04-19|h2h|away|||2026-04-19T20:00:00+00:00,2026-04-19T19:04:57.479087+00:00,2026-04-19T22:04:57.479087+03:00,2026-04-19,True,,,False,soccer|abecat ouvidorense go|operario ms|2026-04-19,soccer,Brazil - Brasileiro Serie D,Operario FC MS,Abecat Ouvidorense GO,2026-04-19T20:00:00+00:00,2026-04-19T23:00:00+03:00,h2h,Abecat Ouvidorense GO,away,,,3.5,12.0,lost,lost,False,-12.0,-100.0,1:1,1.0,1.0,2026-04-20T07:11:22.508414+00:00,api_football,Operario FC MS 1:1 Abecat Ouvidorense GO,direct,2026-04-20T07:11:22.508414+00:00,settled,,,,118.24,api_football,FT,Operario Ferroviario vs ABECAT Ouvidorense,1:1,,,53.95,32.71,26.66,6.05,14.5,67.63,2,1,soccer_context,43.634,1.167,2.213,3.38,Unibet,odds_api_io,sstats_form,,65.0,team_form,flat,3.938,2.198,mid,passed_quality,75.17,
2026-04-20,soccer|botafogo pb|figueirense|2026-04-19|h2h|home|||2026-04-19T21:30:00+00:00,soccer|botafogo pb|figueirense|2026-04-19|h2h|home|||2026-04-19T21:30:00+00:00,2026-04-19T19:04:57.479185+00:00,2026-04-19T22:04:57.479185+03:00,2026-04-19,True,,,False,soccer|botafogo pb|figueirense|2026-04-19,soccer,Brazil - Brasileiro Serie C,Figueirense FC SC,Botafogo FC PB,2026-04-19T21:30:00+00:00,2026-04-20T00:30:00+03:00,h2h,Figueirense FC SC,home,,,2.65,16.0,won,won,True,26.4,165.0,2:1,2.0,1.0,2026-04-20T07:11:22.508414+00:00,api_football,Figueirense FC SC 2:1 Botafogo FC PB,direct,2026-04-20T07:11:22.508414+00:00,settled,,,,106.0,api_football,FT,Figueirense vs Botafogo PB,2:1,,,54.6,42.73,34.34,8.384,13.226,63.21,2,1,soccer_context,42.294,1.965,1.193,3.158,Unibet,odds_api_io,ensemble,,50.29,bzzoiro_prediction,flat,0.983,0.726,mid,passed_quality,85.758,
2026-04-20,soccer|fbc melgar|universitario deportes|2026-04-19|h2h|away|||2026-04-19T22:15:00+00:00,soccer|fbc melgar|universitario deportes|2026-04-19|h2h|away|||2026-04-19T22:15:00+00:00,2026-04-19T21:04:56.708093+00:00,2026-04-20T00:04:56.708093+03:00,2026-04-20,True,,,False,soccer|fbc melgar|universitario deportes|2026-04-19,soccer,Peru - Liga 1,FBC Melgar,Universitario de Deportes,2026-04-19T22:15:00+00:00,2026-04-20T01:15:00+03:00,h2h,Universitario de Deportes,away,,,3.4,19.0,lost,lost,False,-19.0,-100.0,2:1,2.0,1.0,2026-04-20T07:11:22.508414+00:00,api_football,FBC Melgar 2:1 Universitario de Deportes,direct,2026-04-20T07:11:22.508414+00:00,settled,,,,110.48,api_football,FT,FBC Melgar vs Universitario,2:1,,,45.8,36.12,28.46,7.655,22.802,70.71,2,1,soccer_context,54.411,,,,Bet365,odds_api_io,api_football,,68.0,,flat,3.052,1.838,mid,passed_quality,94.395,
2026-04-20,soccer|bahia ba|cr flamengo rj|2026-04-19|spreads|away|away|1|2026-04-19T22:30:00+00:00,soccer|bahia ba|cr flamengo rj|2026-04-19|spreads|away|away|1|2026-04-19T22:30:00+00:00,2026-04-19T21:59:37.303188+00:00,2026-04-20T00:59:37.303188+03:00,2026-04-20,True,,,False,soccer|bahia ba|cr flamengo rj|2026-04-19,soccer,Brazil - Brasileiro Serie A,CR Flamengo RJ,EC Bahia BA,2026-04-19T22:30:00+00:00,2026-04-20T01:30:00+03:00,spreads,EC Bahia BA,away,away,1.0,2.05,14.0,lost,lost,False,-14.0,-100.0,2:0,2.0,0.0,2026-04-20T07:11:22.508414+00:00,football_data,CR Flamengo RJ 2:0 EC Bahia BA,direct,2026-04-20T07:11:22.508414+00:00,settled,,,,119.36,football_data,FINISHED,CR Flamengo vs EC Bahia,2:0,,,67.55,52.37,48.78,3.591,7.362,65.24,1,1,xg_spread,30.799,1.644,1.198,2.842,Bet365,odds_api_io,ensemble,,76.0,bzzoiro_prediction,low_sample,0.0,0.0,mid,passed_quality,72.403,
2026-04-20,soccer|atlas|santos laguna|2026-04-19|h2h|home|||2026-04-19T23:00:00+00:00,soccer|atlas|santos laguna|2026-04-19|h2h|home|||2026-04-19T23:00:00+00:00,2026-04-19T21:37:27.858374+00:00,2026-04-20T00:37:27.858374+03:00,2026-04-20,True,,,False,soccer|atlas|santos laguna|2026-04-19,soccer,"Mexico - Liga MX, Clausura",Club Santos Laguna,Atlas FC,2026-04-19T23:00:00+00:00,2026-04-20T02:00:00+03:00,h2h,Club Santos Laguna,home,,,2.7,12.0,lost,lost,False,-12.0,-100.0,0:1,0.0,1.0,2026-04-20T07:11:22.508414+00:00,api_football,Club Santos Laguna 0:1 Atlas FC,direct,2026-04-20T07:11:22.508414+00:00,settled,,,,106.0,api_football,FT,Santos Laguna vs Atlas,0:1,,,47.27,40.84,36.31,4.527,10.264,62.96,2,1,soccer_context,37.631,1.336,0.926,2.262,Bet365,odds_api_io,ensemble,,51.82,bzzoiro_prediction,flat,4.332,3.286,mid,passed_quality,80.793,
2026-04-20,soccer|athletic sjdr mg|gremio novorizontino sp|2026-04-19|dnb|away|||2026-04-19T23:00:00+00:00,soccer|athletic sjdr mg|gremio novorizontino sp|2026-04-19|dnb|away|||2026-04-19T23:00:00+00:00,2026-04-19T21:59:37.303059+00:00,2026-04-20T00:59:37.303059+03:00,2026-04-20,True,,,False,soccer|athletic sjdr mg|gremio novorizontino sp|2026-04-19,soccer,Brazil - Brasileiro Serie B,Gremio Novorizontino SP,Athletic Club Sjdr MG,2026-04-19T23:00:00+00:00,2026-04-20T02:00:00+03:00,dnb,Athletic Club Sjdr MG (0),away,,,4.0,31.0,lost,lost,False,-31.0,-100.0,2:1,2.0,1.0,2026-04-20T07:11:22.508414+00:00,api_football,Gremio Novorizontino SP 2:1 Athletic Club Sjdr MG,direct,2026-04-20T07:11:22.508414+00:00,settled,,,,116.72,api_football,FT,Novorizontino vs Athletic Club,2:1,,,49.05,36.14,25.83,10.311,44.556,71.35,2,1,h2h_ensemble,83.423,1.445,1.348,2.793,Bet365,odds_api_io,ensemble,,67.5,bzzoiro_prediction,flat,11.266,5.769,mid,passed_quality,100.0,
2026-04-20,soccer|los angeles|san jose earthquakes|2026-04-19|dnb|away|||2026-04-19T23:00:00+00:00,soccer|los angeles|san jose earthquakes|2026-04-19|dnb|away|||2026-04-19T23:00:00+00:00,2026-04-19T21:37:27.858279+00:00,2026-04-20T00:37:27.858279+03:00,2026-04-20,True,,,False,soccer|los angeles|san jose earthquakes|2026-04-19,soccer,USA - MLS,Los Angeles FC,San Jose Earthquakes,2026-04-19T23:00:00+00:00,2026-04-20T02:00:00+03:00,dnb,San Jose Earthquakes (0),away,,,3.75,27.0,won,won,True,74.25,275.0,1:4,1.0,4.0,2026-04-20T07:11:22.508414+00:00,api_football,Los Angeles FC 1:4 San Jose Earthquakes,direct,2026-04-20T07:11:22.508414+00:00,settled,,,,106.0,api_football,FT,Los Angeles FC vs San Jose Earthquakes,1:4,,,47.69,36.5,28.46,8.039,36.862,64.32,2,1,h2h_ensemble,72.003,1.435,1.343,2.778,Bet365,odds_api_io,ensemble,,51.82,bzzoiro_prediction,insufficient_history,14.746,8.056,mid,passed_quality,100.0,
2026-04-20,soccer|barcelona|csd macara|2026-04-19|h2h|away|||2026-04-19T23:10:00+00:00,soccer|barcelona|csd macara|2026-04-19|h2h|away|||2026-04-19T23:10:00+00:00,2026-04-19T22:37:13.424288+00:00,2026-04-20T01:37:13.424288+03:00,2026-04-20,True,,,False,soccer|barcelona|csd macara|2026-04-19,soccer,Ecuador - LigaPro Primera A,CSD Macara,Barcelona SC,2026-04-19T23:10:00+00:00,2026-04-20T02:10:00+03:00,h2h,Barcelona SC,away,,,3.75,30.0,lost,lost,False,-30.0,-100.0,3:1,3.0,1.0,2026-04-20T07:11:22.508414+00:00,api_football,CSD Macara 3:1 Barcelona SC,direct,2026-04-20T07:11:22.508414+00:00,settled,,,,110.48,api_football,FT,Macara vs Barcelona SC,3:1,,,50.55,37.5,27.21,10.283,40.608,70.42,2,1,soccer_context,80.07,0.486,1.259,1.746,Bet365,odds_api_io,api_football,,69.0,,drift,9.298,5.079,mid,passed_quality,100.0,
2026-04-20,soccer|colorado rapids 2|minnesota united 2|2026-04-20|dnb|away|||2026-04-20T00:00:00+00:00,soccer|colorado rapids 2|minnesota united 2|2026-04-20|dnb|away|||2026-04-20T00:00:00+00:00,2026-04-19T22:17:40.635145+00:00,2026-04-20T01:17:40.635145+03:00,2026-04-20,True,,,False,soccer|colorado rapids 2|minnesota united 2|2026-04-20,soccer,USA - MLS Next Pro,Colorado Rapids 2,Minnesota United FC 2,2026-04-20T00:00:00+00:00,2026-04-20T03:00:00+03:00,dnb,Minnesota United FC 2 (0),away,,,1.8,20.0,won,won,True,16.0,80.0,1:2,1.0,2.0,2026-04-20T07:11:22.508414+00:00,api_football,Colorado Rapids 2 1:2 Minnesota United FC 2,direct,2026-04-20T07:11:22.508414+00:00,settled,,,,106.0,api_football,FT,Colorado Rapids II vs Minnesota United II,1:2,,,69.55,59.88,52.19,7.696,7.793,71.16,2,1,h2h_ensemble,37.887,1.092,2.464,3.556,Bet365,odds_api_io,api_football,,69.0,,flat,2.869,3.268,mid,passed_quality,83.785,
2026-04-20,soccer|sporting kansas city 2|whitecaps 2|2026-04-20|dnb|home|||2026-04-20T00:00:00+00:00,soccer|sporting kansas city 2|whitecaps 2|2026-04-20|dnb|home|||2026-04-20T00:00:00+00:00,2026-04-19T22:37:13.424408+00:00,2026-04-20T01:37:13.424408+03:00,2026-04-20,True,,,False,soccer|sporting kansas city 2|whitecaps 2|2026-04-20,soccer,USA - MLS Next Pro,Sporting Kansas City II,Whitecaps FC 2,2026-04-20T00:00:00+00:00,2026-04-20T03:00:00+03:00,dnb,Sporting Kansas City II (0),home,,,2.35,10.0,won,won,True,13.5,135.0,3:2,3.0,2.0,2026-04-20T07:11:22.508414+00:00,api_football,Sporting Kansas City II 3:2 Whitecaps FC 2,direct,2026-04-20T07:11:22.508414+00:00,settled,,,,109.91,api_football,FT,Sporting KC II vs Vancouver Whitecaps II,3:2,,,49.59,44.93,41.28,3.655,5.594,70.25,2,1,h2h_ensemble,31.877,1.623,1.683,3.306,Unibet,odds_api_io,api_football,,69.0,,flat,6.095,5.066,mid,passed_quality,75.381,
2026-04-20,soccer|audax italiano|huachipato|2026-04-20|totals|over||2.5|2026-04-20T00:45:00+00:00,soccer|audax italiano|huachipato|2026-04-20|totals|over||2.5|2026-04-20T00:45:00+00:00,2026-04-19T21:46:51.405539+00:00,2026-04-20T00:46:51.405539+03:00,2026-04-20,True,,,False,soccer|audax italiano|huachipato|2026-04-20,soccer,Chile - Primera Division,Huachipato,Audax Italiano,2026-04-20T00:45:00+00:00,2026-04-20T03:45:00+03:00,totals,Больше,over,,2.5,2.025,29.0,won,won,True,29.72,102.48,3:2,3.0,2.0,2026-04-20T07:11:22.508414+00:00,api_football,Huachipato 3:2 Audax Italiano,direct,2026-04-20T07:11:22.508414+00:00,settled,,,,112.16,api_football,FT,Huachipato vs A. Italiano,3:2,,,70.05,56.55,46.53,10.02,14.505,66.49,2,1,xg_total,46.053,1.843,1.579,3.422,Bet365,odds_api_io,thesportsdb,,57.0,,flat,1.108,1.122,mid,passed_quality,80.287,
2026-04-20,soccer|america cali|millonarios|2026-04-20|h2h|away|||2026-04-20T01:30:00+00:00,soccer|america cali|millonarios|2026-04-20|h2h|away|||2026-04-20T01:30:00+00:00,2026-04-19T22:17:40.635035+00:00,2026-04-20T01:17:40.635035+03:00,2026-04-20,True,,,False,soccer|america cali|millonarios|2026-04-20,soccer,"Colombia - Primera A, Apertura",America de Cali,Millonarios FC,2026-04-20T01:30:00+00:00,2026-04-20T04:30:00+03:00,h2h,Millonarios FC,away,,,3.65,24.0,lost,lost,False,-24.0,-100.0,3:1,3.0,1.0,2026-04-20T07:11:22.508414+00:00,api_football,America de Cali 3:1 Millonarios FC,direct,2026-04-20T07:11:22.508414+00:00,settled,,,,106.0,api_football,FT,America de Cali vs Millonarios,3:1,,,47.52,35.87,26.54,9.329,30.924,71.52,2,1,soccer_context,67.6,0.864,1.547,2.411,Unibet,odds_api_io,api_football,,69.0,,flat,3.764,2.015,mid,passed_quality,100.0,
2026-04-20,soccer|oleksandriya|veres rivne|2026-04-20|h2h|away|||2026-04-20T10:00:00+00:00,soccer|oleksandriya|veres rivne|2026-04-20|h2h|away|||2026-04-20T10:00:00+00:00,2026-04-20T08:42:40.379249+00:00,2026-04-20T11:42:40.379249+03:00,2026-04-20,True,,,False,soccer|oleksandriya|veres rivne|2026-04-20,soccer,Ukraine - Premier League,FC Oleksandriya,Veres Rivne,2026-04-20T10:00:00+00:00,2026-04-20T13:00:00+03:00,h2h,Veres Rivne,away,,,2.48,15.0,won,won,True,22.2,148.0,0:3,0.0,3.0,2026-04-20T14:28:48.781410+00:00,api_football,FC Oleksandriya 0:3 Veres Rivne,direct,2026-04-20T14:28:48.781410+00:00,settled,,,,120.16,api_football,FT,Oleksandria vs Veres Rivne,0:3,,,50.05,44.65,37.71,6.947,10.743,71.33,2,1,soccer_context,38.632,0.827,1.617,2.444,Unibet,odds_api_io,api_football,,69.0,,flat,4.005,3.156,mid,passed_quality,84.823,
2026-04-20,soccer|noah yerevan|van charentsavan|2026-04-20|spreads|away|away|2|2026-04-20T12:00:00+00:00,soccer|noah yerevan|van charentsavan|2026-04-20|spreads|away|away|2|2026-04-20T12:00:00+00:00,2026-04-20T10:32:22.541793+00:00,2026-04-20T13:32:22.541793+03:00,2026-04-20,True,,,False,soccer|noah yerevan|van charentsavan|2026-04-20,soccer,Armenia - Premier League,FC Noah Yerevan,FC Van Charentsavan,2026-04-20T12:00:00+00:00,2026-04-20T15:00:00+03:00,spreads,FC Van Charentsavan,away,away,2.0,1.8,23.0,push,push,,0.0,0.0,2:0,2.0,0.0,2026-04-20T16:54:51.034967+00:00,api_football,FC Noah Yerevan 2:0 FC Van Charentsavan,direct,2026-04-20T16:54:51.034967+00:00,settled,,,,116.72,api_football,FT,FC Noah vs Van,2:0,,,73.57,60.5,55.56,4.945,8.901,65.84,1,1,xg_spread,33.794,1.99,1.057,3.047,Bet365,odds_api_io,ensemble,,76.0,team_form,low_sample,0.0,0.0,mid,passed_quality,79.876,
2026-04-20,soccer|ararat armenia|shirak gyumri|2026-04-20|totals|under||2.5|2026-04-20T15:00:00+00:00,soccer|ararat armenia|shirak gyumri|2026-04-20|totals|under||2.5|2026-04-20T15:00:00+00:00,2026-04-20T14:33:03.867003+00:00,2026-04-20T17:33:03.867003+03:00,2026-04-20,True,,,False,soccer|ararat armenia|shirak gyumri|2026-04-20,soccer,Armenia - Premier League,FC Shirak Gyumri,FC Ararat-Armenia,2026-04-20T15:00:00+00:00,2026-04-20T18:00:00+03:00,totals,Меньше,under,,2.5,2.16,32.0,lost,lost,False,-32.0,-100.0,0:4,0.0,4.0,2026-04-21T06:29:47.888698+00:00,api_football,FC Shirak Gyumri 0:4 FC Ararat-Armenia,direct,2026-04-21T06:29:47.888698+00:00,settled,,,,118.24,api_football,FT,Shirak vs Ararat-Armenia,0:4,,,65.68,55.08,43.41,11.664,18.968,75.4,2,1,xg_total,57.07,0.409,1.731,2.14,Unibet,odds_api_io,ensemble,,76.0,ensemble,flat,1.461,1.323,mid,passed_quality,100.0,
2026-04-20,soccer|gornik leczna|miedz legnica|2026-04-20|dnb|away|||2026-04-20T16:00:00+00:00,soccer|gornik leczna|miedz legnica|2026-04-20|dnb|away|||2026-04-20T16:00:00+00:00,2026-04-20T14:33:03.866865+00:00,2026-04-20T17:33:03.866865+03:00,2026-04-20,True,,,False,soccer|gornik leczna|miedz legnica|2026-04-20,soccer,Poland - I Liga,Miedz Legnica,Gornik Leczna,2026-04-20T16:00:00+00:00,2026-04-20T19:00:00+03:00,dnb,Gornik Leczna (0),away,,,4.333,28.0,won,won,True,93.32,333.29,0:2,0.0,2.0,2026-04-21T06:29:47.888698+00:00,api_football,Miedz Legnica 0:2 Gornik Leczna,direct,2026-04-21T06:29:47.888698+00:00,settled,,,,118.24,api_football,FT,Miedz Legnica vs Górnik Łęczna,0:2,,,47.13,33.03,22.5,10.534,43.125,78.47,2,1,h2h_ensemble,91.99,1.301,1.406,2.707,Bet365,odds_api_io,ensemble,,76.0,ensemble,steam,6.123,2.895,mid,passed_quality,100.0,
2026-04-20,soccer|al ahli saudi|vissel kobe|2026-04-20|dnb|home|||2026-04-20T16:15:00+00:00,soccer|al ahli saudi|vissel kobe|2026-04-20|dnb|home|||2026-04-20T16:15:00+00:00,2026-04-20T07:14:47.354715+00:00,2026-04-20T10:14:47.354715+03:00,2026-04-20,True,,,False,soccer|al ahli saudi|vissel kobe|2026-04-20,soccer,International Clubs - AFC Champions League Elite,Vissel Kobe,Al Ahli Saudi FC,2026-04-20T16:15:00+00:00,2026-04-20T19:15:00+03:00,dnb,Vissel Kobe (0),home,,,3.0,22.0,lost,lost,False,-22.0,-100.0,1:2,1.0,2.0,2026-04-21T06:29:47.888698+00:00,api_football,Vissel Kobe 1:2 Al Ahli Saudi FC,direct,2026-04-21T06:29:47.888698+00:00,settled,,,,111.32,api_football,FT,Vissel Kobe vs Al-Ahli Jeddah,1:2,,,50.0,40.25,30.9,9.353,20.754,63.14,2,1,h2h_ensemble,50.201,,,,Bet365,odds_api_io,gnews,,53.4,,insufficient_history,0.0,0.0,mid,passed_quality,100.0,
2026-04-20,soccer|gaziantep|kayserispor|2026-04-20|totals|under||2.5|2026-04-20T17:00:00+00:00,soccer|gaziantep|kayserispor|2026-04-20|totals|under||2.5|2026-04-20T17:00:00+00:00,2026-04-20T07:14:47.354592+00:00,2026-04-20T10:14:47.354592+03:00,2026-04-20,True,,,False,soccer|gaziantep|kayserispor|2026-04-20,soccer,Turkiye - Super Lig,Gaziantep FK,Kayserispor,2026-04-20T17:00:00+00:00,2026-04-20T20:00:00+03:00,totals,Меньше,under,,2.5,2.15,22.0,lost,lost,False,-22.0,-100.0,3:0,3.0,0.0,2026-04-21T06:29:47.888698+00:00,api_football,Gaziantep FK 3:0 Kayserispor,direct,2026-04-21T06:29:47.888698+00:00,settled,,,,106.0,api_football,FT,Gaziantep FK vs Kayserispor,3:0,,,69.46,52.03,44.44,7.589,11.854,64.53,2,1,xg_total,50.311,1.418,0.855,2.273,Unibet,odds_api_io,ensemble,,55.29,bzzoiro_prediction,insufficient_history,2.498,2.269,mid,passed_quality,80.749,
2026-04-20,soccer|07 vestur sorvagur|b36 torshavn|2026-04-20|dnb|home|||2026-04-20T17:30:00+00:00,soccer|07 vestur sorvagur|b36 torshavn|2026-04-20|dnb|home|||2026-04-20T17:30:00+00:00,2026-04-20T10:32:22.541662+00:00,2026-04-20T13:32:22.541662+03:00,2026-04-20,True,,,False,soccer|07 vestur sorvagur|b36 torshavn|2026-04-20,soccer,Faroe Islands - Premier League,07 Vestur Sorvagur,B36 Torshavn,2026-04-20T17:30:00+00:00,2026-04-20T20:30:00+03:00,dnb,07 Vestur Sorvagur (0),home,,,4.0,13.0,lost,lost,False,-13.0,-100.0,0:1,0.0,1.0,2026-04-21T06:29:47.888698+00:00,api_football,07 Vestur Sorvagur 0:1 B36 Torshavn,direct,2026-04-21T06:29:47.888698+00:00,settled,,,,110.48,api_football,FT,07 Vestur vs B36 Torshavn,0:1,,,44.35,29.73,23.67,6.061,18.918,67.64,2,1,h2h_ensemble,45.314,1.33,1.669,2.999,Bet365,odds_api_io,sstats_form,,64.2,team_form,flat,3.255,1.667,mid,passed_quality,88.869,
2026-04-20,soccer|ab argir|ki klaksvik|2026-04-20|spreads|home|home|2|2026-04-20T17:30:00+00:00,soccer|ab argir|ki klaksvik|2026-04-20|spreads|home|home|2|2026-04-20T17:30:00+00:00,2026-04-20T08:42:40.379126+00:00,2026-04-20T11:42:40.379126+03:00,2026-04-20,True,,,False,soccer|ab argir|ki klaksvik|2026-04-20,soccer,Faroe Islands - Premier League,AB Argir,KI Klaksvik,2026-04-20T17:30:00+00:00,2026-04-20T20:30:00+03:00,spreads,AB Argir,home,home,2.0,1.925,31.0,won,won,True,28.68,92.52,1:1,1.0,1.0,2026-04-21T06:29:47.888698+00:00,api_football,AB Argir 1:1 KI Klaksvik,direct,2026-04-21T06:29:47.888698+00:00,settled,,,,110.48,api_football,FT,AB vs KI Klaksvik,1:1,,,91.09,60.59,51.95,8.642,16.636,61.99,1,1,xg_spread,44.991,1.627,1.305,2.932,Bet365,odds_api_io,thesportsdb,,57.0,,low_sample,0.0,0.0,mid,passed_quality,92.503,
2026-04-20,soccer|defensores cambaceres|leones rosario|2026-04-20|btts|yes|||2026-04-20T18:30:00+00:00,soccer|defensores cambaceres|leones rosario|2026-04-20|btts|yes|||2026-04-20T18:30:00+00:00,2026-04-20T16:58:17.890966+00:00,2026-04-20T19:58:17.890966+03:00,2026-04-20,True,,,False,soccer|defensores cambaceres|leones rosario|2026-04-20,soccer,Argentina - Primera C,Defensores de Cambaceres,Leones de Rosario FC,2026-04-20T18:30:00+00:00,2026-04-20T21:30:00+03:00,btts,Обе забьют: Да,yes,,,2.33,14.0,lost,lost,False,-14.0,-100.0,0:2,0.0,2.0,2026-04-21T06:29:47.888698+00:00,api_football,Defensores de Cambaceres 0:2 Leones de Rosario FC,direct,2026-04-21T06:29:47.888698+00:00,settled,,,,106.0,api_football,FT,Defensores de Cambaceres vs Leones de Rosario,0:2,,,59.88,46.53,40.91,5.623,8.414,73.04,2,1,btts_poisson,47.134,1.488,1.282,2.771,Unibet,odds_api_io,ensemble,,76.0,ensemble,flat,3.024,2.536,mid,passed_quality,78.653,
2026-04-20,soccer|mirandes|rc la coruna|2026-04-20|totals|under||2.5|2026-04-20T18:30:00+00:00,soccer|mirandes|rc la coruna|2026-04-20|totals|under||2.5|2026-04-20T18:30:00+00:00,2026-04-20T16:58:17.891094+00:00,2026-04-20T19:58:17.891094+03:00,2026-04-20,True,,,False,soccer|mirandes|rc la coruna|2026-04-20,soccer,Spain - LaLiga 2,RC Deportivo De La Coruna,CD Mirandes,2026-04-20T18:30:00+00:00,2026-04-20T21:30:00+03:00,totals,Меньше,under,,2.5,2.0,17.0,lost,lost,False,-17.0,-100.0,3:1,3.0,1.0,2026-04-21T06:29:47.888698+00:00,api_football,RC Deportivo De La Coruna 3:1 CD Mirandes,direct,2026-04-21T06:29:47.888698+00:00,settled,,,,110.48,api_football,FT,Deportivo La Coruna vs Mirandes,3:1,,,58.21,53.93,47.67,6.267,7.87,74.23,2,1,xg_total,37.817,1.491,0.801,2.292,Bet365,odds_api_io,ensemble,,76.0,ensemble,flat,2.036,2.083,mid,passed_quality,87.58,
2026-04-20,soccer|mirandes|rc la coruna|2026-04-20|dnb|away|||2026-04-20T18:30:00+00:00,soccer|mirandes|rc la coruna|2026-04-20|dnb|away|||2026-04-20T18:30:00+00:00,2026-04-20T17:46:23.677654+00:00,2026-04-20T20:46:23.677654+03:00,2026-04-20,True,,,False,soccer|mirandes|rc la coruna|2026-04-20,soccer,Spain - LaLiga 2,RC Deportivo De La Coruna,CD Mirandes,2026-04-20T18:30:00+00:00,2026-04-20T21:30:00+03:00,dnb,CD Mirandes (0),away,,,4.5,19.0,lost,lost,False,-19.0,-100.0,3:1,3.0,1.0,2026-04-21T06:29:47.888698+00:00,api_football,RC Deportivo De La Coruna 3:1 CD Mirandes,direct,2026-04-21T06:29:47.888698+00:00,settled,,,,110.48,api_football,FT,Deportivo La Coruna vs Mirandes,3:1,,,33.16,29.18,22.87,6.312,31.315,78.44,2,1,h2h_ensemble,62.863,1.547,0.784,2.331,Bet365,odds_api_io,ensemble,,76.0,ensemble,steam,10.554,4.805,mid,passed_quality,100.0,
2026-04-20,soccer|mirandes|rc la coruna|2026-04-20|btts|no|||2026-04-20T18:30:00+00:00,soccer|mirandes|rc la coruna|2026-04-20|btts|no|||2026-04-20T18:30:00+00:00,2026-04-20T17:53:58.908803+00:00,2026-04-20T20:53:58.908803+03:00,2026-04-20,True,,,False,soccer|mirandes|rc la coruna|2026-04-20,soccer,Spain - LaLiga 2,RC Deportivo De La Coruna,CD Mirandes,2026-04-20T18:30:00+00:00,2026-04-20T21:30:00+03:00,btts,Обе забьют: Нет,no,,,1.833,32.0,lost,lost,False,-32.0,-100.0,3:1,3.0,1.0,2026-04-21T06:29:47.888698+00:00,api_football,RC Deportivo De La Coruna 3:1 CD Mirandes,direct,2026-04-21T06:29:47.888698+00:00,settled,,,,110.48,api_football,FT,Deportivo La Coruna vs Mirandes,3:1,,,79.41,62.13,51.03,11.107,13.893,70.49,2,1,btts_poisson,48.255,1.569,0.369,1.938,Bet365,odds_api_io,sstats,,68.0,,flat,2.316,2.587,mid,passed_quality,100.0,
2026-04-20,soccer|deportes linares|deportes rengo|2026-04-20|totals|under||2.5|2026-04-20T20:00:00+00:00,soccer|deportes linares|deportes rengo|2026-04-20|totals|under||2.5|2026-04-20T20:00:00+00:00,2026-04-20T17:46:23.677775+00:00,2026-04-20T20:46:23.677775+03:00,2026-04-20,True,,,False,soccer|deportes linares|deportes rengo|2026-04-20,soccer,Chile - Segunda Division,Deportes Rengo,Deportes Linares,2026-04-20T20:00:00+00:00,2026-04-20T23:00:00+03:00,totals,Меньше,under,,2.5,1.97,32.0,won,won,True,31.04,97.0,0:2,0.0,2.0,2026-04-21T06:29:47.888698+00:00,api_football,Deportes Rengo 0:2 Deportes Linares,direct,2026-04-21T06:29:47.888698+00:00,settled,,,,97.76,api_football,FT,Deportes Rengo vs Linares Unido,0:2,,,75.74,58.41,49.33,9.081,15.069,73.78,2,1,xg_total,58.227,0.35,1.443,1.793,Unibet,odds_api_io,ensemble,,76.0,ensemble,flat,4.832,4.794,mid,passed_quality,93.014,
2026-04-21,soccer|beijing guoan|shenzhen peng city|2026-04-21|dnb|home|||2026-04-21T11:00:00+00:00,soccer|beijing guoan|shenzhen peng city|2026-04-21|dnb|home|||2026-04-21T11:00:00+00:00,2026-04-21T06:35:39.800203+00:00,2026-04-21T09:35:39.800203+03:00,2026-04-21,True,,,False,soccer|beijing guoan|shenzhen peng city|2026-04-21,soccer,China - Chinese Super League,Shenzhen Peng City,Beijing Guoan,2026-04-21T11:00:00+00:00,2026-04-21T14:00:00+03:00,dnb,Shenzhen Peng City (0),home,,,2.75,31.0,lost,lost,False,-31.0,-100.0,0:1,0.0,1.0,2026-04-21T14:09:12.588766+00:00,api_football,Shenzhen Peng City 0:1 Beijing Guoan,direct,2026-04-21T14:09:12.588766+00:00,settled,,,,102.16,api_football,FT,Sichuan Jiuniu vs Beijing Guoan,0:1,,,66.16,49.68,37.34,12.336,36.609,72.25,2,1,h2h_ensemble,77.506,1.93,1.438,3.368,Bet365,odds_api_io,api_football,"[""api_football""]",69.0,,insufficient_history,10.847,8.081,mid,passed_quality,89.96,
2026-04-21,soccer|beijing guoan|shenzhen peng city|2026-04-21|h2h|home|||2026-04-21T11:00:00+00:00,soccer|beijing guoan|shenzhen peng city|2026-04-21|h2h|home|||2026-04-21T11:00:00+00:00,2026-04-21T10:17:21.778101+00:00,2026-04-21T13:17:21.778101+03:00,2026-04-21,True,,,False,soccer|beijing guoan|shenzhen peng city|2026-04-21,soccer,China - Chinese Super League,Shenzhen Peng City,Beijing Guoan,2026-04-21T11:00:00+00:00,2026-04-21T14:00:00+03:00,h2h,Shenzhen Peng City,home,,,4.333,23.0,lost,lost,False,-23.0,-100.0,0:1,0.0,1.0,2026-04-21T14:09:12.588766+00:00,api_football,Shenzhen Peng City 0:1 Beijing Guoan,direct,2026-04-21T14:09:12.588766+00:00,settled,,,,102.16,api_football,FT,Sichuan Jiuniu vs Beijing Guoan,0:1,,,46.14,31.67,22.93,8.74,37.225,69.58,2,1,soccer_context,81.505,2.091,1.488,3.579,Bet365,odds_api_io,api_football,,69.0,,drift,6.848,3.237,mid,passed_quality,89.973,
2026-04-21,soccer|chongqing tonglianglong|shanghai port|2026-04-21|h2h|away|||2026-04-21T12:00:00+00:00,soccer|chongqing tonglianglong|shanghai port|2026-04-21|h2h|away|||2026-04-21T12:00:00+00:00,2026-04-21T10:34:55.951416+00:00,2026-04-21T13:34:55.951416+03:00,2026-04-21,True,,,False,soccer|chongqing tonglianglong|shanghai port|2026-04-21,soccer,China - Chinese Super League,Shanghai Port FC,Chongqing Tonglianglong FC,2026-04-21T12:00:00+00:00,2026-04-21T15:00:00+03:00,h2h,Chongqing Tonglianglong FC,away,,,3.9,17.0,won,won,True,49.3,290.0,1:2,1.0,2.0,2026-04-21T15:09:32.142331+00:00,api_football,Shanghai Port FC 1:2 Chongqing Tonglianglong FC,direct,2026-04-21T15:09:32.142331+00:00,settled,,,,109.08,api_football,FT,SHANGHAI SIPG vs Chongqing Tongliang Long,1:2,,,42.72,31.67,25.39,6.286,23.518,73.16,2,1,soccer_context,63.269,1.114,1.615,2.729,Bet365,odds_api_io,ensemble,,75.17,team_form,flat,6.368,3.344,mid,passed_quality,87.272,
2026-04-21,soccer|machida zelvia|shabab al ahli dubai|2026-04-21|h2h|away|||2026-04-21T16:15:00+00:00,soccer|machida zelvia|shabab al ahli dubai|2026-04-21|h2h|away|||2026-04-21T16:15:00+00:00,2026-04-21T11:46:07.307894+00:00,2026-04-21T14:46:07.307894+03:00,2026-04-21,True,,,False,soccer|machida zelvia|shabab al ahli dubai|2026-04-21,soccer,International Clubs - AFC Champions League Elite,Machida Zelvia,Shabab Al Ahli Dubai,2026-04-21T16:15:00+00:00,2026-04-21T19:15:00+03:00,h2h,Shabab Al Ahli Dubai,away,,,2.85,10.0,void,void,,0.0,0.0,,,,2026-04-21T12:14:35.745445+00:00,manual_quality_guard,invalidated_by_high_odds_h2h_single_source_shrink_guard,,,,,,,,,,,,,,53.54,38.18,33.03,5.156,8.826,67.24,2,1,soccer_context,35.686,0.785,1.628,2.413,Unibet,odds_api_io,sstats_form,,65.0,team_form,insufficient_history,2.844,1.949,mid,passed_quality,68.234,
2026-04-21,soccer|machida zelvia|shabab al ahli dubai|2026-04-21|dnb|away|||2026-04-21T16:15:00+00:00,soccer|machida zelvia|shabab al ahli dubai|2026-04-21|dnb|away|||2026-04-21T16:15:00+00:00,2026-04-21T12:29:34.708291+00:00,2026-04-21T15:29:34.708291+03:00,2026-04-21,True,,,False,soccer|machida zelvia|shabab al ahli dubai|2026-04-21,soccer,International Clubs - AFC Champions League Elite,Machida Zelvia,Shabab Al Ahli Dubai,2026-04-21T16:15:00+00:00,2026-04-21T19:15:00+03:00,dnb,Shabab Al Ahli Dubai (0),away,,,2.05,10.0,lost,lost,False,-10.0,-100.0,1:0,1.0,0.0,2026-04-22T11:15:06.526452+00:00,api_football,Machida Zelvia 1:0 Shabab Al Ahli Dubai,direct,2026-04-22T11:15:06.526452+00:00,settled,,,,106.0,api_football,FT,Machida Zelvia vs Shabab Al Ahli Dubai,1:0,,,67.46,51.25,45.62,5.639,5.07,67.45,2,1,h2h_ensemble,29.732,0.785,1.628,2.413,Unibet,odds_api_io,sstats_form,,65.0,team_form,flat,1.28,1.22,mid,passed_quality,65.241,
2026-04-21,soccer|coventry city|portsmouth|2026-04-21|dnb|away|||2026-04-21T18:45:00+00:00,soccer|coventry city|portsmouth|2026-04-21|dnb|away|||2026-04-21T18:45:00+00:00,2026-04-21T17:39:59.752204+00:00,2026-04-21T20:39:59.752204+03:00,2026-04-21,True,,,False,soccer|coventry city|portsmouth|2026-04-21,soccer,England - Championship,Coventry City,Portsmouth FC,2026-04-21T18:45:00+00:00,2026-04-21T21:45:00+03:00,dnb,Portsmouth FC (0),away,,,4.0,14.0,lost,lost,False,-14.0,-100.0,5:1,5.0,1.0,2026-04-22T11:15:06.526452+00:00,api_football,Coventry City 5:1 Portsmouth FC,direct,2026-04-22T11:15:06.526452+00:00,settled,,,,118.24,api_football,FT,Coventry vs Portsmouth,5:1,,,42.41,33.11,26.98,6.127,32.422,72.0,2,1,h2h_ensemble,71.328,1.436,1.075,2.512,Bet365,odds_api_io,ensemble,,76.0,ensemble,flat,16.272,8.333,mid,passed_quality,90.135,
2026-04-21,soccer|hull city|leicester city|2026-04-21|dnb|away|||2026-04-21T18:45:00+00:00,soccer|hull city|leicester city|2026-04-21|dnb|away|||2026-04-21T18:45:00+00:00,2026-04-21T15:27:24.790636+00:00,2026-04-21T18:27:24.790636+03:00,2026-04-21,True,,,False,soccer|hull city|leicester city|2026-04-21,soccer,England - Championship,Leicester City,Hull City,2026-04-21T18:45:00+00:00,2026-04-21T21:45:00+03:00,dnb,Hull City (0),away,,,2.625,63.0,push,push,,0.0,0.0,2:2,2.0,2.0,2026-04-22T11:15:06.526452+00:00,api_football,Leicester City 2:2 Hull City,direct,2026-04-22T11:15:06.526452+00:00,settled,,,,118.24,api_football,FT,Leicester vs Hull City,2:2,,,71.53,52.25,37.38,14.866,37.151,75.52,2,1,h2h_ensemble,85.854,1.373,1.683,3.056,Bet365,odds_api_io,ensemble,,76.0,bzzoiro_prediction,flat,5.71,4.458,mid,passed_quality,89.057,
2026-04-21,soccer|bristol city|southampton|2026-04-21|btts|yes|||2026-04-21T18:45:00+00:00,soccer|bristol city|southampton|2026-04-21|btts|yes|||2026-04-21T18:45:00+00:00,2026-04-21T16:29:02.961738+00:00,2026-04-21T19:29:02.961738+03:00,2026-04-21,True,,,False,soccer|bristol city|southampton|2026-04-21,soccer,England - Championship,Southampton FC,Bristol City,2026-04-21T18:45:00+00:00,2026-04-21T21:45:00+03:00,btts,Обе забьют: Да,yes,,,1.909,10.0,won,won,True,9.09,90.9,2:2,2.0,2.0,2026-04-22T11:15:06.526452+00:00,api_football,Southampton FC 2:2 Bristol City,direct,2026-04-22T11:15:06.526452+00:00,settled,,,,106.0,api_football,FT,Southampton vs Bristol City,2:2,,,59.77,53.45,49.27,4.183,2.033,71.82,2,1,btts_poisson,29.774,1.787,1.059,2.845,Bet365,odds_api_io,ensemble,,76.0,bzzoiro_prediction,drift,1.559,1.671,mid,passed_quality,68.624,
2026-04-21,soccer|barnsley|stevenage|2026-04-21|dnb|away|||2026-04-21T18:45:00+00:00,soccer|barnsley|stevenage|2026-04-21|dnb|away|||2026-04-21T18:45:00+00:00,2026-04-21T15:27:24.790750+00:00,2026-04-21T18:27:24.790750+03:00,2026-04-21,True,,,False,soccer|barnsley|stevenage|2026-04-21,soccer,England - League One,Stevenage FC,Barnsley FC,2026-04-21T18:45:00+00:00,2026-04-21T21:45:00+03:00,dnb,Barnsley FC (0),away,,,3.25,46.0,lost,lost,False,-46.0,-100.0,1:0,1.0,0.0,2026-04-22T11:15:06.526452+00:00,api_football,Stevenage FC 1:0 Barnsley FC,direct,2026-04-22T11:15:06.526452+00:00,settled,,,,106.0,api_football,FT,Stevenage vs Barnsley,1:0,,,54.22,39.56,30.08,9.476,28.559,74.21,2,1,h2h_ensemble,69.777,1.171,1.576,2.747,Bet365,odds_api_io,ensemble,,76.0,team_form,flat,4.964,3.129,mid,passed_quality,90.814,
2026-04-21,soccer|watford|west bromwich albion|2026-04-21|dnb|away|||2026-04-21T18:45:00+00:00,soccer|watford|west bromwich albion|2026-04-21|dnb|away|||2026-04-21T18:45:00+00:00,2026-04-21T15:55:54.246555+00:00,2026-04-21T18:55:54.246555+03:00,2026-04-21,True,,,False,soccer|watford|west bromwich albion|2026-04-21,soccer,England - Championship,West Bromwich Albion,Watford FC,2026-04-21T18:45:00+00:00,2026-04-21T21:45:00+03:00,dnb,Watford FC (0),away,,,3.5,13.0,lost,lost,False,-13.0,-100.0,3:0,3.0,0.0,2026-04-22T11:15:06.526452+00:00,api_football,West Bromwich Albion 3:0 Watford FC,direct,2026-04-22T11:15:06.526452+00:00,settled,,,,118.24,api_football,FT,West Brom vs Watford,3:0,,,47.12,35.81,27.79,8.02,25.346,74.08,2,1,h2h_ensemble,64.748,1.199,1.183,2.382,Bet365,odds_api_io,ensemble,,76.0,bzzoiro_prediction,flat,4.578,2.679,mid,passed_quality,90.135,
2026-04-22,soccer|al masry|enppi|2026-04-22|dnb|away|||2026-04-22T15:00:00+00:00,soccer|al masry|enppi|2026-04-22|dnb|away|||2026-04-22T15:00:00+00:00,2026-04-22T14:15:50.253393+00:00,2026-04-22T17:15:50.253393+03:00,2026-04-22,True,,,False,soccer|al masry|enppi|2026-04-22,soccer,Egypt - Premier League,Al Masry Club,Enppi Club,2026-04-22T15:00:00+00:00,2026-04-22T18:00:00+03:00,dnb,Enppi Club (0),away,,,2.5,36.0,push,push,,0.0,0.0,2:2,2.0,2.0,2026-04-23T07:06:04.064476+00:00,api_football,Al Masry Club 2:2 Enppi Club,direct,2026-04-23T07:06:04.064476+00:00,settled,,,,106.0,api_football,FT,AL Masry vs Enppi,2:2,,,60.82,46.35,39.87,6.477,15.875,71.41,2,1,h2h_ensemble,57.601,1.085,1.553,2.638,Bet365,odds_api_io,ensemble,,75.17,team_form,drift,7.684,6.296,mid,passed_quality,86.788,
2026-04-22,soccer|js kabylie|olympique akbou|2026-04-22|dnb|away|||2026-04-22T15:00:00+00:00,soccer|js kabylie|olympique akbou|2026-04-22|dnb|away|||2026-04-22T15:00:00+00:00,2026-04-22T12:08:39.036213+00:00,2026-04-22T15:08:39.036213+03:00,2026-04-22,True,,,False,soccer|js kabylie|olympique akbou|2026-04-22,soccer,Algeria - Ligue 1,Olympique Akbou,JS Kabylie,2026-04-22T15:00:00+00:00,2026-04-22T18:00:00+03:00,dnb,JS Kabylie (0),away,,,2.75,27.0,push,push,,0.0,0.0,1:1,1.0,1.0,2026-04-23T07:06:04.064476+00:00,api_football,Olympique Akbou 1:1 JS Kabylie,direct,2026-04-23T07:06:04.064476+00:00,settled,,,,106.0,api_football,FT,Olympique Akbou vs JS Kabylie,1:1,,,57.14,41.46,35.13,6.329,14.016,62.21,2,1,h2h_ensemble,53.49,0.792,1.106,1.898,Bet365,odds_api_io,ensemble,,50.47,team_form,insufficient_history,5.977,4.453,mid,passed_quality,82.612,
2026-04-22,soccer|js kabylie|olympique akbou|2026-04-22|h2h|away|||2026-04-22T15:00:00+00:00,soccer|js kabylie|olympique akbou|2026-04-22|h2h|away|||2026-04-22T15:00:00+00:00,2026-04-22T14:15:50.253257+00:00,2026-04-22T17:15:50.253257+03:00,2026-04-22,True,,,False,soccer|js kabylie|olympique akbou|2026-04-22,soccer,Algeria - Ligue 1,Olympique Akbou,JS Kabylie,2026-04-22T15:00:00+00:00,2026-04-22T18:00:00+03:00,h2h,JS Kabylie,away,,,3.6,42.0,lost,lost,False,-42.0,-100.0,1:1,1.0,1.0,2026-04-23T07:06:04.064476+00:00,api_football,Olympique Akbou 1:1 JS Kabylie,direct,2026-04-23T07:06:04.064476+00:00,settled,,,,106.0,api_football,FT,Olympique Akbou vs JS Kabylie,1:1,,,44.96,36.7,27.29,9.411,32.134,73.06,2,1,soccer_context,66.885,0.759,1.187,1.946,Unibet,odds_api_io,ensemble,,71.73,team_form,flat,10.237,5.556,mid,passed_quality,89.252,
2026-04-22,soccer|if brommapojkarna|orgryte is|2026-04-22|dnb|home|||2026-04-22T17:00:00+00:00,soccer|if brommapojkarna|orgryte is|2026-04-22|dnb|home|||2026-04-22T17:00:00+00:00,2026-04-22T16:20:01.093274+00:00,2026-04-22T19:20:01.093274+03:00,2026-04-22,True,,,False,soccer|if brommapojkarna|orgryte is|2026-04-22,soccer,Sweden - Allsvenskan,Orgryte IS,IF Brommapojkarna,2026-04-22T17:00:00+00:00,2026-04-22T20:00:00+03:00,dnb,Orgryte IS (0),home,,,2.25,23.0,lost,lost,False,-23.0,-100.0,1:2,1.0,2.0,2026-04-23T07:06:04.064476+00:00,api_football,Orgryte IS 1:2 IF Brommapojkarna,direct,2026-04-23T07:06:04.064476+00:00,settled,,,,106.0,api_football,FT,Orgryte IS vs IF Brommapojkarna,1:2,,,62.01,48.21,43.38,4.826,8.472,68.99,2,1,h2h_ensemble,44.707,1.383,0.859,2.242,Bet365,odds_api_io,ensemble,,67.24,bzzoiro_prediction,insufficient_history,6.102,5.556,mid,passed_quality,67.908,
2026-04-22,soccer|barcelona|rc celta vigo|2026-04-22|totals|over||2.5|2026-04-22T19:30:00+00:00,soccer|barcelona|rc celta vigo|2026-04-22|totals|over||2.5|2026-04-22T19:30:00+00:00,2026-04-22T17:20:01.010334+00:00,2026-04-22T20:20:01.010334+03:00,2026-04-22,True,,,False,soccer|barcelona|rc celta vigo|2026-04-22,soccer,Spain - LaLiga,FC Barcelona,RC Celta de Vigo,2026-04-22T19:30:00+00:00,2026-04-22T22:30:00+03:00,totals,Больше,over,,2.5,2.38,47.0,lost,lost,False,-47.0,-100.0,1:0,1.0,0.0,2026-04-23T07:06:04.064476+00:00,api_football,FC Barcelona 1:0 RC Celta de Vigo,direct,2026-04-23T07:06:04.064476+00:00,settled,,,,118.24,api_football,FT,Barcelona vs Celta Vigo,1:0,,,82.16,65.78,56.41,9.367,56.55,71.59,2,1,xg_total,105.346,1.984,1.406,3.39,Unibet,odds_api_io,ensemble,,76.0,bzzoiro_prediction,insufficient_history,43.616,35.804,mid,passed_quality,73.147,
2026-04-23,soccer|athletic sjdr mg|internacional rs|2026-04-22|dnb|home|||2026-04-22T23:30:00+00:00,soccer|athletic sjdr mg|internacional rs|2026-04-22|dnb|home|||2026-04-22T23:30:00+00:00,2026-04-22T20:20:52.561373+00:00,2026-04-22T23:20:52.561373+03:00,2026-04-22,True,,,False,soccer|athletic sjdr mg|internacional rs|2026-04-22,soccer,Brazil - Copa do Brasil,Athletic Club Sjdr MG,SC Internacional RS,2026-04-22T23:30:00+00:00,2026-04-23T02:30:00+03:00,dnb,Athletic Club Sjdr MG (0),home,,,3.75,38.0,lost,lost,False,-38.0,-100.0,1:2,1.0,2.0,2026-04-23T07:06:04.064476+00:00,api_football,Athletic Club Sjdr MG 1:2 SC Internacional RS,direct,2026-04-23T07:06:04.064476+00:00,settled,,,,118.24,api_football,FT,Athletic Club vs Internacional,1:2,,,49.77,34.97,28.12,6.85,31.128,67.91,2,1,h2h_ensemble,74.512,1.097,1.179,2.276,Bet365,odds_api_io,ensemble,,67.14,ensemble,insufficient_history,13.238,7.232,mid,passed_quality,86.946,
2026-04-23,soccer|mazatlan|toluca|2026-04-23|totals|under||2.5|2026-04-23T01:00:00+00:00,soccer|mazatlan|toluca|2026-04-23|totals|under||2.5|2026-04-23T01:00:00+00:00,2026-04-22T20:20:52.561516+00:00,2026-04-22T23:20:52.561516+03:00,2026-04-22,True,,,False,soccer|mazatlan|toluca|2026-04-23,soccer,"Mexico - Liga MX, Clausura",Mazatlan FC,Deportivo Toluca FC,2026-04-23T01:00:00+00:00,2026-04-23T04:00:00+03:00,totals,Меньше,under,,2.5,2.875,56.0,lost,lost,False,-56.0,-100.0,4:3,4.0,3.0,2026-04-23T07:06:04.064476+00:00,api_football,Mazatlan FC 4:3 Deportivo Toluca FC,direct,2026-04-23T07:06:04.064476+00:00,settled,,,,106.0,api_football,FT,Mazatlán vs Toluca,4:3,,,56.51,45.57,34.58,10.986,31.0,68.91,2,1,xg_total,65.395,0.802,1.615,2.417,Bet365,odds_api_io,ensemble,,61.32,ensemble,insufficient_history,6.222,4.433,mid,passed_quality,90.423,
2026-04-23,soccer|pyunik yerevan|urartu yerevan|2026-04-23|h2h|away|||2026-04-23T14:00:00+00:00,soccer|pyunik yerevan|urartu yerevan|2026-04-23|h2h|away|||2026-04-23T14:00:00+00:00,2026-04-23T07:11:46.001446+00:00,2026-04-23T10:11:46.001446+03:00,2026-04-23,True,,,False,soccer|pyunik yerevan|urartu yerevan|2026-04-23,soccer,Armenia - Premier League,FC Pyunik Yerevan,FC Urartu Yerevan,2026-04-23T14:00:00+00:00,2026-04-23T17:00:00+03:00,h2h,FC Urartu Yerevan,away,,,4.1,27.0,lost,lost,False,-27.0,-100.0,2:1,2.0,1.0,2026-04-24T07:08:30.191997+00:00,api_football,FC Pyunik Yerevan 2:1 FC Urartu Yerevan,direct,2026-04-24T07:08:30.191997+00:00,settled,,,,118.24,api_football,FT,Pyunik Yerevan vs FC Urartu,2:1,,,46.73,31.87,22.08,9.792,30.686,73.95,2,1,soccer_context,74.24,0.887,1.648,2.535,Unibet,odds_api_io,ensemble,,75.17,team_form,insufficient_history,1.28,0.61,mid,passed_quality_historical_relief,88.1,"[""quality_historical_guard_relief""]"
2026-04-23,soccer|al ittihad al sakandary|al mokawloon al arab|2026-04-23|h2h|away|||2026-04-23T15:00:00+00:00,soccer|al ittihad al sakandary|al mokawloon al arab|2026-04-23|h2h|away|||2026-04-23T15:00:00+00:00,2026-04-23T13:26:46.477978+00:00,2026-04-23T16:26:46.477978+03:00,2026-04-23,True,,,False,soccer|al ittihad al sakandary|al mokawloon al arab|2026-04-23,soccer,Egypt - Premier League,Al Mokawloon Al Arab,Al Ittihad Al Sakandary,2026-04-23T15:00:00+00:00,2026-04-23T18:00:00+03:00,h2h,Al Ittihad Al Sakandary,away,,,3.0,25.0,lost,lost,False,-25.0,-100.0,0:0,0.0,0.0,2026-04-24T07:08:30.191997+00:00,api_football,Al Mokawloon Al Arab 0:0 Al Ittihad Al Sakandary,direct,2026-04-24T07:08:30.191997+00:00,settled,,,,104.52,api_football,FT,El Mokawloon vs Al Ittihad,0:0,,,48.91,39.6,32.2,7.405,18.81,71.09,2,1,soccer_context,51.948,0.701,1.38,2.081,Unibet,odds_api_io,api_football,,69.0,,insufficient_history,7.311,4.762,mid,passed_quality,84.907,
2026-04-23,soccer|maardu linnameeskond|tallinn|2026-04-23|totals|under||2.5|2026-04-23T16:00:00+00:00,soccer|maardu linnameeskond|tallinn|2026-04-23|totals|under||2.5|2026-04-23T16:00:00+00:00,2026-04-23T15:30:04.068215+00:00,2026-04-23T18:30:04.068215+03:00,2026-04-23,True,,,False,soccer|maardu linnameeskond|tallinn|2026-04-23,soccer,Estonia - Esiliiga,Maardu Linnameeskond,FC Tallinn,2026-04-23T16:00:00+00:00,2026-04-23T19:00:00+03:00,totals,Меньше,under,,2.5,3.75,21.0,won,won,True,57.75,275.0,1:1,1.0,1.0,2026-04-24T07:08:30.191997+00:00,api_football,Maardu Linnameeskond 1:1 FC Tallinn,direct,2026-04-24T07:08:30.191997+00:00,settled,,,,116.94,api_football,FT,Maardu vs FC Tallinn,1:1,,,65.58,40.05,27.12,12.925,50.178,68.93,2,1,xg_total,92.034,1.371,0.706,2.077,Bet365,odds_api_io,sstats,,68.0,,insufficient_history,12.205,6.667,mid,passed_quality,88.882,
2026-04-23,soccer|levante|sevilla|2026-04-23|btts|yes|||2026-04-23T17:00:00+00:00,soccer|levante|sevilla|2026-04-23|btts|yes|||2026-04-23T17:00:00+00:00,2026-04-23T16:12:36.417819+00:00,2026-04-23T19:12:36.417819+03:00,2026-04-23,True,,,False,soccer|levante|sevilla|2026-04-23,soccer,Spain - LaLiga,Levante UD,Sevilla FC,2026-04-23T17:00:00+00:00,2026-04-23T20:00:00+03:00,btts,Обе забьют: Да,yes,,,1.909,10.0,lost,lost,False,-10.0,-100.0,2:0,2.0,0.0,2026-04-24T07:08:30.191997+00:00,api_football,Levante UD 2:0 Sevilla FC,direct,2026-04-24T07:08:30.191997+00:00,settled,,,,106.0,api_football,FT,Levante vs Sevilla,2:0,,,61.7,52.96,50.94,2.015,1.093,72.29,2,1,btts_poisson,31.752,1.565,1.32,2.885,Bet365,odds_api_io,ensemble,,76.0,ensemble,flat,3.245,3.482,mid,passed_quality_last_resort,61.382,"[""quality_last_resort_publish""]"
2026-04-23,soccer|pyramids|zamalek|2026-04-23|totals|under||2.5|2026-04-23T18:00:00+00:00,soccer|pyramids|zamalek|2026-04-23|totals|under||2.5|2026-04-23T18:00:00+00:00,2026-04-23T16:51:53.647975+00:00,2026-04-23T19:51:53.647975+03:00,2026-04-23,True,,,False,soccer|pyramids|zamalek|2026-04-23,soccer,Egypt - Premier League,Zamalek SC,Pyramids FC,2026-04-23T18:00:00+00:00,2026-04-23T21:00:00+03:00,totals,Меньше,under,,2.5,1.571,10.0,won,won,True,5.71,57.1,1:0,1.0,0.0,2026-04-24T07:08:30.191997+00:00,api_football,Zamalek SC 1:0 Pyramids FC,direct,2026-04-24T07:08:30.191997+00:00,settled,,,,106.0,api_football,FT,Zamalek SC vs Pyramids FC,1:0,,,73.89,66.03,60.49,5.544,3.733,63.15,2,1,xg_total,31.196,0.873,0.896,1.769,Bet365,odds_api_io,ensemble,,51.71,ensemble,flat,2.312,3.013,mid,passed_quality,69.544,
2026-04-23,soccer|freiburg|vfb stuttgart|2026-04-23|dnb|away|||2026-04-23T18:45:00+00:00,soccer|freiburg|vfb stuttgart|2026-04-23|dnb|away|||2026-04-23T18:45:00+00:00,2026-04-23T13:50:56.342043+00:00,2026-04-23T16:50:56.342043+03:00,2026-04-23,True,,,False,soccer|freiburg|vfb stuttgart|2026-04-23,soccer,Germany - DFB Pokal,VfB Stuttgart,SC Freiburg,2026-04-23T18:45:00+00:00,2026-04-23T21:45:00+03:00,dnb,SC Freiburg (0),away,,,3.75,17.0,lost,lost,False,-17.0,-100.0,2:1,2.0,1.0,2026-04-24T07:08:30.191997+00:00,api_football,VfB Stuttgart 2:1 SC Freiburg,direct,2026-04-24T07:08:30.191997+00:00,settled,,,,106.0,api_football,AET,VfB Stuttgart vs SC Freiburg,2:1,,,50.35,37.81,27.78,10.029,41.775,71.45,2,1,h2h_ensemble,78.134,2.506,2.375,4.88,Bet365,odds_api_io,ensemble,,72.34,bzzoiro_prediction,flat,12.205,6.667,mid,passed_quality,88.0,
2026-04-23,soccer|pec zwolle|psv eindhoven|2026-04-23|totals|over||2.5|2026-04-23T19:00:00+00:00,soccer|pec zwolle|psv eindhoven|2026-04-23|totals|over||2.5|2026-04-23T19:00:00+00:00,2026-04-23T15:30:04.068339+00:00,2026-04-23T18:30:04.068339+03:00,2026-04-23,True,,,False,soccer|pec zwolle|psv eindhoven|2026-04-23,soccer,Netherlands - Eredivisie,PSV Eindhoven,PEC Zwolle,2026-04-23T19:00:00+00:00,2026-04-23T22:00:00+03:00,totals,Больше,over,,2.5,2.25,21.0,won,won,True,26.25,125.0,6:1,6.0,1.0,2026-04-24T07:08:30.191997+00:00,football_data,PSV Eindhoven 6:1 PEC Zwolle,direct,2026-04-24T07:08:30.191997+00:00,settled,,,,118.24,football_data,FINISHED,PSV vs PEC Zwolle,6:1,,,73.52,65.65,59.36,6.29,47.707,71.42,2,1,xg_total,87.013,2.225,1.39,3.615,Unibet,odds_api_io,ensemble,,76.0,ensemble,insufficient_history,43.057,37.389,mid,passed_quality,74.0,
2026-04-23,soccer|portmore united|spanish town police|2026-04-23|btts|no|||2026-04-23T20:30:00+00:00,soccer|portmore united|spanish town police|2026-04-23|btts|no|||2026-04-23T20:30:00+00:00,2026-04-23T16:51:53.647837+00:00,2026-04-23T19:51:53.647837+03:00,2026-04-23,True,,,False,soccer|portmore united|spanish town police|2026-04-23,soccer,Jamaica - Premier League,Spanish Town Police FC,Portmore United,2026-04-23T20:30:00+00:00,2026-04-23T23:30:00+03:00,btts,Обе забьют: Нет,no,,,1.7,17.0,won,won,True,11.9,70.0,0:1,0.0,1.0,2026-04-24T07:08:30.191997+00:00,api_football,Spanish Town Police FC 0:1 Portmore United,direct,2026-04-24T07:08:30.191997+00:00,settled,,,,106.0,api_football,FT,Spanish Town Police vs Portmore United,0:1,,,88.41,64.89,54.05,10.837,10.315,63.68,1,1,btts_poisson,41.854,0.171,2.087,2.258,Unibet,odds_api_io,sstats,,68.0,,low_sample,0.0,0.0,mid,passed_quality,78.033,
2026-04-24,soccer|dalian kewei|shanghai second|2026-04-24|dnb|home|||2026-04-24T07:30:00+00:00,soccer|dalian kewei|shanghai second|2026-04-24|dnb|home|||2026-04-24T07:30:00+00:00,2026-04-23T20:13:56.189214+00:00,2026-04-23T23:13:56.189214+03:00,2026-04-23,True,,,False,soccer|dalian kewei|shanghai second|2026-04-24,soccer,China - China League 2,Shanghai Second,Dalian Kewei,2026-04-24T07:30:00+00:00,2026-04-24T10:30:00+03:00,dnb,Shanghai Second (0),home,,,3.25,14.0,push,push,,0.0,0.0,1:1,1.0,1.0,2026-04-24T10:55:15.661474+00:00,api_football,Shanghai Second 1:1 Dalian Kewei,direct,2026-04-24T10:55:15.661474+00:00,settled,,,,106.0,api_football,FT,Shanghai Second vs Dalian Kewei,1:1,,,49.8,38.97,30.56,8.409,26.658,69.52,2,1,h2h_ensemble,61.611,1.047,1.164,2.211,Bet365,odds_api_io,ensemble,,64.86,team_form,flat,7.844,4.945,mid,passed_quality,88.0,
2026-04-24,soccer|brisbane strikers|saint george willawong|2026-04-24|totals|under||2.5|2026-04-24T10:30:00+00:00,soccer|brisbane strikers|saint george willawong|2026-04-24|totals|under||2.5|2026-04-24T10:30:00+00:00,2026-04-24T07:12:57.773883+00:00,2026-04-24T10:12:57.773883+03:00,2026-04-24,True,,,False,soccer|brisbane strikers|saint george willawong|2026-04-24,soccer,Australia - Queensland Premier League 1,Brisbane Strikers FC,St George Willawong FC,2026-04-24T10:30:00+00:00,2026-04-24T13:30:00+03:00,totals,Меньше,under,,2.5,2.75,21.0,pending,pending,,,,,,,,,,,2026-04-24T15:21:45.428213+00:00,no_match,,no_positive_candidate,70.0,,,,,,,,59.98,41.17,34.37,6.802,13.217,72.5,2,1,xg_total,57.891,1.759,0.588,2.346,Bet365,odds_api_io,ensemble,,75.17,team_form,insufficient_history,2.815,2.098,mid,passed_quality_last_resort,79.507,"[""quality_last_resort_publish""]"
2026-04-24,f3364b63e7e042ff3be46032,f3364b63e7e042ff3be46032,,,,True,,,False,soccer|kolos kovalivka|poltava|2026-04-24,soccer,Ukraine - Premier League,Kolos Kovalivka,SC Poltava,2026-04-24T12:30:00+00:00,2026-04-24T15:30:00+03:00,teamTotals,Kolos Kovalivka ТМ 1.5,under,home,1.5,2.8,5.0,pending,pending,,,,,,,,,,,,,,,,,,,,,,,72.22,37.75,32.2,5.547,5.701,61.65,1,1,team_total_poisson,36.094,1.037,0.322,1.359,Unibet,odds_api_io,sstats_form,,65.0,team_form,low_sample,0.0,0.0,mid,rejected_by_quality_filters,54.603,"[""bad_historical_segment_guard""]"
