match_key,market_key,family,selection,point,team_side,best_price,consensus_fair_odds,books,sources,snapshots_count,dispersion_pct,steam_score
soccer|sigma olomouc|sparta prague|2026-06-11,h2h|sparta prague||home,h2h,Sparta Prague,,home,1.74,1.74,"[""Unibet""]","[""odds_api_io""]",1,,
soccer|sigma olomouc|sparta prague|2026-06-11,h2h|draw||,h2h,Draw,,,3.75,3.75,"[""Unibet""]","[""odds_api_io""]",1,,
soccer|sigma olomouc|sparta prague|2026-06-11,h2h|sigma olomouc||away,h2h,Sigma Olomouc,,away,3.55,3.55,"[""Unibet""]","[""odds_api_io""]",1,,
soccer|sigma olomouc|sparta prague|2026-06-11,doubleChance|1x||,doubleChance,1X,,,1.19,1.19,"[""Unibet""]","[""odds_api_io""]",1,,
soccer|sigma olomouc|sparta prague|2026-06-11,doubleChance|12||,doubleChance,12,,,1.17,1.17,"[""Unibet""]","[""odds_api_io""]",1,,
soccer|sigma olomouc|sparta prague|2026-06-11,doubleChance|x2||,doubleChance,X2,,,1.83,1.83,"[""Unibet""]","[""odds_api_io""]",1,,
soccer|sigma olomouc|sparta prague|2026-06-11,totals|over|3.50|,totals,Over,3.5,,1.97,1.97,"[""Unibet""]","[""odds_api_io""]",1,,
soccer|sigma olomouc|sparta prague|2026-06-11,totals|under|3.50|,totals,Under,3.5,,1.68,1.68,"[""Unibet""]","[""odds_api_io""]",1,,
soccer|sigma olomouc|sparta prague|2026-06-11,totals|over|2.50|,totals,Over,2.5,,1.38,1.38,"[""Unibet""]","[""odds_api_io""]",1,,
soccer|sigma olomouc|sparta prague|2026-06-11,totals|under|2.50|,totals,Under,2.5,,2.7,2.7,"[""Unibet""]","[""odds_api_io""]",1,,
soccer|sigma olomouc|sparta prague|2026-06-11,totals|over|4.50|,totals,Over,4.5,,3.2,3.2,"[""Unibet""]","[""odds_api_io""]",1,,
soccer|sigma olomouc|sparta prague|2026-06-11,totals|under|4.50|,totals,Under,4.5,,1.27,1.27,"[""Unibet""]","[""odds_api_io""]",1,,
soccer|nam dinh|tp ho chi minh city|2026-06-11,h2h|nam dinh||home,h2h,Nam Dinh,,home,1.88,1.8202,"[""Bet365"", ""Betfair Exchange"", ""Sbobet""]","[""odds_api_io""]",3,4.712,
soccer|nam dinh|tp ho chi minh city|2026-06-11,h2h|draw||,h2h,Draw,,,3.3,3.0455,"[""Bet365"", ""Betfair Exchange"", ""Sbobet""]","[""odds_api_io""]",3,4.662,
soccer|nam dinh|tp ho chi minh city|2026-06-11,h2h|tp ho chi minh city fc||away,h2h,TP Ho Chi Minh City FC,,away,5.0,4.2795,"[""Bet365"", ""Betfair Exchange"", ""Sbobet""]","[""odds_api_io""]",3,8.902,
soccer|nam dinh|tp ho chi minh city|2026-06-11,dnb|nam dinh|0.00|home,dnb,Nam Dinh,0.0,home,1.33,1.3075,"[""Bet365"", ""Betfair Exchange""]","[""odds_api_io""]",2,2.633,
soccer|nam dinh|tp ho chi minh city|2026-06-11,dnb|tp ho chi minh city fc|0.00|away,dnb,TP Ho Chi Minh City FC,0.0,away,3.5,3.3952,"[""Bet365"", ""Betfair Exchange""]","[""odds_api_io""]",2,1.732,
soccer|nam dinh|tp ho chi minh city|2026-06-11,spreads|nam dinh|-0.50|home,spreads,Nam Dinh,-0.5,home,1.88,1.8462,"[""Bet365"", ""Betfair Exchange"", ""Sbobet""]","[""odds_api_io""]",3,2.364,
soccer|nam dinh|tp ho chi minh city|2026-06-11,spreads|tp ho chi minh city fc|0.50|away,spreads,TP Ho Chi Minh City FC,0.5,away,2.0,1.9526,"[""Bet365"", ""Betfair Exchange"", ""Sbobet""]","[""odds_api_io""]",3,2.632,
soccer|nam dinh|tp ho chi minh city|2026-06-11,totals|over|2.25|,totals,Over,2.25,,2.03,1.9462,"[""Bet365"", ""Betfair Exchange"", ""Sbobet""]","[""odds_api_io""]",3,4.072,
soccer|nam dinh|tp ho chi minh city|2026-06-11,totals|under|2.25|,totals,Under,2.25,,1.925,1.8424,"[""Bet365"", ""Betfair Exchange"", ""Sbobet""]","[""odds_api_io""]",3,5.195,
soccer|nam dinh|tp ho chi minh city|2026-06-11,totals|over|2.50|,totals,Over,2.5,,2.22,2.1594,"[""Bet365"", ""Betfair Exchange""]","[""odds_api_io""]",2,2.574,
soccer|nam dinh|tp ho chi minh city|2026-06-11,totals|under|2.50|,totals,Under,2.5,,1.71,1.7051,"[""Bet365"", ""Betfair Exchange""]","[""odds_api_io""]",2,0.344,
soccer|nam dinh|tp ho chi minh city|2026-06-11,spreads|nam dinh|-2.50|home,spreads,Nam Dinh,-2.5,home,8.69,7.0528,"[""Bet365"", ""Betfair Exchange""]","[""odds_api_io""]",2,5.442,
soccer|nam dinh|tp ho chi minh city|2026-06-11,spreads|tp ho chi minh city fc|2.50|away,spreads,TP Ho Chi Minh City FC,2.5,away,1.13,1.104,"[""Bet365"", ""Betfair Exchange""]","[""odds_api_io""]",2,4.097,
soccer|nam dinh|tp ho chi minh city|2026-06-11,spreads|nam dinh|-2.25|home,spreads,Nam Dinh,-2.25,home,7.91,6.5097,"[""Bet365"", ""Betfair Exchange""]","[""odds_api_io""]",2,5.54,
soccer|nam dinh|tp ho chi minh city|2026-06-11,spreads|tp ho chi minh city fc|2.25|away,spreads,TP Ho Chi Minh City FC,2.25,away,1.15,1.1133,"[""Bet365"", ""Betfair Exchange""]","[""odds_api_io""]",2,5.636,
soccer|nam dinh|tp ho chi minh city|2026-06-11,spreads|nam dinh|-2.00|home,spreads,Nam Dinh,-2.0,home,8.6,6.5963,"[""Bet365"", ""Betfair Exchange""]","[""odds_api_io""]",3,8.372,
soccer|nam dinh|tp ho chi minh city|2026-06-11,spreads|tp ho chi minh city fc|2.00|away,spreads,TP Ho Chi Minh City FC,2.0,away,1.24,1.1634,"[""Bet365"", ""Betfair Exchange""]","[""odds_api_io""]",3,11.098,
soccer|nam dinh|tp ho chi minh city|2026-06-11,spreads|nam dinh|-1.75|home,spreads,Nam Dinh,-1.75,home,4.46,4.0515,"[""Bet365"", ""Betfair Exchange""]","[""odds_api_io""]",2,4.606,
soccer|nam dinh|tp ho chi minh city|2026-06-11,spreads|tp ho chi minh city fc|1.75|away,spreads,TP Ho Chi Minh City FC,1.75,away,1.26,1.2125,"[""Bet365"", ""Betfair Exchange""]","[""odds_api_io""]",2,6.105,
soccer|nam dinh|tp ho chi minh city|2026-06-11,spreads|nam dinh|-1.50|home,spreads,Nam Dinh,-1.5,home,3.4,3.1911,"[""Bet365"", ""Betfair Exchange""]","[""odds_api_io""]",2,3.922,
soccer|nam dinh|tp ho chi minh city|2026-06-11,spreads|tp ho chi minh city fc|1.50|away,spreads,TP Ho Chi Minh City FC,1.5,away,1.375,1.3028,"[""Bet365"", ""Betfair Exchange""]","[""odds_api_io""]",2,7.918,
soccer|nam dinh|tp ho chi minh city|2026-06-11,spreads|nam dinh|-1.25|home,spreads,Nam Dinh,-1.25,home,2.98,2.822,"[""Bet365"", ""Betfair Exchange""]","[""odds_api_io""]",2,3.826,
soccer|nam dinh|tp ho chi minh city|2026-06-11,spreads|tp ho chi minh city fc|1.25|away,spreads,TP Ho Chi Minh City FC,1.25,away,1.45,1.3696,"[""Bet365"", ""Betfair Exchange""]","[""odds_api_io""]",2,7.958,
soccer|nam dinh|tp ho chi minh city|2026-06-11,spreads|nam dinh|-1.00|home,spreads,Nam Dinh,-1.0,home,3.4,2.7214,"[""Bet365"", ""Betfair Exchange""]","[""odds_api_io""]",3,12.693,
soccer|nam dinh|tp ho chi minh city|2026-06-11,spreads|tp ho chi minh city fc|1.00|away,spreads,TP Ho Chi Minh City FC,1.0,away,1.96,1.6008,"[""Bet365"", ""Betfair Exchange""]","[""odds_api_io""]",3,20.922,
soccer|nam dinh|tp ho chi minh city|2026-06-11,spreads|nam dinh|-0.75|home,spreads,Nam Dinh,-0.75,home,2.11,2.0674,"[""Bet365"", ""Betfair Exchange""]","[""odds_api_io""]",2,1.989,
soccer|nam dinh|tp ho chi minh city|2026-06-11,spreads|tp ho chi minh city fc|0.75|away,spreads,TP Ho Chi Minh City FC,0.75,away,6.0,2.5862,"[""Bet365"", ""Betfair Exchange""]","[""odds_api_io""]",2,43.214,
soccer|nam dinh|tp ho chi minh city|2026-06-11,spreads|nam dinh|-0.25|home,spreads,Nam Dinh,-0.25,home,1.59,1.5701,"[""Bet365"", ""Betfair Exchange""]","[""odds_api_io""]",2,1.623,
soccer|nam dinh|tp ho chi minh city|2026-06-11,spreads|tp ho chi minh city fc|0.25|away,spreads,TP Ho Chi Minh City FC,0.25,away,4.0,2.9467,"[""Bet365"", ""Betfair Exchange""]","[""odds_api_io""]",2,17.553,
soccer|nam dinh|tp ho chi minh city|2026-06-11,spreads|nam dinh|0.00|home,spreads,Nam Dinh,0.0,home,1.33,1.3151,"[""Bet365"", ""Betfair Exchange""]","[""odds_api_io""]",2,1.735,
soccer|nam dinh|tp ho chi minh city|2026-06-11,spreads|tp ho chi minh city fc|-0.00|away,spreads,TP Ho Chi Minh City FC,-0.0,away,3.45,3.372,"[""Bet365"", ""Betfair Exchange""]","[""odds_api_io""]",2,1.318,
soccer|nam dinh|tp ho chi minh city|2026-06-11,spreads|nam dinh|0.25|home,spreads,Nam Dinh,0.25,home,1.26,1.2451,"[""Bet365"", ""Betfair Exchange""]","[""odds_api_io""]",2,1.936,
soccer|nam dinh|tp ho chi minh city|2026-06-11,spreads|tp ho chi minh city fc|-0.25|away,spreads,TP Ho Chi Minh City FC,-0.25,away,4.0,2.9943,"[""Bet365"", ""Betfair Exchange""]","[""odds_api_io""]",2,17.105,
soccer|nam dinh|tp ho chi minh city|2026-06-11,spreads|nam dinh|0.50|home,spreads,Nam Dinh,0.5,home,1.21,1.2001,"[""Bet365"", ""Betfair Exchange""]","[""odds_api_io""]",2,1.389,
soccer|nam dinh|tp ho chi minh city|2026-06-11,spreads|tp ho chi minh city fc|-0.50|away,spreads,TP Ho Chi Minh City FC,-0.5,away,4.7,4.5996,"[""Bet365"", ""Betfair Exchange""]","[""odds_api_io""]",2,0.946,
soccer|nam dinh|tp ho chi minh city|2026-06-11,spreads|nam dinh|0.75|home,spreads,Nam Dinh,0.75,home,1.13,1.1275,"[""Bet365"", ""Betfair Exchange""]","[""odds_api_io""]",2,0.393,
soccer|nam dinh|tp ho chi minh city|2026-06-11,spreads|tp ho chi minh city fc|-0.75|away,spreads,TP Ho Chi Minh City FC,-0.75,away,6.48,2.8159,"[""Bet365"", ""Betfair Exchange""]","[""odds_api_io""]",2,40.906,
soccer|nam dinh|tp ho chi minh city|2026-06-11,doubleChance|1x||,doubleChance,1X,,,1.21,1.21,"[""Betfair Exchange""]","[""odds_api_io""]",1,,
soccer|nam dinh|tp ho chi minh city|2026-06-11,doubleChance|12||,doubleChance,12,,,1.34,1.34,"[""Betfair Exchange""]","[""odds_api_io""]",1,,
soccer|nam dinh|tp ho chi minh city|2026-06-11,doubleChance|x2||,doubleChance,X2,,,1.96,1.96,"[""Betfair Exchange""]","[""odds_api_io""]",1,,
soccer|nam dinh|tp ho chi minh city|2026-06-11,spreads|nam dinh|-2.75|home,spreads,Nam Dinh,-2.75,home,12.52,12.52,"[""Betfair Exchange""]","[""odds_api_io""]",1,,
soccer|nam dinh|tp ho chi minh city|2026-06-11,spreads|tp ho chi minh city fc|2.75|away,spreads,TP Ho Chi Minh City FC,2.75,away,1.05,1.05,"[""Betfair Exchange""]","[""odds_api_io""]",1,,
soccer|nam dinh|tp ho chi minh city|2026-06-11,spreads|nam dinh|2.50|home,spreads,Nam Dinh,2.5,home,1.01,1.01,"[""Betfair Exchange""]","[""odds_api_io""]",1,,
soccer|nam dinh|tp ho chi minh city|2026-06-11,spreads|tp ho chi minh city fc|-2.50|away,spreads,TP Ho Chi Minh City FC,-2.5,away,51.0,51.0,"[""Betfair Exchange""]","[""odds_api_io""]",1,,
soccer|nam dinh|tp ho chi minh city|2026-06-11,spreads|nam dinh|1.50|home,spreads,Nam Dinh,1.5,home,1.04,1.04,"[""Betfair Exchange""]","[""odds_api_io""]",1,,
soccer|nam dinh|tp ho chi minh city|2026-06-11,spreads|tp ho chi minh city fc|-1.50|away,spreads,TP Ho Chi Minh City FC,-1.5,away,13.5,13.5,"[""Betfair Exchange""]","[""odds_api_io""]",1,,
soccer|nam dinh|tp ho chi minh city|2026-06-11,spreads|nam dinh|1.25|home,spreads,Nam Dinh,1.25,home,1.05,1.05,"[""Betfair Exchange""]","[""odds_api_io""]",1,,
soccer|nam dinh|tp ho chi minh city|2026-06-11,spreads|tp ho chi minh city fc|-1.25|away,spreads,TP Ho Chi Minh City FC,-1.25,away,12.56,12.56,"[""Betfair Exchange""]","[""odds_api_io""]",1,,
soccer|nam dinh|tp ho chi minh city|2026-06-11,spreads|nam dinh|2.25|home,spreads,Nam Dinh,2.25,home,1.01,1.01,"[""Betfair Exchange""]","[""odds_api_io""]",1,,
soccer|nam dinh|tp ho chi minh city|2026-06-11,spreads|tp ho chi minh city fc|-2.25|away,spreads,TP Ho Chi Minh City FC,-2.25,away,49.61,49.61,"[""Betfair Exchange""]","[""odds_api_io""]",1,,
soccer|nam dinh|tp ho chi minh city|2026-06-11,spreads|nam dinh|-3.75|home,spreads,Nam Dinh,-3.75,home,14.83,14.83,"[""Betfair Exchange""]","[""odds_api_io""]",1,,
soccer|nam dinh|tp ho chi minh city|2026-06-11,spreads|tp ho chi minh city fc|3.75|away,spreads,TP Ho Chi Minh City FC,3.75,away,1.01,1.01,"[""Betfair Exchange""]","[""odds_api_io""]",1,,
soccer|nam dinh|tp ho chi minh city|2026-06-11,spreads|nam dinh|-3.00|home,spreads,Nam Dinh,-3.0,home,14.5,14.3075,"[""Betfair Exchange""]","[""odds_api_io""]",2,0.186,
soccer|nam dinh|tp ho chi minh city|2026-06-11,spreads|tp ho chi minh city fc|3.00|away,spreads,TP Ho Chi Minh City FC,3.0,away,1.08,1.0491,"[""Betfair Exchange""]","[""odds_api_io""]",2,5.447,
soccer|nam dinh|tp ho chi minh city|2026-06-11,spreads|nam dinh|-3.50|home,spreads,Nam Dinh,-3.5,home,14.83,14.83,"[""Betfair Exchange""]","[""odds_api_io""]",1,,
soccer|nam dinh|tp ho chi minh city|2026-06-11,spreads|tp ho chi minh city fc|3.50|away,spreads,TP Ho Chi Minh City FC,3.5,away,1.02,1.02,"[""Betfair Exchange""]","[""odds_api_io""]",1,,
soccer|nam dinh|tp ho chi minh city|2026-06-11,spreads|nam dinh|1.00|home,spreads,Nam Dinh,1.0,home,1.21,1.1243,"[""Betfair Exchange""]","[""odds_api_io""]",2,12.593,
soccer|nam dinh|tp ho chi minh city|2026-06-11,spreads|tp ho chi minh city fc|-1.00|away,spreads,TP Ho Chi Minh City FC,-1.0,away,13.5,12.4896,"[""Betfair Exchange""]","[""odds_api_io""]",2,1.198,
soccer|nam dinh|tp ho chi minh city|2026-06-11,spreads|nam dinh|2.00|home,spreads,Nam Dinh,2.0,home,1.04,1.0248,"[""Betfair Exchange""]","[""odds_api_io""]",2,2.856,
soccer|nam dinh|tp ho chi minh city|2026-06-11,spreads|tp ho chi minh city fc|-2.00|away,spreads,TP Ho Chi Minh City FC,-2.0,away,50.0,49.0939,"[""Betfair Exchange""]","[""odds_api_io""]",2,0.074,
soccer|nam dinh|tp ho chi minh city|2026-06-11,spreads|nam dinh|-3.25|home,spreads,Nam Dinh,-3.25,home,14.47,14.47,"[""Betfair Exchange""]","[""odds_api_io""]",1,,
soccer|nam dinh|tp ho chi minh city|2026-06-11,spreads|tp ho chi minh city fc|3.25|away,spreads,TP Ho Chi Minh City FC,3.25,away,1.02,1.02,"[""Betfair Exchange""]","[""odds_api_io""]",1,,
soccer|nam dinh|tp ho chi minh city|2026-06-11,spreads|nam dinh|1.75|home,spreads,Nam Dinh,1.75,home,1.02,1.02,"[""Betfair Exchange""]","[""odds_api_io""]",1,,
soccer|nam dinh|tp ho chi minh city|2026-06-11,spreads|tp ho chi minh city fc|-1.75|away,spreads,TP Ho Chi Minh City FC,-1.75,away,21.24,21.24,"[""Betfair Exchange""]","[""odds_api_io""]",1,,
soccer|nam dinh|tp ho chi minh city|2026-06-11,totals|over|0.75|,totals,Over,0.75,,1.1,1.1,"[""Betfair Exchange""]","[""odds_api_io""]",1,,
soccer|nam dinh|tp ho chi minh city|2026-06-11,totals|under|0.75|,totals,Under,0.75,,6.57,6.57,"[""Betfair Exchange""]","[""odds_api_io""]",1,,
soccer|nam dinh|tp ho chi minh city|2026-06-11,totals|over|6.75|,totals,Over,6.75,,10.09,10.09,"[""Betfair Exchange""]","[""odds_api_io""]",1,,
soccer|nam dinh|tp ho chi minh city|2026-06-11,totals|under|6.75|,totals,Under,6.75,,1.01,1.01,"[""Betfair Exchange""]","[""odds_api_io""]",1,,
soccer|nam dinh|tp ho chi minh city|2026-06-11,totals|over|3.50|,totals,Over,3.5,,4.03,4.03,"[""Betfair Exchange""]","[""odds_api_io""]",1,,
soccer|nam dinh|tp ho chi minh city|2026-06-11,totals|under|3.50|,totals,Under,3.5,,1.23,1.23,"[""Betfair Exchange""]","[""odds_api_io""]",1,,
soccer|nam dinh|tp ho chi minh city|2026-06-11,totals|over|4.75|,totals,Over,4.75,,10.09,10.09,"[""Betfair Exchange""]","[""odds_api_io""]",1,,
soccer|nam dinh|tp ho chi minh city|2026-06-11,totals|under|4.75|,totals,Under,4.75,,1.05,1.05,"[""Betfair Exchange""]","[""odds_api_io""]",1,,
soccer|nam dinh|tp ho chi minh city|2026-06-11,totals|over|6.00|,totals,Over,6.0,,10.09,10.09,"[""Betfair Exchange""]","[""odds_api_io""]",1,,
soccer|nam dinh|tp ho chi minh city|2026-06-11,totals|under|6.00|,totals,Under,6.0,,1.01,1.01,"[""Betfair Exchange""]","[""odds_api_io""]",1,,
soccer|nam dinh|tp ho chi minh city|2026-06-11,totals|over|5.75|,totals,Over,5.75,,10.09,10.09,"[""Betfair Exchange""]","[""odds_api_io""]",1,,
soccer|nam dinh|tp ho chi minh city|2026-06-11,totals|under|5.75|,totals,Under,5.75,,1.01,1.01,"[""Betfair Exchange""]","[""odds_api_io""]",1,,
soccer|nam dinh|tp ho chi minh city|2026-06-11,totals|over|5.00|,totals,Over,5.0,,10.09,10.09,"[""Betfair Exchange""]","[""odds_api_io""]",1,,
soccer|nam dinh|tp ho chi minh city|2026-06-11,totals|under|5.00|,totals,Under,5.0,,1.01,1.01,"[""Betfair Exchange""]","[""odds_api_io""]",1,,
soccer|nam dinh|tp ho chi minh city|2026-06-11,totals|over|4.25|,totals,Over,4.25,,9.33,9.33,"[""Betfair Exchange""]","[""odds_api_io""]",1,,
soccer|nam dinh|tp ho chi minh city|2026-06-11,totals|under|4.25|,totals,Under,4.25,,1.08,1.08,"[""Betfair Exchange""]","[""odds_api_io""]",1,,
soccer|nam dinh|tp ho chi minh city|2026-06-11,totals|over|1.50|,totals,Over,1.5,,1.43,1.43,"[""Betfair Exchange""]","[""odds_api_io""]",1,,
soccer|nam dinh|tp ho chi minh city|2026-06-11,totals|under|1.50|,totals,Under,1.5,,2.92,2.92,"[""Betfair Exchange""]","[""odds_api_io""]",1,,
soccer|nam dinh|tp ho chi minh city|2026-06-11,totals|over|4.00|,totals,Over,4.0,,8.58,8.58,"[""Betfair Exchange""]","[""odds_api_io""]",1,,
soccer|nam dinh|tp ho chi minh city|2026-06-11,totals|under|4.00|,totals,Under,4.0,,1.08,1.08,"[""Betfair Exchange""]","[""odds_api_io""]",1,,
soccer|nam dinh|tp ho chi minh city|2026-06-11,totals|over|2.75|,totals,Over,2.75,,2.58,2.58,"[""Betfair Exchange""]","[""odds_api_io""]",1,,
soccer|nam dinh|tp ho chi minh city|2026-06-11,totals|under|2.75|,totals,Under,2.75,,1.42,1.42,"[""Betfair Exchange""]","[""odds_api_io""]",1,,
soccer|nam dinh|tp ho chi minh city|2026-06-11,totals|over|0.50|,totals,Over,0.5,,1.09,1.09,"[""Betfair Exchange""]","[""odds_api_io""]",1,,
soccer|nam dinh|tp ho chi minh city|2026-06-11,totals|under|0.50|,totals,Under,0.5,,8.14,8.14,"[""Betfair Exchange""]","[""odds_api_io""]",1,,
soccer|nam dinh|tp ho chi minh city|2026-06-11,totals|over|5.25|,totals,Over,5.25,,10.09,10.09,"[""Betfair Exchange""]","[""odds_api_io""]",1,,
soccer|nam dinh|tp ho chi minh city|2026-06-11,totals|under|5.25|,totals,Under,5.25,,1.01,1.01,"[""Betfair Exchange""]","[""odds_api_io""]",1,,
soccer|nam dinh|tp ho chi minh city|2026-06-11,totals|over|6.50|,totals,Over,6.5,,10.09,10.09,"[""Betfair Exchange""]","[""odds_api_io""]",1,,
soccer|nam dinh|tp ho chi minh city|2026-06-11,totals|under|6.50|,totals,Under,6.5,,1.01,1.01,"[""Betfair Exchange""]","[""odds_api_io""]",1,,
soccer|nam dinh|tp ho chi minh city|2026-06-11,totals|over|5.50|,totals,Over,5.5,,10.09,10.09,"[""Betfair Exchange""]","[""odds_api_io""]",1,,
soccer|nam dinh|tp ho chi minh city|2026-06-11,totals|under|5.50|,totals,Under,5.5,,1.01,1.01,"[""Betfair Exchange""]","[""odds_api_io""]",1,,
soccer|nam dinh|tp ho chi minh city|2026-06-11,totals|over|4.50|,totals,Over,4.5,,10.09,10.09,"[""Betfair Exchange""]","[""odds_api_io""]",1,,
soccer|nam dinh|tp ho chi minh city|2026-06-11,totals|under|4.50|,totals,Under,4.5,,1.08,1.08,"[""Betfair Exchange""]","[""odds_api_io""]",1,,
soccer|nam dinh|tp ho chi minh city|2026-06-11,totals|over|3.00|,totals,Over,3.0,,3.25,3.25,"[""Betfair Exchange""]","[""odds_api_io""]",1,,
soccer|nam dinh|tp ho chi minh city|2026-06-11,totals|under|3.00|,totals,Under,3.0,,1.29,1.29,"[""Betfair Exchange""]","[""odds_api_io""]",1,,
soccer|nam dinh|tp ho chi minh city|2026-06-11,totals|over|1.00|,totals,Over,1.0,,1.11,1.11,"[""Betfair Exchange""]","[""odds_api_io""]",1,,
soccer|nam dinh|tp ho chi minh city|2026-06-11,totals|under|1.00|,totals,Under,1.0,,6.06,6.06,"[""Betfair Exchange""]","[""odds_api_io""]",1,,
soccer|nam dinh|tp ho chi minh city|2026-06-11,totals|over|3.25|,totals,Over,3.25,,3.64,3.64,"[""Betfair Exchange""]","[""odds_api_io""]",1,,
soccer|nam dinh|tp ho chi minh city|2026-06-11,totals|under|3.25|,totals,Under,3.25,,1.26,1.26,"[""Betfair Exchange""]","[""odds_api_io""]",1,,
soccer|nam dinh|tp ho chi minh city|2026-06-11,totals|over|1.25|,totals,Over,1.25,,1.27,1.27,"[""Betfair Exchange""]","[""odds_api_io""]",1,,
soccer|nam dinh|tp ho chi minh city|2026-06-11,totals|under|1.25|,totals,Under,1.25,,3.78,3.78,"[""Betfair Exchange""]","[""odds_api_io""]",1,,
soccer|nam dinh|tp ho chi minh city|2026-06-11,totals|over|3.75|,totals,Over,3.75,,5.33,5.33,"[""Betfair Exchange""]","[""odds_api_io""]",1,,
soccer|nam dinh|tp ho chi minh city|2026-06-11,totals|under|3.75|,totals,Under,3.75,,1.15,1.15,"[""Betfair Exchange""]","[""odds_api_io""]",1,,
soccer|nam dinh|tp ho chi minh city|2026-06-11,totals|over|6.25|,totals,Over,6.25,,10.09,10.09,"[""Betfair Exchange""]","[""odds_api_io""]",1,,
soccer|nam dinh|tp ho chi minh city|2026-06-11,totals|under|6.25|,totals,Under,6.25,,1.01,1.01,"[""Betfair Exchange""]","[""odds_api_io""]",1,,
soccer|nam dinh|tp ho chi minh city|2026-06-11,totals|over|2.00|,totals,Over,2.0,,1.66,1.66,"[""Betfair Exchange""]","[""odds_api_io""]",1,,
soccer|nam dinh|tp ho chi minh city|2026-06-11,totals|under|2.00|,totals,Under,2.0,,2.08,2.08,"[""Betfair Exchange""]","[""odds_api_io""]",1,,
soccer|nam dinh|tp ho chi minh city|2026-06-11,totals|over|1.75|,totals,Over,1.75,,1.52,1.52,"[""Betfair Exchange""]","[""odds_api_io""]",1,,
soccer|nam dinh|tp ho chi minh city|2026-06-11,totals|under|1.75|,totals,Under,1.75,,2.35,2.35,"[""Betfair Exchange""]","[""odds_api_io""]",1,,
soccer|nam dinh|tp ho chi minh city|2026-06-11,btts|yes||,btts,Yes,,,1.99,1.99,"[""Betfair Exchange""]","[""odds_api_io""]",1,,
soccer|nam dinh|tp ho chi minh city|2026-06-11,btts|no||,btts,No,,,1.76,1.76,"[""Betfair Exchange""]","[""odds_api_io""]",1,,
soccer|nam dinh|tp ho chi minh city|2026-06-11,spreads|nam dinh|3.00|home,spreads,Nam Dinh,3.0,home,1.01,1.01,"[""Betfair Exchange""]","[""odds_api_io""]",1,,
soccer|nam dinh|tp ho chi minh city|2026-06-11,spreads|tp ho chi minh city fc|-3.00|away,spreads,TP Ho Chi Minh City FC,-3.0,away,1.01,1.01,"[""Betfair Exchange""]","[""odds_api_io""]",1,,
soccer|japan|venezuela|2026-06-11,h2h|venezuela||home,h2h,Venezuela,,home,5.3,4.8746,"[""Bet365"", ""Betfair Exchange""]","[""odds_api_io""]",2,3.354,
soccer|japan|venezuela|2026-06-11,h2h|draw||,h2h,Draw,,,4.333,4.3161,"[""Bet365"", ""Betfair Exchange""]","[""odds_api_io""]",2,0.177,
soccer|japan|venezuela|2026-06-11,h2h|japan||away,h2h,Japan,,away,1.571,1.5705,"[""Bet365"", ""Betfair Exchange""]","[""odds_api_io""]",2,0.041,
soccer|japan|venezuela|2026-06-11,dnb|venezuela|0.00|home,dnb,Venezuela,0.0,home,3.75,3.75,"[""Bet365""]","[""odds_api_io""]",1,,
soccer|japan|venezuela|2026-06-11,dnb|japan|0.00|away,dnb,Japan,0.0,away,1.25,1.25,"[""Bet365""]","[""odds_api_io""]",1,,
soccer|japan|venezuela|2026-06-11,spreads|venezuela|1.00|home,spreads,Venezuela,1.0,home,2.25,2.0153,"[""Bet365""]","[""odds_api_io""]",2,10.35,
soccer|japan|venezuela|2026-06-11,spreads|japan|-1.00|away,spreads,Japan,-1.0,away,1.975,1.975,"[""Bet365""]","[""odds_api_io""]",1,,
soccer|japan|venezuela|2026-06-11,totals|over|2.75|,totals,Over,2.75,,1.8,1.8,"[""Bet365""]","[""odds_api_io""]",1,,
soccer|japan|venezuela|2026-06-11,totals|under|2.75|,totals,Under,2.75,,2.0,2.0,"[""Bet365""]","[""odds_api_io""]",1,,
soccer|japan|venezuela|2026-06-11,totals|over|2.50|,totals,Over,2.5,,1.65,1.65,"[""Bet365""]","[""odds_api_io""]",1,,
soccer|japan|venezuela|2026-06-11,totals|under|2.50|,totals,Under,2.5,,2.2,2.2,"[""Bet365""]","[""odds_api_io""]",1,,
soccer|japan|venezuela|2026-06-11,btts|yes||,btts,Yes,,,1.727,1.3756,"[""Bet365"", ""Betfair Exchange""]","[""odds_api_io""]",2,29.053,
soccer|japan|venezuela|2026-06-11,btts|no||,btts,No,,,2.0,1.4368,"[""Bet365"", ""Betfair Exchange""]","[""odds_api_io""]",2,38.496,
soccer|japan|venezuela|2026-06-11,spreads|japan|1.00|away,spreads,Japan,1.0,away,2.4,2.4,"[""Bet365""]","[""odds_api_io""]",1,,
soccer|japan|venezuela|2026-06-11,teamTotals|over|5.50|,teamTotals,Over,5.5,,15.0,15.0,"[""Bet365""]","[""odds_api_io""]",1,,
soccer|japan|venezuela|2026-06-11,teamTotals|under|5.50|,teamTotals,Under,5.5,,1.01,1.01,"[""Bet365""]","[""odds_api_io""]",1,,
soccer|japan|venezuela|2026-06-11,teamTotals|over|0.50|,teamTotals,Over,0.5,,1.5,1.2857,"[""Bet365""]","[""odds_api_io""]",2,22.222,
soccer|japan|venezuela|2026-06-11,teamTotals|under|0.50|,teamTotals,Under,0.5,,5.5,3.4375,"[""Bet365""]","[""odds_api_io""]",2,21.818,
soccer|japan|venezuela|2026-06-11,teamTotals|over|1.50|,teamTotals,Over,1.5,,3.4,2.1898,"[""Bet365""]","[""odds_api_io""]",2,32.508,
soccer|japan|venezuela|2026-06-11,teamTotals|under|1.50|,teamTotals,Under,1.5,,2.2,1.6343,"[""Bet365""]","[""odds_api_io""]",2,31.469,
soccer|japan|venezuela|2026-06-11,teamTotals|over|2.50|,teamTotals,Over,2.5,,8.0,4.093,"[""Bet365""]","[""odds_api_io""]",2,23.864,
soccer|japan|venezuela|2026-06-11,teamTotals|under|2.50|,teamTotals,Under,2.5,,1.4,1.2078,"[""Bet365""]","[""odds_api_io""]",2,22.733,
soccer|japan|venezuela|2026-06-11,teamTotals|over|3.50|,teamTotals,Over,3.5,,15.0,8.0488,"[""Bet365""]","[""odds_api_io""]",2,11.515,
soccer|japan|venezuela|2026-06-11,teamTotals|under|3.50|,teamTotals,Under,3.5,,1.125,1.0644,"[""Bet365""]","[""odds_api_io""]",2,10.121,
soccer|japan|venezuela|2026-06-11,teamTotals|over|4.50|,teamTotals,Over,4.5,,9.0,9.0,"[""Bet365""]","[""odds_api_io""]",1,,
soccer|japan|venezuela|2026-06-11,teamTotals|under|4.50|,teamTotals,Under,4.5,,1.04,1.04,"[""Bet365""]","[""odds_api_io""]",1,,
soccer|japan|venezuela|2026-06-11,spreads|venezuela|-0.75|home,spreads,Venezuela,-0.75,home,6.0,6.0,"[""Bet365""]","[""odds_api_io""]",1,,
soccer|japan|venezuela|2026-06-11,spreads|japan|0.75|away,spreads,Japan,0.75,away,1.725,1.725,"[""Bet365""]","[""odds_api_io""]",1,,
soccer|japan|venezuela|2026-06-11,spreads|venezuela|-0.50|home,spreads,Venezuela,-0.5,home,4.4,4.4,"[""Bet365""]","[""odds_api_io""]",1,,
soccer|japan|venezuela|2026-06-11,spreads|japan|0.50|away,spreads,Japan,0.5,away,1.575,1.575,"[""Bet365""]","[""odds_api_io""]",1,,
soccer|japan|venezuela|2026-06-11,spreads|venezuela|-0.25|home,spreads,Venezuela,-0.25,home,4.1,4.1,"[""Bet365""]","[""odds_api_io""]",1,,
soccer|japan|venezuela|2026-06-11,spreads|japan|0.25|away,spreads,Japan,0.25,away,1.425,1.425,"[""Bet365""]","[""odds_api_io""]",1,,
soccer|japan|venezuela|2026-06-11,spreads|venezuela|0.00|home,spreads,Venezuela,0.0,home,3.55,3.55,"[""Bet365""]","[""odds_api_io""]",1,,
soccer|japan|venezuela|2026-06-11,spreads|japan|-0.00|away,spreads,Japan,-0.0,away,1.275,1.275,"[""Bet365""]","[""odds_api_io""]",1,,
soccer|japan|venezuela|2026-06-11,spreads|venezuela|0.25|home,spreads,Venezuela,0.25,home,2.75,2.75,"[""Bet365""]","[""odds_api_io""]",1,,
soccer|japan|venezuela|2026-06-11,spreads|japan|-0.25|away,spreads,Japan,-0.25,away,1.225,1.225,"[""Bet365""]","[""odds_api_io""]",1,,
soccer|japan|venezuela|2026-06-11,spreads|venezuela|0.50|home,spreads,Venezuela,0.5,home,2.35,2.35,"[""Bet365""]","[""odds_api_io""]",1,,
soccer|japan|venezuela|2026-06-11,spreads|japan|-0.50|away,spreads,Japan,-0.5,away,1.2,1.2,"[""Bet365""]","[""odds_api_io""]",1,,
soccer|japan|venezuela|2026-06-11,spreads|venezuela|0.75|home,spreads,Venezuela,0.75,home,2.075,2.075,"[""Bet365""]","[""odds_api_io""]",1,,
soccer|japan|venezuela|2026-06-11,spreads|japan|-0.75|away,spreads,Japan,-0.75,away,1.125,1.125,"[""Bet365""]","[""odds_api_io""]",1,,
soccer|japan|venezuela|2026-06-11,spreads|venezuela|1.25|home,spreads,Venezuela,1.25,home,1.625,1.625,"[""Bet365""]","[""odds_api_io""]",1,,
soccer|japan|venezuela|2026-06-11,spreads|japan|-1.25|away,spreads,Japan,-1.25,away,2.25,2.25,"[""Bet365""]","[""odds_api_io""]",1,,
soccer|japan|venezuela|2026-06-11,spreads|venezuela|1.50|home,spreads,Venezuela,1.5,home,1.5,1.5,"[""Bet365""]","[""odds_api_io""]",1,,
soccer|japan|venezuela|2026-06-11,spreads|japan|-1.50|away,spreads,Japan,-1.5,away,2.5,2.5,"[""Bet365""]","[""odds_api_io""]",1,,
soccer|japan|venezuela|2026-06-11,spreads|venezuela|1.75|home,spreads,Venezuela,1.75,home,1.375,1.375,"[""Bet365""]","[""odds_api_io""]",1,,
soccer|japan|venezuela|2026-06-11,spreads|japan|-1.75|away,spreads,Japan,-1.75,away,3.0,3.0,"[""Bet365""]","[""odds_api_io""]",1,,
soccer|japan|venezuela|2026-06-11,spreads|venezuela|2.00|home,spreads,Venezuela,2.0,home,1.25,1.1151,"[""Bet365"", ""Betfair Exchange""]","[""odds_api_io""]",2,19.01,
soccer|japan|venezuela|2026-06-11,spreads|japan|-2.00|away,spreads,Japan,-2.0,away,3.8,1.5792,"[""Bet365"", ""Betfair Exchange""]","[""odds_api_io""]",2,72.694,
soccer|japan|venezuela|2026-06-11,spreads|venezuela|2.25|home,spreads,Venezuela,2.25,home,1.21,1.21,"[""Bet365""]","[""odds_api_io""]",1,,
soccer|japan|venezuela|2026-06-11,spreads|japan|-2.25|away,spreads,Japan,-2.25,away,4.25,4.25,"[""Bet365""]","[""odds_api_io""]",1,,
soccer|japan|venezuela|2026-06-11,spreads|venezuela|2.50|home,spreads,Venezuela,2.5,home,1.19,1.19,"[""Bet365""]","[""odds_api_io""]",1,,
soccer|japan|venezuela|2026-06-11,spreads|japan|-2.50|away,spreads,Japan,-2.5,away,4.5,4.5,"[""Bet365""]","[""odds_api_io""]",1,,
soccer|japan|venezuela|2026-06-11,spreads|venezuela|2.75|home,spreads,Venezuela,2.75,home,1.13,1.13,"[""Bet365""]","[""odds_api_io""]",1,,
soccer|japan|venezuela|2026-06-11,spreads|japan|-2.75|away,spreads,Japan,-2.75,away,5.9,5.9,"[""Bet365""]","[""odds_api_io""]",1,,
soccer|japan|venezuela|2026-06-11,totals|over|3.00|,totals,Over,3.0,,1.85,1.85,"[""Bet365""]","[""odds_api_io""]",1,,
soccer|japan|venezuela|2026-06-11,totals|under|3.00|,totals,Under,3.0,,1.95,1.95,"[""Bet365""]","[""odds_api_io""]",1,,
soccer|karvina|vysocina jihlava|2026-06-11,h2h|vysocina jihlava||home,h2h,Vysocina Jihlava,,home,3.35,3.35,"[""Unibet""]","[""odds_api_io""]",1,,
soccer|karvina|vysocina jihlava|2026-06-11,h2h|draw||,h2h,Draw,,,3.75,3.75,"[""Unibet""]","[""odds_api_io""]",1,,
soccer|karvina|vysocina jihlava|2026-06-11,h2h|karvina||away,h2h,Karvina,,away,1.79,1.79,"[""Unibet""]","[""odds_api_io""]",1,,
soccer|karvina|vysocina jihlava|2026-06-11,doubleChance|1x||,doubleChance,1X,,,1.78,1.78,"[""Unibet""]","[""odds_api_io""]",1,,
soccer|karvina|vysocina jihlava|2026-06-11,doubleChance|12||,doubleChance,12,,,1.17,1.17,"[""Unibet""]","[""odds_api_io""]",1,,
soccer|karvina|vysocina jihlava|2026-06-11,doubleChance|x2||,doubleChance,X2,,,1.21,1.21,"[""Unibet""]","[""odds_api_io""]",1,,
soccer|karvina|vysocina jihlava|2026-06-11,totals|over|3.50|,totals,Over,3.5,,1.84,1.84,"[""Unibet""]","[""odds_api_io""]",1,,
soccer|karvina|vysocina jihlava|2026-06-11,totals|under|3.50|,totals,Under,3.5,,1.8,1.8,"[""Unibet""]","[""odds_api_io""]",1,,
soccer|karvina|vysocina jihlava|2026-06-11,totals|over|2.50|,totals,Over,2.5,,1.33,1.33,"[""Unibet""]","[""odds_api_io""]",1,,
soccer|karvina|vysocina jihlava|2026-06-11,totals|under|2.50|,totals,Under,2.5,,2.88,2.88,"[""Unibet""]","[""odds_api_io""]",1,,
soccer|karvina|vysocina jihlava|2026-06-11,totals|over|4.50|,totals,Over,4.5,,2.88,2.88,"[""Unibet""]","[""odds_api_io""]",1,,
soccer|karvina|vysocina jihlava|2026-06-11,totals|under|4.50|,totals,Under,4.5,,1.33,1.33,"[""Unibet""]","[""odds_api_io""]",1,,
soccer|karvina|vysocina jihlava|2026-06-11,totals|over|5.50|,totals,Over,5.5,,4.8,4.8,"[""Unibet""]","[""odds_api_io""]",1,,
soccer|karvina|vysocina jihlava|2026-06-11,totals|under|5.50|,totals,Under,5.5,,1.12,1.12,"[""Unibet""]","[""odds_api_io""]",1,,
soccer|cong viettel|ninh binh|2026-06-11,h2h|ninh binh||home,h2h,Ninh Binh,,home,2.46,2.3522,"[""Bet365"", ""Betfair Exchange"", ""Sbobet""]","[""odds_api_io""]",3,2.828,
soccer|cong viettel|ninh binh|2026-06-11,h2h|draw||,h2h,Draw,,,2.98,2.8658,"[""Bet365"", ""Betfair Exchange"", ""Sbobet""]","[""odds_api_io""]",3,2.157,
soccer|cong viettel|ninh binh|2026-06-11,h2h|the cong - viettel||away,h2h,The Cong - Viettel,,away,3.15,2.9387,"[""Bet365"", ""Betfair Exchange"", ""Sbobet""]","[""odds_api_io""]",3,6.422,
soccer|cong viettel|ninh binh|2026-06-11,dnb|ninh binh|0.00|home,dnb,Ninh Binh,0.0,home,1.65,1.6326,"[""Bet365"", ""Betfair Exchange""]","[""odds_api_io""]",2,1.313,
soccer|cong viettel|ninh binh|2026-06-11,dnb|the cong - viettel|0.00|away,dnb,The Cong - Viettel,0.0,away,2.2,2.169,"[""Bet365"", ""Betfair Exchange""]","[""odds_api_io""]",2,1.274,
soccer|cong viettel|ninh binh|2026-06-11,spreads|ninh binh|-0.25|home,spreads,Ninh Binh,-0.25,home,2.08,2.0548,"[""Bet365"", ""Betfair Exchange"", ""Sbobet""]","[""odds_api_io""]",3,1.306,
soccer|cong viettel|ninh binh|2026-06-11,spreads|the cong - viettel|0.25|away,spreads,The Cong - Viettel,0.25,away,1.775,1.7446,"[""Bet365"", ""Betfair Exchange"", ""Sbobet""]","[""odds_api_io""]",3,2.486,
soccer|cong viettel|ninh binh|2026-06-11,totals|over|2.00|,totals,Over,2.0,,1.75,1.7449,"[""Bet365"", ""Betfair Exchange""]","[""odds_api_io""]",2,0.328,
soccer|cong viettel|ninh binh|2026-06-11,totals|under|2.00|,totals,Under,2.0,,2.05,1.9978,"[""Bet365"", ""Betfair Exchange""]","[""odds_api_io""]",2,2.502,
soccer|cong viettel|ninh binh|2026-06-11,totals|over|2.50|,totals,Over,2.5,,2.42,2.3851,"[""Bet365"", ""Betfair Exchange""]","[""odds_api_io""]",2,1.231,
soccer|cong viettel|ninh binh|2026-06-11,totals|under|2.50|,totals,Under,2.5,,1.61,1.5906,"[""Bet365"", ""Betfair Exchange""]","[""odds_api_io""]",2,1.542,
soccer|cong viettel|ninh binh|2026-06-11,spreads|ninh binh|-0.50|home,spreads,Ninh Binh,-0.5,home,2.46,2.4047,"[""Bet365"", ""Betfair Exchange""]","[""odds_api_io""]",2,1.903,
soccer|cong viettel|ninh binh|2026-06-11,spreads|the cong - viettel|0.50|away,spreads,The Cong - Viettel,0.5,away,3.1,2.072,"[""Bet365"", ""Betfair Exchange""]","[""odds_api_io""]",2,31.436,
soccer|cong viettel|ninh binh|2026-06-11,spreads|ninh binh|0.00|home,spreads,Ninh Binh,0.0,home,1.65,1.65,"[""Bet365"", ""Betfair Exchange""]","[""odds_api_io""]",2,,
soccer|cong viettel|ninh binh|2026-06-11,spreads|the cong - viettel|-0.00|away,spreads,The Cong - Viettel,-0.0,away,2.2,2.169,"[""Bet365"", ""Betfair Exchange""]","[""odds_api_io""]",2,1.274,
soccer|cong viettel|ninh binh|2026-06-11,spreads|ninh binh|0.25|home,spreads,Ninh Binh,0.25,home,1.46,1.4551,"[""Bet365"", ""Betfair Exchange""]","[""odds_api_io""]",2,0.472,
soccer|cong viettel|ninh binh|2026-06-11,spreads|the cong - viettel|-0.25|away,spreads,The Cong - Viettel,-0.25,away,2.675,2.6622,"[""Bet365"", ""Betfair Exchange""]","[""odds_api_io""]",2,0.353,
soccer|cong viettel|ninh binh|2026-06-11,spreads|ninh binh|0.50|home,spreads,Ninh Binh,0.5,home,1.36,1.3551,"[""Bet365"", ""Betfair Exchange""]","[""odds_api_io""]",2,0.545,
soccer|cong viettel|ninh binh|2026-06-11,spreads|the cong - viettel|-0.50|away,spreads,The Cong - Viettel,-0.5,away,3.15,2.1128,"[""Bet365"", ""Betfair Exchange""]","[""odds_api_io""]",2,31.746,
soccer|cong viettel|ninh binh|2026-06-11,spreads|ninh binh|0.75|home,spreads,Ninh Binh,0.75,home,1.24,1.2349,"[""Bet365"", ""Betfair Exchange""]","[""odds_api_io""]",2,0.656,
soccer|cong viettel|ninh binh|2026-06-11,spreads|the cong - viettel|-0.75|away,spreads,The Cong - Viettel,-0.75,away,4.06,2.1282,"[""Bet365"", ""Betfair Exchange""]","[""odds_api_io""]",2,45.545,
soccer|cong viettel|ninh binh|2026-06-11,spreads|ninh binh|1.00|home,spreads,Ninh Binh,1.0,home,1.36,1.1943,"[""Bet365"", ""Betfair Exchange""]","[""odds_api_io""]",3,16.561,
soccer|cong viettel|ninh binh|2026-06-11,spreads|the cong - viettel|-1.00|away,spreads,The Cong - Viettel,-1.0,away,7.8,2.8185,"[""Bet365"", ""Betfair Exchange""]","[""odds_api_io""]",3,66.545,
soccer|cong viettel|ninh binh|2026-06-11,spreads|ninh binh|1.25|home,spreads,Ninh Binh,1.25,home,1.125,1.1069,"[""Bet365"", ""Betfair Exchange""]","[""odds_api_io""]",2,2.854,
soccer|cong viettel|ninh binh|2026-06-11,spreads|the cong - viettel|-1.25|away,spreads,The Cong - Viettel,-1.25,away,7.06,2.1075,"[""Bet365"", ""Betfair Exchange""]","[""odds_api_io""]",2,67.803,
soccer|cong viettel|ninh binh|2026-06-11,spreads|ninh binh|1.50|home,spreads,Ninh Binh,1.5,home,1.11,1.0945,"[""Bet365"", ""Betfair Exchange""]","[""odds_api_io""]",2,2.503,
soccer|cong viettel|ninh binh|2026-06-11,spreads|the cong - viettel|-1.50|away,spreads,The Cong - Viettel,-1.5,away,7.8,2.0929,"[""Bet365"", ""Betfair Exchange""]","[""odds_api_io""]",2,71.213,
soccer|cong viettel|ninh binh|2026-06-11,spreads|ninh binh|-1.75|home,spreads,Ninh Binh,-1.75,home,6.82,6.3351,"[""Bet365"", ""Betfair Exchange""]","[""odds_api_io""]",2,2.286,
soccer|cong viettel|ninh binh|2026-06-11,spreads|the cong - viettel|1.75|away,spreads,The Cong - Viettel,1.75,away,1.13,1.1093,"[""Bet365"", ""Betfair Exchange""]","[""odds_api_io""]",2,3.248,
soccer|cong viettel|ninh binh|2026-06-11,spreads|ninh binh|-1.50|home,spreads,Ninh Binh,-1.5,home,4.9,4.6951,"[""Bet365"", ""Betfair Exchange""]","[""odds_api_io""]",2,1.814,
soccer|cong viettel|ninh binh|2026-06-11,spreads|the cong - viettel|1.50|away,spreads,The Cong - Viettel,1.5,away,6.6,1.9196,"[""Bet365"", ""Betfair Exchange""]","[""odds_api_io""]",2,72.568,
soccer|cong viettel|ninh binh|2026-06-11,spreads|ninh binh|-1.25|home,spreads,Ninh Binh,-1.25,home,4.4,4.2736,"[""Bet365"", ""Betfair Exchange""]","[""odds_api_io""]",2,1.369,
soccer|cong viettel|ninh binh|2026-06-11,spreads|the cong - viettel|1.25|away,spreads,The Cong - Viettel,1.25,away,6.0,1.9345,"[""Bet365"", ""Betfair Exchange""]","[""odds_api_io""]",2,68.803,
soccer|cong viettel|ninh binh|2026-06-11,spreads|ninh binh|-1.00|home,spreads,Ninh Binh,-1.0,home,4.9,4.1107,"[""Bet365"", ""Betfair Exchange""]","[""odds_api_io""]",3,6.619,
soccer|cong viettel|ninh binh|2026-06-11,spreads|the cong - viettel|1.00|away,spreads,The Cong - Viettel,1.0,away,5.75,1.8097,"[""Bet365"", ""Betfair Exchange""]","[""odds_api_io""]",3,65.942,
soccer|cong viettel|ninh binh|2026-06-11,spreads|ninh binh|-0.75|home,spreads,Ninh Binh,-0.75,home,2.94,2.8436,"[""Bet365"", ""Betfair Exchange""]","[""odds_api_io""]",2,2.35,
soccer|cong viettel|ninh binh|2026-06-11,spreads|the cong - viettel|0.75|away,spreads,The Cong - Viettel,0.75,away,3.9,2.032,"[""Bet365"", ""Betfair Exchange""]","[""odds_api_io""]",2,46.301,
soccer|cong viettel|ninh binh|2026-06-11,doubleChance|1x||,doubleChance,1X,,,1.36,1.36,"[""Betfair Exchange""]","[""odds_api_io""]",1,,
soccer|cong viettel|ninh binh|2026-06-11,doubleChance|12||,doubleChance,12,,,1.4,1.4,"[""Betfair Exchange""]","[""odds_api_io""]",1,,
soccer|cong viettel|ninh binh|2026-06-11,doubleChance|x2||,doubleChance,X2,,,1.57,1.57,"[""Betfair Exchange""]","[""odds_api_io""]",1,,
soccer|cong viettel|ninh binh|2026-06-11,spreads|ninh binh|2.00|home,spreads,Ninh Binh,2.0,home,1.08,1.0491,"[""Betfair Exchange""]","[""odds_api_io""]",2,5.447,
soccer|cong viettel|ninh binh|2026-06-11,spreads|the cong - viettel|-2.00|away,spreads,The Cong - Viettel,-2.0,away,26.0,25.0086,"[""Betfair Exchange""]","[""odds_api_io""]",2,0.305,
soccer|cong viettel|ninh binh|2026-06-11,spreads|ninh binh|2.25|home,spreads,Ninh Binh,2.25,home,1.02,1.02,"[""Betfair Exchange""]","[""odds_api_io""]",1,,
soccer|cong viettel|ninh binh|2026-06-11,spreads|the cong - viettel|-2.25|away,spreads,The Cong - Viettel,-2.25,away,25.29,25.29,"[""Betfair Exchange""]","[""odds_api_io""]",1,,
soccer|cong viettel|ninh binh|2026-06-11,spreads|ninh binh|-2.75|home,spreads,Ninh Binh,-2.75,home,22.36,22.36,"[""Betfair Exchange""]","[""odds_api_io""]",1,,
soccer|cong viettel|ninh binh|2026-06-11,spreads|the cong - viettel|2.75|away,spreads,The Cong - Viettel,2.75,away,1.02,1.02,"[""Betfair Exchange""]","[""odds_api_io""]",1,,
soccer|cong viettel|ninh binh|2026-06-11,spreads|ninh binh|-3.25|home,spreads,Ninh Binh,-3.25,home,24.91,24.91,"[""Betfair Exchange""]","[""odds_api_io""]",1,,
soccer|cong viettel|ninh binh|2026-06-11,spreads|the cong - viettel|3.25|away,spreads,The Cong - Viettel,3.25,away,1.01,1.01,"[""Betfair Exchange""]","[""odds_api_io""]",1,,
soccer|cong viettel|ninh binh|2026-06-11,spreads|ninh binh|-2.25|home,spreads,Ninh Binh,-2.25,home,13.53,13.53,"[""Betfair Exchange""]","[""odds_api_io""]",1,,
soccer|cong viettel|ninh binh|2026-06-11,spreads|the cong - viettel|2.25|away,spreads,The Cong - Viettel,2.25,away,1.04,1.04,"[""Betfair Exchange""]","[""odds_api_io""]",1,,
soccer|cong viettel|ninh binh|2026-06-11,spreads|ninh binh|-2.50|home,spreads,Ninh Binh,-2.5,home,14.5,14.5,"[""Betfair Exchange""]","[""odds_api_io""]",1,,
soccer|cong viettel|ninh binh|2026-06-11,spreads|the cong - viettel|2.50|away,spreads,The Cong - Viettel,2.5,away,1.04,1.04,"[""Betfair Exchange""]","[""odds_api_io""]",1,,
soccer|cong viettel|ninh binh|2026-06-11,spreads|ninh binh|2.50|home,spreads,Ninh Binh,2.5,home,1.02,1.02,"[""Betfair Exchange""]","[""odds_api_io""]",1,,
soccer|cong viettel|ninh binh|2026-06-11,spreads|the cong - viettel|-2.50|away,spreads,The Cong - Viettel,-2.5,away,26.49,26.49,"[""Betfair Exchange""]","[""odds_api_io""]",1,,
soccer|cong viettel|ninh binh|2026-06-11,spreads|ninh binh|1.75|home,spreads,Ninh Binh,1.75,home,1.05,1.05,"[""Betfair Exchange""]","[""odds_api_io""]",1,,
soccer|cong viettel|ninh binh|2026-06-11,spreads|the cong - viettel|-1.75|away,spreads,The Cong - Viettel,-1.75,away,11.55,11.55,"[""Betfair Exchange""]","[""odds_api_io""]",1,,
soccer|cong viettel|ninh binh|2026-06-11,spreads|ninh binh|-3.00|home,spreads,Ninh Binh,-3.0,home,25.0,24.7628,"[""Betfair Exchange""]","[""odds_api_io""]",2,0.077,
soccer|cong viettel|ninh binh|2026-06-11,spreads|the cong - viettel|3.00|away,spreads,The Cong - Viettel,3.0,away,1.04,1.0248,"[""Betfair Exchange""]","[""odds_api_io""]",2,2.856,
soccer|cong viettel|ninh binh|2026-06-11,spreads|ninh binh|-2.00|home,spreads,Ninh Binh,-2.0,home,14.5,13.449,"[""Betfair Exchange""]","[""odds_api_io""]",2,1.078,
soccer|cong viettel|ninh binh|2026-06-11,spreads|the cong - viettel|2.00|away,spreads,The Cong - Viettel,2.0,away,1.14,1.0877,"[""Betfair Exchange""]","[""odds_api_io""]",2,8.435,
soccer|cong viettel|ninh binh|2026-06-11,spreads|ninh binh|-3.50|home,spreads,Ninh Binh,-3.5,home,25.28,25.28,"[""Betfair Exchange""]","[""odds_api_io""]",1,,
soccer|cong viettel|ninh binh|2026-06-11,spreads|the cong - viettel|3.50|away,spreads,The Cong - Viettel,3.5,away,1.01,1.01,"[""Betfair Exchange""]","[""odds_api_io""]",1,,
soccer|cong viettel|ninh binh|2026-06-11,spreads|ninh binh|2.75|home,spreads,Ninh Binh,2.75,home,1.01,1.01,"[""Betfair Exchange""]","[""odds_api_io""]",1,,
soccer|cong viettel|ninh binh|2026-06-11,spreads|the cong - viettel|-2.75|away,spreads,The Cong - Viettel,-2.75,away,32.91,32.91,"[""Betfair Exchange""]","[""odds_api_io""]",1,,
soccer|cong viettel|ninh binh|2026-06-11,totals|over|4.25|,totals,Over,4.25,,9.45,9.45,"[""Betfair Exchange""]","[""odds_api_io""]",1,,
soccer|cong viettel|ninh binh|2026-06-11,totals|under|4.25|,totals,Under,4.25,,1.07,1.07,"[""Betfair Exchange""]","[""odds_api_io""]",1,,
soccer|cong viettel|ninh binh|2026-06-11,totals|over|6.50|,totals,Over,6.5,,51.0,51.0,"[""Betfair Exchange""]","[""odds_api_io""]",1,,
soccer|cong viettel|ninh binh|2026-06-11,totals|under|6.50|,totals,Under,6.5,,1.01,1.01,"[""Betfair Exchange""]","[""odds_api_io""]",1,,
soccer|cong viettel|ninh binh|2026-06-11,totals|over|1.50|,totals,Over,1.5,,1.44,1.44,"[""Betfair Exchange""]","[""odds_api_io""]",1,,
soccer|cong viettel|ninh binh|2026-06-11,totals|under|1.50|,totals,Under,1.5,,2.9,2.9,"[""Betfair Exchange""]","[""odds_api_io""]",1,,
soccer|cong viettel|ninh binh|2026-06-11,totals|over|2.75|,totals,Over,2.75,,2.83,2.83,"[""Betfair Exchange""]","[""odds_api_io""]",1,,
soccer|cong viettel|ninh binh|2026-06-11,totals|under|2.75|,totals,Under,2.75,,1.39,1.39,"[""Betfair Exchange""]","[""odds_api_io""]",1,,
soccer|cong viettel|ninh binh|2026-06-11,totals|over|3.75|,totals,Over,3.75,,5.78,5.78,"[""Betfair Exchange""]","[""odds_api_io""]",1,,
soccer|cong viettel|ninh binh|2026-06-11,totals|under|3.75|,totals,Under,3.75,,1.13,1.13,"[""Betfair Exchange""]","[""odds_api_io""]",1,,
soccer|cong viettel|ninh binh|2026-06-11,totals|over|1.25|,totals,Over,1.25,,1.28,1.28,"[""Betfair Exchange""]","[""odds_api_io""]",1,,
soccer|cong viettel|ninh binh|2026-06-11,totals|under|1.25|,totals,Under,1.25,,3.72,3.72,"[""Betfair Exchange""]","[""odds_api_io""]",1,,
soccer|cong viettel|ninh binh|2026-06-11,totals|over|6.00|,totals,Over,6.0,,50.03,50.03,"[""Betfair Exchange""]","[""odds_api_io""]",1,,
soccer|cong viettel|ninh binh|2026-06-11,totals|under|6.00|,totals,Under,6.0,,1.01,1.01,"[""Betfair Exchange""]","[""odds_api_io""]",1,,
soccer|cong viettel|ninh binh|2026-06-11,totals|over|5.75|,totals,Over,5.75,,34.11,34.11,"[""Betfair Exchange""]","[""odds_api_io""]",1,,
soccer|cong viettel|ninh binh|2026-06-11,totals|under|5.75|,totals,Under,5.75,,1.01,1.01,"[""Betfair Exchange""]","[""odds_api_io""]",1,,
soccer|cong viettel|ninh binh|2026-06-11,totals|over|0.50|,totals,Over,0.5,,1.1,1.1,"[""Betfair Exchange""]","[""odds_api_io""]",1,,
soccer|cong viettel|ninh binh|2026-06-11,totals|under|0.50|,totals,Under,0.5,,7.25,7.25,"[""Betfair Exchange""]","[""odds_api_io""]",1,,
soccer|cong viettel|ninh binh|2026-06-11,totals|over|0.75|,totals,Over,0.75,,1.11,1.11,"[""Betfair Exchange""]","[""odds_api_io""]",1,,
soccer|cong viettel|ninh binh|2026-06-11,totals|under|0.75|,totals,Under,0.75,,6.32,6.32,"[""Betfair Exchange""]","[""odds_api_io""]",1,,
soccer|cong viettel|ninh binh|2026-06-11,totals|over|6.25|,totals,Over,6.25,,50.52,50.52,"[""Betfair Exchange""]","[""odds_api_io""]",1,,
soccer|cong viettel|ninh binh|2026-06-11,totals|under|6.25|,totals,Under,6.25,,1.01,1.01,"[""Betfair Exchange""]","[""odds_api_io""]",1,,
soccer|cong viettel|ninh binh|2026-06-11,totals|over|5.25|,totals,Over,5.25,,25.21,25.21,"[""Betfair Exchange""]","[""odds_api_io""]",1,,
soccer|cong viettel|ninh binh|2026-06-11,totals|under|5.25|,totals,Under,5.25,,1.01,1.01,"[""Betfair Exchange""]","[""odds_api_io""]",1,,
soccer|cong viettel|ninh binh|2026-06-11,totals|over|4.75|,totals,Over,4.75,,14.09,14.09,"[""Betfair Exchange""]","[""odds_api_io""]",1,,
soccer|cong viettel|ninh binh|2026-06-11,totals|under|4.75|,totals,Under,4.75,,1.04,1.04,"[""Betfair Exchange""]","[""odds_api_io""]",1,,
soccer|cong viettel|ninh binh|2026-06-11,totals|over|3.25|,totals,Over,3.25,,4.02,4.02,"[""Betfair Exchange""]","[""odds_api_io""]",1,,
soccer|cong viettel|ninh binh|2026-06-11,totals|under|3.25|,totals,Under,3.25,,1.25,1.25,"[""Betfair Exchange""]","[""odds_api_io""]",1,,
soccer|cong viettel|ninh binh|2026-06-11,totals|over|1.00|,totals,Over,1.0,,1.13,1.13,"[""Betfair Exchange""]","[""odds_api_io""]",1,,
soccer|cong viettel|ninh binh|2026-06-11,totals|under|1.00|,totals,Under,1.0,,5.79,5.79,"[""Betfair Exchange""]","[""odds_api_io""]",1,,
soccer|cong viettel|ninh binh|2026-06-11,totals|over|4.50|,totals,Over,4.5,,10.09,10.09,"[""Betfair Exchange""]","[""odds_api_io""]",1,,
soccer|cong viettel|ninh binh|2026-06-11,totals|under|4.50|,totals,Under,4.5,,1.07,1.07,"[""Betfair Exchange""]","[""odds_api_io""]",1,,
soccer|cong viettel|ninh binh|2026-06-11,totals|over|3.00|,totals,Over,3.0,,3.61,3.61,"[""Betfair Exchange""]","[""odds_api_io""]",1,,
soccer|cong viettel|ninh binh|2026-06-11,totals|under|3.00|,totals,Under,3.0,,1.28,1.28,"[""Betfair Exchange""]","[""odds_api_io""]",1,,
soccer|cong viettel|ninh binh|2026-06-11,totals|over|2.25|,totals,Over,2.25,,2.08,2.0399,"[""Betfair Exchange"", ""Sbobet""]","[""odds_api_io""]",2,1.923,
soccer|cong viettel|ninh binh|2026-06-11,totals|under|2.25|,totals,Under,2.25,,1.78,1.7594,"[""Betfair Exchange"", ""Sbobet""]","[""odds_api_io""]",2,1.291,
soccer|cong viettel|ninh binh|2026-06-11,totals|over|3.50|,totals,Over,3.5,,4.44,4.44,"[""Betfair Exchange""]","[""odds_api_io""]",1,,
soccer|cong viettel|ninh binh|2026-06-11,totals|under|3.50|,totals,Under,3.5,,1.23,1.23,"[""Betfair Exchange""]","[""odds_api_io""]",1,,
soccer|cong viettel|ninh binh|2026-06-11,totals|over|5.50|,totals,Over,5.5,,26.0,26.0,"[""Betfair Exchange""]","[""odds_api_io""]",1,,
soccer|cong viettel|ninh binh|2026-06-11,totals|under|5.50|,totals,Under,5.5,,1.01,1.01,"[""Betfair Exchange""]","[""odds_api_io""]",1,,
soccer|cong viettel|ninh binh|2026-06-11,totals|over|5.00|,totals,Over,5.0,,24.42,24.42,"[""Betfair Exchange""]","[""odds_api_io""]",1,,
soccer|cong viettel|ninh binh|2026-06-11,totals|under|5.00|,totals,Under,5.0,,1.01,1.01,"[""Betfair Exchange""]","[""odds_api_io""]",1,,
soccer|cong viettel|ninh binh|2026-06-11,totals|over|1.75|,totals,Over,1.75,,1.55,1.55,"[""Betfair Exchange""]","[""odds_api_io""]",1,,
soccer|cong viettel|ninh binh|2026-06-11,totals|under|1.75|,totals,Under,1.75,,2.24,2.24,"[""Betfair Exchange""]","[""odds_api_io""]",1,,
soccer|cong viettel|ninh binh|2026-06-11,totals|over|4.00|,totals,Over,4.0,,8.82,8.82,"[""Betfair Exchange""]","[""odds_api_io""]",1,,
soccer|cong viettel|ninh binh|2026-06-11,totals|under|4.00|,totals,Under,4.0,,1.08,1.08,"[""Betfair Exchange""]","[""odds_api_io""]",1,,
soccer|cong viettel|ninh binh|2026-06-11,btts|yes||,btts,Yes,,,1.93,1.93,"[""Betfair Exchange""]","[""odds_api_io""]",1,,
soccer|cong viettel|ninh binh|2026-06-11,btts|no||,btts,No,,,1.86,1.86,"[""Betfair Exchange""]","[""odds_api_io""]",1,,
soccer|cong viettel|ninh binh|2026-06-11,spreads|ninh binh|3.00|home,spreads,Ninh Binh,3.0,home,1.02,1.02,"[""Betfair Exchange""]","[""odds_api_io""]",1,,
soccer|cong viettel|ninh binh|2026-06-11,spreads|the cong - viettel|-3.00|away,spreads,The Cong - Viettel,-3.0,away,44.0,44.0,"[""Betfair Exchange""]","[""odds_api_io""]",1,,
soccer|agama|highlanders|2026-06-11,h2h|highlanders fc||home,h2h,Highlanders FC,,home,1.65,1.6242,"[""Bet365"", ""Betfair Exchange""]","[""odds_api_io""]",2,1.894,
soccer|agama|highlanders|2026-06-11,h2h|draw||,h2h,Draw,,,3.2,2.9715,"[""Bet365"", ""Betfair Exchange""]","[""odds_api_io""]",2,4.721,
soccer|agama|highlanders|2026-06-11,h2h|agama fc||away,h2h,Agama FC,,away,5.25,3.3654,"[""Bet365"", ""Betfair Exchange""]","[""odds_api_io""]",2,20.952,
soccer|agama|highlanders|2026-06-11,dnb|highlanders fc|0.00|home,dnb,Highlanders FC,0.0,home,1.333,1.2505,"[""Bet365"", ""Betfair Exchange""]","[""odds_api_io""]",2,9.727,
soccer|agama|highlanders|2026-06-11,dnb|agama fc|0.00|away,dnb,Agama FC,0.0,away,3.25,2.1847,"[""Bet365"", ""Betfair Exchange""]","[""odds_api_io""]",2,29.472,
soccer|agama|highlanders|2026-06-11,spreads|highlanders fc|-0.50|home,spreads,Highlanders FC,-0.5,home,1.85,1.7137,"[""Bet365"", ""Betfair Exchange""]","[""odds_api_io""]",2,8.446,
soccer|agama|highlanders|2026-06-11,spreads|agama fc|0.50|away,spreads,Agama FC,0.5,away,1.95,1.7907,"[""Bet365"", ""Betfair Exchange""]","[""odds_api_io""]",2,8.959,
soccer|agama|highlanders|2026-06-11,totals|over|1.75|,totals,Over,1.75,,1.75,1.3529,"[""Bet365"", ""Betfair Exchange""]","[""odds_api_io""]",2,32.947,
soccer|agama|highlanders|2026-06-11,totals|under|1.75|,totals,Under,1.75,,2.05,1.5462,"[""Bet365"", ""Betfair Exchange""]","[""odds_api_io""]",2,31.22,
soccer|agama|highlanders|2026-06-11,totals|over|2.50|,totals,Over,2.5,,2.35,1.498,"[""Bet365"", ""Betfair Exchange""]","[""odds_api_io""]",2,47.537,
soccer|agama|highlanders|2026-06-11,totals|under|2.50|,totals,Under,2.5,,1.571,1.4486,"[""Bet365"", ""Betfair Exchange""]","[""odds_api_io""]",3,15.711,
soccer|agama|highlanders|2026-06-11,spreads|highlanders fc|-2.25|home,spreads,Highlanders FC,-2.25,home,6.8,2.5616,"[""Bet365"", ""Betfair Exchange""]","[""odds_api_io""]",2,47.794,
soccer|agama|highlanders|2026-06-11,spreads|agama fc|2.25|away,spreads,Agama FC,2.25,away,1.105,1.06,"[""Bet365"", ""Betfair Exchange""]","[""odds_api_io""]",2,7.541,
soccer|agama|highlanders|2026-06-11,spreads|highlanders fc|-2.00|home,spreads,Highlanders FC,-2.0,home,6.25,2.105,"[""Bet365"", ""Betfair Exchange""]","[""odds_api_io""]",3,46.893,
soccer|agama|highlanders|2026-06-11,spreads|agama fc|2.00|away,spreads,Agama FC,2.0,away,1.12,1.0668,"[""Bet365"", ""Betfair Exchange""]","[""odds_api_io""]",2,8.754,
soccer|agama|highlanders|2026-06-11,spreads|highlanders fc|-1.75|home,spreads,Highlanders FC,-1.75,home,4.25,2.2952,"[""Bet365"", ""Betfair Exchange""]","[""odds_api_io""]",2,39.364,
soccer|agama|highlanders|2026-06-11,spreads|agama fc|1.75|away,spreads,Agama FC,1.75,away,1.21,1.1052,"[""Bet365"", ""Betfair Exchange""]","[""odds_api_io""]",2,15.395,
soccer|agama|highlanders|2026-06-11,spreads|highlanders fc|-1.50|home,spreads,Highlanders FC,-1.5,home,3.45,2.1623,"[""Bet365"", ""Betfair Exchange""]","[""odds_api_io""]",2,33.908,
soccer|agama|highlanders|2026-06-11,spreads|agama fc|1.50|away,spreads,Agama FC,1.5,away,1.3,1.1406,"[""Bet365"", ""Betfair Exchange""]","[""odds_api_io""]",2,21.116,
soccer|agama|highlanders|2026-06-11,spreads|highlanders fc|-1.25|home,spreads,Highlanders FC,-1.25,home,3.0,2.0755,"[""Bet365"", ""Betfair Exchange""]","[""odds_api_io""]",2,29.167,
soccer|agama|highlanders|2026-06-11,spreads|agama fc|1.25|away,spreads,Agama FC,1.25,away,1.375,1.168,"[""Bet365"", ""Betfair Exchange""]","[""odds_api_io""]",2,25.312,
soccer|agama|highlanders|2026-06-11,spreads|highlanders fc|-1.00|home,spreads,Highlanders FC,-1.0,home,2.6,1.8244,"[""Bet365"", ""Betfair Exchange""]","[""odds_api_io""]",3,24.432,
soccer|agama|highlanders|2026-06-11,spreads|agama fc|1.00|away,spreads,Agama FC,1.0,away,1.66,1.331,"[""Bet365"", ""Betfair Exchange""]","[""odds_api_io""]",3,36.846,
soccer|agama|highlanders|2026-06-11,spreads|highlanders fc|-0.75|home,spreads,Highlanders FC,-0.75,home,2.1,1.8118,"[""Bet365"", ""Betfair Exchange""]","[""odds_api_io""]",2,14.881,
soccer|agama|highlanders|2026-06-11,spreads|agama fc|0.75|away,spreads,Agama FC,0.75,away,6.0,2.1657,"[""Bet365"", ""Betfair Exchange""]","[""odds_api_io""]",2,57.96,
soccer|agama|highlanders|2026-06-11,spreads|highlanders fc|-0.25|home,spreads,Highlanders FC,-0.25,home,1.6,1.4857,"[""Bet365"", ""Betfair Exchange""]","[""odds_api_io""]",2,9.442,
soccer|agama|highlanders|2026-06-11,spreads|agama fc|0.25|away,spreads,Agama FC,0.25,away,3.8,2.4271,"[""Bet365"", ""Betfair Exchange""]","[""odds_api_io""]",2,29.24,
soccer|agama|highlanders|2026-06-11,spreads|highlanders fc|0.00|home,spreads,Highlanders FC,0.0,home,1.325,1.247,"[""Bet365"", ""Betfair Exchange""]","[""odds_api_io""]",2,9.274,
soccer|agama|highlanders|2026-06-11,spreads|agama fc|-0.00|away,spreads,Agama FC,-0.0,away,3.3,2.1957,"[""Bet365"", ""Betfair Exchange""]","[""odds_api_io""]",2,29.938,
soccer|agama|highlanders|2026-06-11,spreads|highlanders fc|0.25|home,spreads,Highlanders FC,0.25,home,1.25,1.197,"[""Bet365"", ""Betfair Exchange""]","[""odds_api_io""]",2,6.957,
soccer|agama|highlanders|2026-06-11,spreads|agama fc|-0.25|away,spreads,Agama FC,-0.25,away,2.3,2.1825,"[""Bet365"", ""Betfair Exchange""]","[""odds_api_io""]",2,4.599,
soccer|agama|highlanders|2026-06-11,spreads|highlanders fc|0.50|home,spreads,Highlanders FC,0.5,home,1.2,1.1633,"[""Bet365"", ""Betfair Exchange""]","[""odds_api_io""]",2,5.162,
soccer|agama|highlanders|2026-06-11,spreads|agama fc|-0.50|away,spreads,Agama FC,-0.5,away,4.4,3.1725,"[""Bet365"", ""Betfair Exchange""]","[""odds_api_io""]",2,17.273,
soccer|agama|highlanders|2026-06-11,spreads|highlanders fc|0.75|home,spreads,Highlanders FC,0.75,home,1.125,1.0963,"[""Bet365"", ""Betfair Exchange""]","[""odds_api_io""]",2,4.569,
soccer|agama|highlanders|2026-06-11,spreads|agama fc|-0.75|away,spreads,Agama FC,-0.75,away,2.5,2.0308,"[""Bet365"", ""Betfair Exchange""]","[""odds_api_io""]",2,18.824,
soccer|agama|highlanders|2026-06-11,doubleChance|1x||,doubleChance,1X,,,1.13,1.13,"[""Betfair Exchange""]","[""odds_api_io""]",1,,
soccer|agama|highlanders|2026-06-11,doubleChance|12||,doubleChance,12,,,1.25,1.25,"[""Betfair Exchange""]","[""odds_api_io""]",1,,
soccer|agama|highlanders|2026-06-11,doubleChance|x2||,doubleChance,X2,,,1.66,1.66,"[""Betfair Exchange""]","[""odds_api_io""]",1,,
soccer|agama|highlanders|2026-06-11,spreads|highlanders fc|-2.75|home,spreads,Highlanders FC,-2.75,home,1.6,1.6,"[""Betfair Exchange""]","[""odds_api_io""]",1,,
soccer|agama|highlanders|2026-06-11,spreads|agama fc|2.75|away,spreads,Agama FC,2.75,away,1.01,1.01,"[""Betfair Exchange""]","[""odds_api_io""]",1,,
soccer|agama|highlanders|2026-06-11,spreads|highlanders fc|1.50|home,spreads,Highlanders FC,1.5,home,1.02,1.02,"[""Betfair Exchange""]","[""odds_api_io""]",1,,
soccer|agama|highlanders|2026-06-11,spreads|agama fc|-1.50|away,spreads,Agama FC,-1.5,away,2.5,2.5,"[""Betfair Exchange""]","[""odds_api_io""]",1,,
soccer|agama|highlanders|2026-06-11,spreads|highlanders fc|2.75|home,spreads,Highlanders FC,2.75,home,1.01,1.01,"[""Betfair Exchange""]","[""odds_api_io""]",1,,
soccer|agama|highlanders|2026-06-11,spreads|agama fc|-2.75|away,spreads,Agama FC,-2.75,away,2.5,2.5,"[""Betfair Exchange""]","[""odds_api_io""]",1,,
soccer|agama|highlanders|2026-06-11,spreads|highlanders fc|1.75|home,spreads,Highlanders FC,1.75,home,1.02,1.02,"[""Betfair Exchange""]","[""odds_api_io""]",1,,
soccer|agama|highlanders|2026-06-11,spreads|agama fc|-1.75|away,spreads,Agama FC,-1.75,away,2.5,2.5,"[""Betfair Exchange""]","[""odds_api_io""]",1,,
soccer|agama|highlanders|2026-06-11,spreads|highlanders fc|1.25|home,spreads,Highlanders FC,1.25,home,1.02,1.02,"[""Betfair Exchange""]","[""odds_api_io""]",1,,
soccer|agama|highlanders|2026-06-11,spreads|agama fc|-1.25|away,spreads,Agama FC,-1.25,away,2.5,2.5,"[""Betfair Exchange""]","[""odds_api_io""]",1,,
soccer|agama|highlanders|2026-06-11,spreads|highlanders fc|2.00|home,spreads,Highlanders FC,2.0,home,1.02,1.02,"[""Betfair Exchange""]","[""odds_api_io""]",1,,
soccer|agama|highlanders|2026-06-11,spreads|agama fc|-2.00|away,spreads,Agama FC,-2.0,away,2.5,2.5,"[""Betfair Exchange""]","[""odds_api_io""]",1,,
soccer|agama|highlanders|2026-06-11,spreads|highlanders fc|1.00|home,spreads,Highlanders FC,1.0,home,1.13,1.0722,"[""Betfair Exchange""]","[""odds_api_io""]",2,9.544,
soccer|agama|highlanders|2026-06-11,spreads|agama fc|-1.00|away,spreads,Agama FC,-1.0,away,2.5,2.5,"[""Betfair Exchange""]","[""odds_api_io""]",1,,
soccer|agama|highlanders|2026-06-11,spreads|highlanders fc|2.25|home,spreads,Highlanders FC,2.25,home,1.02,1.02,"[""Betfair Exchange""]","[""odds_api_io""]",1,,
soccer|agama|highlanders|2026-06-11,spreads|agama fc|-2.25|away,spreads,Agama FC,-2.25,away,2.49,2.49,"[""Betfair Exchange""]","[""odds_api_io""]",1,,
soccer|agama|highlanders|2026-06-11,spreads|highlanders fc|2.50|home,spreads,Highlanders FC,2.5,home,1.02,1.02,"[""Betfair Exchange""]","[""odds_api_io""]",1,,
soccer|agama|highlanders|2026-06-11,spreads|agama fc|-2.50|away,spreads,Agama FC,-2.5,away,2.5,2.5,"[""Betfair Exchange""]","[""odds_api_io""]",1,,
soccer|agama|highlanders|2026-06-11,spreads|highlanders fc|-2.50|home,spreads,Highlanders FC,-2.5,home,1.6,1.6,"[""Betfair Exchange""]","[""odds_api_io""]",1,,
soccer|agama|highlanders|2026-06-11,spreads|agama fc|2.50|away,spreads,Agama FC,2.5,away,1.02,1.02,"[""Betfair Exchange""]","[""odds_api_io""]",1,,
soccer|agama|highlanders|2026-06-11,totals|over|7.75|,totals,Over,7.75,,1.21,1.21,"[""Betfair Exchange""]","[""odds_api_io""]",1,,
soccer|agama|highlanders|2026-06-11,totals|under|7.75|,totals,Under,7.75,,2.74,2.74,"[""Betfair Exchange""]","[""odds_api_io""]",1,,
soccer|agama|highlanders|2026-06-11,totals|over|6.00|,totals,Over,6.0,,1.16,1.16,"[""Betfair Exchange""]","[""odds_api_io""]",1,,
soccer|agama|highlanders|2026-06-11,totals|under|6.00|,totals,Under,6.0,,1.01,1.01,"[""Betfair Exchange""]","[""odds_api_io""]",1,,
soccer|agama|highlanders|2026-06-11,totals|over|4.75|,totals,Over,4.75,,1.12,1.12,"[""Betfair Exchange""]","[""odds_api_io""]",1,,
soccer|agama|highlanders|2026-06-11,totals|under|4.75|,totals,Under,4.75,,1.01,1.01,"[""Betfair Exchange""]","[""odds_api_io""]",1,,
soccer|agama|highlanders|2026-06-11,totals|over|5.75|,totals,Over,5.75,,1.16,1.16,"[""Betfair Exchange""]","[""odds_api_io""]",1,,
soccer|agama|highlanders|2026-06-11,totals|under|5.75|,totals,Under,5.75,,1.01,1.01,"[""Betfair Exchange""]","[""odds_api_io""]",1,,
soccer|agama|highlanders|2026-06-11,totals|over|3.25|,totals,Over,3.25,,1.11,1.11,"[""Betfair Exchange""]","[""odds_api_io""]",1,,
soccer|agama|highlanders|2026-06-11,totals|under|3.25|,totals,Under,3.25,,1.19,1.19,"[""Betfair Exchange""]","[""odds_api_io""]",1,,
soccer|agama|highlanders|2026-06-11,totals|over|3.00|,totals,Over,3.0,,1.11,1.11,"[""Betfair Exchange""]","[""odds_api_io""]",1,,
soccer|agama|highlanders|2026-06-11,totals|under|3.00|,totals,Under,3.0,,1.19,1.19,"[""Betfair Exchange""]","[""odds_api_io""]",1,,
soccer|agama|highlanders|2026-06-11,totals|over|2.75|,totals,Over,2.75,,1.11,1.11,"[""Betfair Exchange""]","[""odds_api_io""]",1,,
soccer|agama|highlanders|2026-06-11,totals|under|2.75|,totals,Under,2.75,,1.19,1.19,"[""Betfair Exchange""]","[""odds_api_io""]",1,,
soccer|agama|highlanders|2026-06-11,totals|over|5.50|,totals,Over,5.5,,1.16,1.16,"[""Betfair Exchange""]","[""odds_api_io""]",1,,
soccer|agama|highlanders|2026-06-11,totals|under|5.50|,totals,Under,5.5,,1.01,1.01,"[""Betfair Exchange""]","[""odds_api_io""]",1,,
soccer|agama|highlanders|2026-06-11,totals|over|4.50|,totals,Over,4.5,,1.12,1.12,"[""Betfair Exchange""]","[""odds_api_io""]",1,,
soccer|agama|highlanders|2026-06-11,totals|under|4.50|,totals,Under,4.5,,1.07,1.07,"[""Betfair Exchange""]","[""odds_api_io""]",1,,
soccer|agama|highlanders|2026-06-11,totals|over|4.25|,totals,Over,4.25,,1.12,1.12,"[""Betfair Exchange""]","[""odds_api_io""]",1,,
soccer|agama|highlanders|2026-06-11,totals|under|4.25|,totals,Under,4.25,,1.07,1.07,"[""Betfair Exchange""]","[""odds_api_io""]",1,,
soccer|agama|highlanders|2026-06-11,totals|over|5.00|,totals,Over,5.0,,1.12,1.12,"[""Betfair Exchange""]","[""odds_api_io""]",1,,
soccer|agama|highlanders|2026-06-11,totals|under|5.00|,totals,Under,5.0,,1.01,1.01,"[""Betfair Exchange""]","[""odds_api_io""]",1,,
soccer|agama|highlanders|2026-06-11,totals|over|5.25|,totals,Over,5.25,,1.14,1.14,"[""Betfair Exchange""]","[""odds_api_io""]",1,,
soccer|agama|highlanders|2026-06-11,totals|under|5.25|,totals,Under,5.25,,1.01,1.01,"[""Betfair Exchange""]","[""odds_api_io""]",1,,
soccer|agama|highlanders|2026-06-11,totals|over|3.75|,totals,Over,3.75,,1.12,1.12,"[""Betfair Exchange""]","[""odds_api_io""]",1,,
soccer|agama|highlanders|2026-06-11,totals|under|3.75|,totals,Under,3.75,,1.07,1.07,"[""Betfair Exchange""]","[""odds_api_io""]",1,,
soccer|agama|highlanders|2026-06-11,totals|over|4.00|,totals,Over,4.0,,1.12,1.12,"[""Betfair Exchange""]","[""odds_api_io""]",1,,
soccer|agama|highlanders|2026-06-11,totals|under|4.00|,totals,Under,4.0,,1.07,1.07,"[""Betfair Exchange""]","[""odds_api_io""]",1,,
soccer|agama|highlanders|2026-06-11,totals|over|6.75|,totals,Over,6.75,,1.21,1.21,"[""Betfair Exchange""]","[""odds_api_io""]",1,,
soccer|agama|highlanders|2026-06-11,totals|under|6.75|,totals,Under,6.75,,1.01,1.01,"[""Betfair Exchange""]","[""odds_api_io""]",1,,
soccer|agama|highlanders|2026-06-11,totals|over|3.50|,totals,Over,3.5,,1.12,1.12,"[""Betfair Exchange""]","[""odds_api_io""]",1,,
soccer|agama|highlanders|2026-06-11,totals|under|3.50|,totals,Under,3.5,,1.19,1.19,"[""Betfair Exchange""]","[""odds_api_io""]",1,,
soccer|agama|highlanders|2026-06-11,totals|over|2.25|,totals,Over,2.25,,1.11,1.11,"[""Betfair Exchange""]","[""odds_api_io""]",1,,
soccer|agama|highlanders|2026-06-11,totals|under|2.25|,totals,Under,2.25,,1.26,1.26,"[""Betfair Exchange""]","[""odds_api_io""]",1,,
soccer|agama|highlanders|2026-06-11,totals|over|2.00|,totals,Over,2.0,,1.11,1.11,"[""Betfair Exchange""]","[""odds_api_io""]",1,,
soccer|agama|highlanders|2026-06-11,totals|under|2.00|,totals,Under,2.0,,1.26,1.26,"[""Betfair Exchange""]","[""odds_api_io""]",1,,
soccer|agama|highlanders|2026-06-11,totals|over|6.50|,totals,Over,6.5,,1.21,1.21,"[""Betfair Exchange""]","[""odds_api_io""]",1,,
soccer|agama|highlanders|2026-06-11,totals|under|6.50|,totals,Under,6.5,,1.01,1.01,"[""Betfair Exchange""]","[""odds_api_io""]",1,,
soccer|agama|highlanders|2026-06-11,totals|over|0.50|,totals,Over,0.5,,1.11,1.11,"[""Betfair Exchange""]","[""odds_api_io""]",1,,
soccer|agama|highlanders|2026-06-11,totals|under|0.50|,totals,Under,0.5,,4.44,4.44,"[""Betfair Exchange""]","[""odds_api_io""]",1,,
soccer|agama|highlanders|2026-06-11,totals|over|7.50|,totals,Over,7.5,,1.21,1.21,"[""Betfair Exchange""]","[""odds_api_io""]",1,,
soccer|agama|highlanders|2026-06-11,totals|under|7.50|,totals,Under,7.5,,1.01,1.01,"[""Betfair Exchange""]","[""odds_api_io""]",1,,
soccer|agama|highlanders|2026-06-11,totals|over|0.75|,totals,Over,0.75,,1.1,1.1,"[""Betfair Exchange""]","[""odds_api_io""]",1,,
soccer|agama|highlanders|2026-06-11,totals|under|0.75|,totals,Under,0.75,,1.26,1.26,"[""Betfair Exchange""]","[""odds_api_io""]",1,,
soccer|agama|highlanders|2026-06-11,totals|over|7.00|,totals,Over,7.0,,1.21,1.21,"[""Betfair Exchange""]","[""odds_api_io""]",1,,
soccer|agama|highlanders|2026-06-11,totals|under|7.00|,totals,Under,7.0,,1.01,1.01,"[""Betfair Exchange""]","[""odds_api_io""]",1,,
soccer|agama|highlanders|2026-06-11,totals|over|7.25|,totals,Over,7.25,,1.21,1.21,"[""Betfair Exchange""]","[""odds_api_io""]",1,,
soccer|agama|highlanders|2026-06-11,totals|under|7.25|,totals,Under,7.25,,1.01,1.01,"[""Betfair Exchange""]","[""odds_api_io""]",1,,
soccer|agama|highlanders|2026-06-11,totals|over|6.25|,totals,Over,6.25,,1.18,1.18,"[""Betfair Exchange""]","[""odds_api_io""]",1,,
soccer|agama|highlanders|2026-06-11,totals|under|6.25|,totals,Under,6.25,,1.01,1.01,"[""Betfair Exchange""]","[""odds_api_io""]",1,,
soccer|agama|highlanders|2026-06-11,totals|over|1.00|,totals,Over,1.0,,1.11,1.11,"[""Betfair Exchange""]","[""odds_api_io""]",1,,
soccer|agama|highlanders|2026-06-11,totals|under|1.00|,totals,Under,1.0,,1.26,1.26,"[""Betfair Exchange""]","[""odds_api_io""]",1,,
soccer|agama|highlanders|2026-06-11,totals|over|1.25|,totals,Over,1.25,,1.11,1.11,"[""Betfair Exchange""]","[""odds_api_io""]",1,,
soccer|agama|highlanders|2026-06-11,totals|under|1.25|,totals,Under,1.25,,1.26,1.26,"[""Betfair Exchange""]","[""odds_api_io""]",1,,
soccer|agama|highlanders|2026-06-11,totals|over|1.50|,totals,Over,1.5,,1.11,1.11,"[""Betfair Exchange""]","[""odds_api_io""]",1,,
soccer|agama|highlanders|2026-06-11,totals|under|1.50|,totals,Under,1.5,,1.26,1.26,"[""Betfair Exchange""]","[""odds_api_io""]",1,,
soccer|agama|highlanders|2026-06-11,btts|yes||,btts,Yes,,,1.13,1.13,"[""Betfair Exchange""]","[""odds_api_io""]",1,,
soccer|agama|highlanders|2026-06-11,btts|no||,btts,No,,,1.13,1.13,"[""Betfair Exchange""]","[""odds_api_io""]",1,,
soccer|agama|highlanders|2026-06-11,spreads|highlanders fc|3.00|home,spreads,Highlanders FC,3.0,home,1.02,1.02,"[""Betfair Exchange""]","[""odds_api_io""]",1,,
soccer|agama|highlanders|2026-06-11,spreads|agama fc|-3.00|away,spreads,Agama FC,-3.0,away,2.5,2.5,"[""Betfair Exchange""]","[""odds_api_io""]",1,,
soccer|agama|highlanders|2026-06-11,spreads|highlanders fc|-3.00|home,spreads,Highlanders FC,-3.0,home,1.6,1.6,"[""Betfair Exchange""]","[""odds_api_io""]",1,,
soccer|agama|highlanders|2026-06-11,spreads|agama fc|3.00|away,spreads,Agama FC,3.0,away,1.02,1.02,"[""Betfair Exchange""]","[""odds_api_io""]",1,,
soccer|scottland|triangle united|2026-06-11,h2h|scottland fc||home,h2h,Scottland FC,,home,1.4,1.3527,"[""Bet365"", ""Betfair Exchange""]","[""odds_api_io""]",2,4.907,
soccer|scottland|triangle united|2026-06-11,h2h|draw||,h2h,Draw,,,3.5,2.9622,"[""Bet365"", ""Betfair Exchange""]","[""odds_api_io""]",2,10.188,
soccer|scottland|triangle united|2026-06-11,h2h|triangle united||away,h2h,Triangle United,,away,9.0,3.9703,"[""Bet365"", ""Betfair Exchange""]","[""odds_api_io""]",2,27.649,
soccer|scottland|triangle united|2026-06-11,dnb|scottland fc|0.00|home,dnb,Scottland FC,0.0,home,1.15,1.1249,"[""Bet365"", ""Betfair Exchange""]","[""odds_api_io""]",2,3.953,
soccer|scottland|triangle united|2026-06-11,dnb|triangle united|0.00|away,dnb,Triangle United,0.0,away,6.5,4.0779,"[""Bet365"", ""Betfair Exchange""]","[""odds_api_io""]",2,17.949,
soccer|scottland|triangle united|2026-06-11,spreads|scottland fc|-1.25|home,spreads,Scottland FC,-1.25,home,2.05,1.5921,"[""Bet365"", ""Betfair Exchange""]","[""odds_api_io""]",2,27.555,
soccer|scottland|triangle united|2026-06-11,spreads|triangle united|1.25|away,spreads,Triangle United,1.25,away,1.75,1.2827,"[""Bet365"", ""Betfair Exchange""]","[""odds_api_io""]",2,40.896,
soccer|scottland|triangle united|2026-06-11,totals|over|2.00|,totals,Over,2.0,,1.95,1.3829,"[""Bet365"", ""Betfair Exchange""]","[""odds_api_io""]",2,41.311,
soccer|scottland|triangle united|2026-06-11,totals|under|2.00|,totals,Under,2.0,,1.85,1.4939,"[""Bet365"", ""Betfair Exchange""]","[""odds_api_io""]",2,25.311,
soccer|scottland|triangle united|2026-06-11,totals|over|2.50|,totals,Over,2.5,,2.5,1.4976,"[""Bet365"", ""Betfair Exchange""]","[""odds_api_io""]",2,52.593,
soccer|scottland|triangle united|2026-06-11,totals|under|2.50|,totals,Under,2.5,,1.5,1.3674,"[""Bet365"", ""Betfair Exchange""]","[""odds_api_io""]",2,12.698,
soccer|scottland|triangle united|2026-06-11,spreads|scottland fc|-2.75|home,spreads,Scottland FC,-2.75,home,5.75,5.75,"[""Bet365""]","[""odds_api_io""]",1,,
soccer|scottland|triangle united|2026-06-11,spreads|triangle united|2.75|away,spreads,Triangle United,2.75,away,1.14,1.14,"[""Bet365""]","[""odds_api_io""]",1,,
soccer|scottland|triangle united|2026-06-11,spreads|scottland fc|-2.50|home,spreads,Scottland FC,-2.5,home,4.4,1.9992,"[""Bet365"", ""Betfair Exchange""]","[""odds_api_io""]",2,53.609,
soccer|scottland|triangle united|2026-06-11,spreads|triangle united|2.50|away,spreads,Triangle United,2.5,away,1.2,1.0951,"[""Bet365"", ""Betfair Exchange""]","[""odds_api_io""]",2,15.677,
soccer|scottland|triangle united|2026-06-11,spreads|scottland fc|-2.25|home,spreads,Scottland FC,-2.25,home,3.9,1.9437,"[""Bet365"", ""Betfair Exchange""]","[""odds_api_io""]",2,50.695,
soccer|scottland|triangle united|2026-06-11,spreads|triangle united|2.25|away,spreads,Triangle United,2.25,away,1.24,1.1112,"[""Bet365"", ""Betfair Exchange""]","[""odds_api_io""]",2,18.365,
soccer|scottland|triangle united|2026-06-11,spreads|scottland fc|-2.00|home,spreads,Scottland FC,-2.0,home,3.55,1.8979,"[""Bet365"", ""Betfair Exchange""]","[""odds_api_io""]",2,48.167,
soccer|scottland|triangle united|2026-06-11,spreads|triangle united|2.00|away,spreads,Triangle United,2.0,away,1.275,1.0871,"[""Bet365"", ""Betfair Exchange""]","[""odds_api_io""]",3,20.579,
soccer|scottland|triangle united|2026-06-11,spreads|scottland fc|-1.75|home,spreads,Scottland FC,-1.75,home,2.75,1.7633,"[""Bet365"", ""Betfair Exchange""]","[""odds_api_io""]",2,39.972,
soccer|scottland|triangle united|2026-06-11,spreads|triangle united|1.75|away,spreads,Triangle United,1.75,away,1.425,1.1785,"[""Bet365"", ""Betfair Exchange""]","[""odds_api_io""]",2,28.834,
soccer|scottland|triangle united|2026-06-11,spreads|scottland fc|-1.50|home,spreads,Scottland FC,-1.5,home,2.35,1.6736,"[""Bet365"", ""Betfair Exchange""]","[""odds_api_io""]",2,33.783,
soccer|scottland|triangle united|2026-06-11,spreads|triangle united|1.50|away,spreads,Triangle United,1.5,away,1.575,1.2334,"[""Bet365"", ""Betfair Exchange""]","[""odds_api_io""]",2,34.547,
soccer|scottland|triangle united|2026-06-11,spreads|scottland fc|-1.00|home,spreads,Scottland FC,-1.0,home,1.75,1.4945,"[""Bet365"", ""Betfair Exchange""]","[""odds_api_io""]",2,19.193,
soccer|scottland|triangle united|2026-06-11,spreads|triangle united|1.00|away,spreads,Triangle United,1.0,away,2.05,1.527,"[""Bet365"", ""Betfair Exchange""]","[""odds_api_io""]",3,48.307,
soccer|scottland|triangle united|2026-06-11,spreads|scottland fc|-0.75|home,spreads,Scottland FC,-0.75,home,1.55,1.4178,"[""Bet365"", ""Betfair Exchange""]","[""odds_api_io""]",2,11.82,
soccer|scottland|triangle united|2026-06-11,spreads|triangle united|0.75|away,spreads,Triangle United,0.75,away,2.375,1.8388,"[""Bet365"", ""Betfair Exchange""]","[""odds_api_io""]",2,24.12,
soccer|scottland|triangle united|2026-06-11,spreads|scottland fc|-0.50|home,spreads,Scottland FC,-0.5,home,1.425,1.364,"[""Bet365"", ""Betfair Exchange""]","[""odds_api_io""]",2,6.16,
soccer|scottland|triangle united|2026-06-11,spreads|triangle united|0.50|away,spreads,Triangle United,0.5,away,2.75,2.3092,"[""Bet365"", ""Betfair Exchange""]","[""odds_api_io""]",2,13.636,
soccer|scottland|triangle united|2026-06-11,spreads|scottland fc|-0.25|home,spreads,Scottland FC,-0.25,home,1.275,1.2517,"[""Bet365"", ""Betfair Exchange""]","[""odds_api_io""]",2,2.869,
soccer|scottland|triangle united|2026-06-11,spreads|triangle united|0.25|away,spreads,Triangle United,0.25,away,3.55,2.8029,"[""Bet365"", ""Betfair Exchange""]","[""odds_api_io""]",2,14.749,
soccer|scottland|triangle united|2026-06-11,spreads|scottland fc|0.00|home,spreads,Scottland FC,0.0,home,1.15,1.13,"[""Bet365"", ""Betfair Exchange""]","[""odds_api_io""]",2,3.134,
soccer|scottland|triangle united|2026-06-11,spreads|triangle united|-0.00|away,spreads,Triangle United,-0.0,away,6.6,4.0971,"[""Bet365"", ""Betfair Exchange""]","[""odds_api_io""]",2,18.182,
soccer|scottland|triangle united|2026-06-11,doubleChance|1x||,doubleChance,1X,,,1.13,1.13,"[""Betfair Exchange""]","[""odds_api_io""]",1,,
soccer|scottland|triangle united|2026-06-11,doubleChance|12||,doubleChance,12,,,1.13,1.13,"[""Betfair Exchange""]","[""odds_api_io""]",1,,
soccer|scottland|triangle united|2026-06-11,doubleChance|x2||,doubleChance,X2,,,2.0,2.0,"[""Betfair Exchange""]","[""odds_api_io""]",1,,
soccer|scottland|triangle united|2026-06-11,spreads|scottland fc|0.25|home,spreads,Scottland FC,0.25,home,1.13,1.13,"[""Betfair Exchange""]","[""odds_api_io""]",1,,
soccer|scottland|triangle united|2026-06-11,spreads|triangle united|-0.25|away,spreads,Triangle United,-0.25,away,3.5,3.5,"[""Betfair Exchange""]","[""odds_api_io""]",1,,
soccer|scottland|triangle united|2026-06-11,spreads|scottland fc|0.50|home,spreads,Scottland FC,0.5,home,1.13,1.13,"[""Betfair Exchange""]","[""odds_api_io""]",1,,
soccer|scottland|triangle united|2026-06-11,spreads|triangle united|-0.50|away,spreads,Triangle United,-0.5,away,2.59,2.59,"[""Betfair Exchange""]","[""odds_api_io""]",1,,
soccer|scottland|triangle united|2026-06-11,spreads|scottland fc|0.75|home,spreads,Scottland FC,0.75,home,1.07,1.07,"[""Betfair Exchange""]","[""odds_api_io""]",1,,
soccer|scottland|triangle united|2026-06-11,spreads|triangle united|-0.75|away,spreads,Triangle United,-0.75,away,1.01,1.01,"[""Betfair Exchange""]","[""odds_api_io""]",1,,
soccer|scottland|triangle united|2026-06-11,spreads|scottland fc|1.50|home,spreads,Scottland FC,1.5,home,1.02,1.02,"[""Betfair Exchange""]","[""odds_api_io""]",1,,
soccer|scottland|triangle united|2026-06-11,spreads|triangle united|-1.50|away,spreads,Triangle United,-1.5,away,1.01,1.01,"[""Betfair Exchange""]","[""odds_api_io""]",1,,
soccer|scottland|triangle united|2026-06-11,spreads|scottland fc|1.25|home,spreads,Scottland FC,1.25,home,1.02,1.02,"[""Betfair Exchange""]","[""odds_api_io""]",1,,
soccer|scottland|triangle united|2026-06-11,spreads|triangle united|-1.25|away,spreads,Triangle United,-1.25,away,1.01,1.01,"[""Betfair Exchange""]","[""odds_api_io""]",1,,
soccer|scottland|triangle united|2026-06-11,spreads|scottland fc|1.00|home,spreads,Scottland FC,1.0,home,1.13,1.0722,"[""Betfair Exchange""]","[""odds_api_io""]",2,9.544,
soccer|scottland|triangle united|2026-06-11,spreads|triangle united|-1.00|away,spreads,Triangle United,-1.0,away,2.61,1.4564,"[""Betfair Exchange""]","[""odds_api_io""]",2,60.696,
soccer|scottland|triangle united|2026-06-11,spreads|scottland fc|2.50|home,spreads,Scottland FC,2.5,home,1.02,1.02,"[""Betfair Exchange""]","[""odds_api_io""]",1,,
soccer|scottland|triangle united|2026-06-11,spreads|triangle united|-2.50|away,spreads,Triangle United,-2.5,away,1.01,1.01,"[""Betfair Exchange""]","[""odds_api_io""]",1,,
soccer|scottland|triangle united|2026-06-11,spreads|scottland fc|1.75|home,spreads,Scottland FC,1.75,home,1.02,1.02,"[""Betfair Exchange""]","[""odds_api_io""]",1,,
soccer|scottland|triangle united|2026-06-11,spreads|triangle united|-1.75|away,spreads,Triangle United,-1.75,away,1.01,1.01,"[""Betfair Exchange""]","[""odds_api_io""]",1,,
soccer|scottland|triangle united|2026-06-11,spreads|scottland fc|2.00|home,spreads,Scottland FC,2.0,home,1.02,1.02,"[""Betfair Exchange""]","[""odds_api_io""]",1,,
soccer|scottland|triangle united|2026-06-11,spreads|triangle united|-2.00|away,spreads,Triangle United,-2.0,away,1.01,1.01,"[""Betfair Exchange""]","[""odds_api_io""]",1,,
soccer|scottland|triangle united|2026-06-11,spreads|scottland fc|2.25|home,spreads,Scottland FC,2.25,home,1.02,1.02,"[""Betfair Exchange""]","[""odds_api_io""]",1,,
soccer|scottland|triangle united|2026-06-11,spreads|triangle united|-2.25|away,spreads,Triangle United,-2.25,away,1.01,1.01,"[""Betfair Exchange""]","[""odds_api_io""]",1,,
soccer|scottland|triangle united|2026-06-11,spreads|scottland fc|2.75|home,spreads,Scottland FC,2.75,home,1.01,1.01,"[""Betfair Exchange""]","[""odds_api_io""]",1,,
soccer|scottland|triangle united|2026-06-11,spreads|triangle united|-2.75|away,spreads,Triangle United,-2.75,away,1.01,1.01,"[""Betfair Exchange""]","[""odds_api_io""]",1,,
soccer|scottland|triangle united|2026-06-11,totals|over|7.00|,totals,Over,7.0,,1.96,1.96,"[""Betfair Exchange""]","[""odds_api_io""]",1,,
soccer|scottland|triangle united|2026-06-11,totals|under|7.00|,totals,Under,7.0,,1.01,1.01,"[""Betfair Exchange""]","[""odds_api_io""]",1,,
soccer|scottland|triangle united|2026-06-11,totals|over|3.50|,totals,Over,3.5,,1.09,1.09,"[""Betfair Exchange""]","[""odds_api_io""]",1,,
soccer|scottland|triangle united|2026-06-11,totals|under|3.50|,totals,Under,3.5,,1.19,1.19,"[""Betfair Exchange""]","[""odds_api_io""]",1,,
soccer|scottland|triangle united|2026-06-11,totals|over|3.00|,totals,Over,3.0,,1.08,1.08,"[""Betfair Exchange""]","[""odds_api_io""]",1,,
soccer|scottland|triangle united|2026-06-11,totals|under|3.00|,totals,Under,3.0,,1.19,1.19,"[""Betfair Exchange""]","[""odds_api_io""]",1,,
soccer|scottland|triangle united|2026-06-11,totals|over|3.25|,totals,Over,3.25,,1.08,1.08,"[""Betfair Exchange""]","[""odds_api_io""]",1,,
soccer|scottland|triangle united|2026-06-11,totals|under|3.25|,totals,Under,3.25,,1.19,1.19,"[""Betfair Exchange""]","[""odds_api_io""]",1,,
soccer|scottland|triangle united|2026-06-11,totals|over|2.75|,totals,Over,2.75,,1.08,1.08,"[""Betfair Exchange""]","[""odds_api_io""]",1,,
soccer|scottland|triangle united|2026-06-11,totals|under|2.75|,totals,Under,2.75,,1.01,1.01,"[""Betfair Exchange""]","[""odds_api_io""]",1,,
soccer|scottland|triangle united|2026-06-11,totals|over|5.00|,totals,Over,5.0,,1.96,1.96,"[""Betfair Exchange""]","[""odds_api_io""]",1,,
soccer|scottland|triangle united|2026-06-11,totals|under|5.00|,totals,Under,5.0,,1.01,1.01,"[""Betfair Exchange""]","[""odds_api_io""]",1,,
soccer|scottland|triangle united|2026-06-11,totals|over|5.50|,totals,Over,5.5,,1.96,1.96,"[""Betfair Exchange""]","[""odds_api_io""]",1,,
soccer|scottland|triangle united|2026-06-11,totals|under|5.50|,totals,Under,5.5,,1.01,1.01,"[""Betfair Exchange""]","[""odds_api_io""]",1,,
soccer|scottland|triangle united|2026-06-11,totals|over|5.25|,totals,Over,5.25,,1.96,1.96,"[""Betfair Exchange""]","[""odds_api_io""]",1,,
soccer|scottland|triangle united|2026-06-11,totals|under|5.25|,totals,Under,5.25,,1.01,1.01,"[""Betfair Exchange""]","[""odds_api_io""]",1,,
soccer|scottland|triangle united|2026-06-11,totals|over|4.75|,totals,Over,4.75,,1.96,1.96,"[""Betfair Exchange""]","[""odds_api_io""]",1,,
soccer|scottland|triangle united|2026-06-11,totals|under|4.75|,totals,Under,4.75,,1.01,1.01,"[""Betfair Exchange""]","[""odds_api_io""]",1,,
soccer|scottland|triangle united|2026-06-11,totals|over|1.75|,totals,Over,1.75,,1.08,1.08,"[""Betfair Exchange""]","[""odds_api_io""]",1,,
soccer|scottland|triangle united|2026-06-11,totals|under|1.75|,totals,Under,1.75,,1.25,1.25,"[""Betfair Exchange""]","[""odds_api_io""]",1,,
soccer|scottland|triangle united|2026-06-11,totals|over|1.50|,totals,Over,1.5,,1.08,1.08,"[""Betfair Exchange""]","[""odds_api_io""]",1,,
soccer|scottland|triangle united|2026-06-11,totals|under|1.50|,totals,Under,1.5,,1.26,1.26,"[""Betfair Exchange""]","[""odds_api_io""]",1,,
soccer|scottland|triangle united|2026-06-11,totals|over|0.75|,totals,Over,0.75,,1.08,1.08,"[""Betfair Exchange""]","[""odds_api_io""]",1,,
soccer|scottland|triangle united|2026-06-11,totals|under|0.75|,totals,Under,0.75,,1.19,1.19,"[""Betfair Exchange""]","[""odds_api_io""]",1,,
soccer|scottland|triangle united|2026-06-11,totals|over|2.25|,totals,Over,2.25,,1.08,1.08,"[""Betfair Exchange""]","[""odds_api_io""]",1,,
soccer|scottland|triangle united|2026-06-11,totals|under|2.25|,totals,Under,2.25,,1.26,1.26,"[""Betfair Exchange""]","[""odds_api_io""]",1,,
soccer|scottland|triangle united|2026-06-11,totals|over|1.00|,totals,Over,1.0,,1.08,1.08,"[""Betfair Exchange""]","[""odds_api_io""]",1,,
soccer|scottland|triangle united|2026-06-11,totals|under|1.00|,totals,Under,1.0,,1.26,1.26,"[""Betfair Exchange""]","[""odds_api_io""]",1,,
soccer|scottland|triangle united|2026-06-11,totals|over|1.25|,totals,Over,1.25,,1.08,1.08,"[""Betfair Exchange""]","[""odds_api_io""]",1,,
soccer|scottland|triangle united|2026-06-11,totals|under|1.25|,totals,Under,1.25,,1.26,1.26,"[""Betfair Exchange""]","[""odds_api_io""]",1,,
soccer|scottland|triangle united|2026-06-11,totals|over|6.50|,totals,Over,6.5,,1.96,1.96,"[""Betfair Exchange""]","[""odds_api_io""]",1,,
soccer|scottland|triangle united|2026-06-11,totals|under|6.50|,totals,Under,6.5,,1.01,1.01,"[""Betfair Exchange""]","[""odds_api_io""]",1,,
soccer|scottland|triangle united|2026-06-11,totals|over|4.50|,totals,Over,4.5,,1.96,1.96,"[""Betfair Exchange""]","[""odds_api_io""]",1,,
soccer|scottland|triangle united|2026-06-11,totals|under|4.50|,totals,Under,4.5,,1.07,1.07,"[""Betfair Exchange""]","[""odds_api_io""]",1,,
soccer|scottland|triangle united|2026-06-11,totals|over|0.50|,totals,Over,0.5,,1.08,1.08,"[""Betfair Exchange""]","[""odds_api_io""]",1,,
soccer|scottland|triangle united|2026-06-11,totals|under|0.50|,totals,Under,0.5,,1.28,1.28,"[""Betfair Exchange""]","[""odds_api_io""]",1,,
soccer|scottland|triangle united|2026-06-11,totals|over|5.75|,totals,Over,5.75,,1.96,1.96,"[""Betfair Exchange""]","[""odds_api_io""]",1,,
soccer|scottland|triangle united|2026-06-11,totals|under|5.75|,totals,Under,5.75,,1.01,1.01,"[""Betfair Exchange""]","[""odds_api_io""]",1,,
soccer|scottland|triangle united|2026-06-11,totals|over|6.00|,totals,Over,6.0,,1.96,1.96,"[""Betfair Exchange""]","[""odds_api_io""]",1,,
soccer|scottland|triangle united|2026-06-11,totals|under|6.00|,totals,Under,6.0,,1.01,1.01,"[""Betfair Exchange""]","[""odds_api_io""]",1,,
soccer|scottland|triangle united|2026-06-11,totals|over|3.75|,totals,Over,3.75,,1.16,1.16,"[""Betfair Exchange""]","[""odds_api_io""]",1,,
soccer|scottland|triangle united|2026-06-11,totals|under|3.75|,totals,Under,3.75,,1.07,1.07,"[""Betfair Exchange""]","[""odds_api_io""]",1,,
soccer|scottland|triangle united|2026-06-11,totals|over|7.50|,totals,Over,7.5,,1.96,1.96,"[""Betfair Exchange""]","[""odds_api_io""]",1,,
soccer|scottland|triangle united|2026-06-11,totals|under|7.50|,totals,Under,7.5,,1.01,1.01,"[""Betfair Exchange""]","[""odds_api_io""]",1,,
soccer|scottland|triangle united|2026-06-11,totals|over|6.75|,totals,Over,6.75,,1.96,1.96,"[""Betfair Exchange""]","[""odds_api_io""]",1,,
soccer|scottland|triangle united|2026-06-11,totals|under|6.75|,totals,Under,6.75,,1.01,1.01,"[""Betfair Exchange""]","[""odds_api_io""]",1,,
soccer|scottland|triangle united|2026-06-11,totals|over|4.25|,totals,Over,4.25,,1.85,1.85,"[""Betfair Exchange""]","[""odds_api_io""]",1,,
soccer|scottland|triangle united|2026-06-11,totals|under|4.25|,totals,Under,4.25,,1.07,1.07,"[""Betfair Exchange""]","[""odds_api_io""]",1,,
soccer|scottland|triangle united|2026-06-11,totals|over|6.25|,totals,Over,6.25,,1.96,1.96,"[""Betfair Exchange""]","[""odds_api_io""]",1,,
soccer|scottland|triangle united|2026-06-11,totals|under|6.25|,totals,Under,6.25,,1.01,1.01,"[""Betfair Exchange""]","[""odds_api_io""]",1,,
soccer|scottland|triangle united|2026-06-11,totals|over|7.75|,totals,Over,7.75,,1.96,1.96,"[""Betfair Exchange""]","[""odds_api_io""]",1,,
soccer|scottland|triangle united|2026-06-11,totals|under|7.75|,totals,Under,7.75,,1.2,1.2,"[""Betfair Exchange""]","[""odds_api_io""]",1,,
soccer|scottland|triangle united|2026-06-11,totals|over|7.25|,totals,Over,7.25,,1.96,1.96,"[""Betfair Exchange""]","[""odds_api_io""]",1,,
soccer|scottland|triangle united|2026-06-11,totals|under|7.25|,totals,Under,7.25,,1.01,1.01,"[""Betfair Exchange""]","[""odds_api_io""]",1,,
soccer|scottland|triangle united|2026-06-11,totals|over|4.00|,totals,Over,4.0,,1.75,1.75,"[""Betfair Exchange""]","[""odds_api_io""]",1,,
soccer|scottland|triangle united|2026-06-11,totals|under|4.00|,totals,Under,4.0,,1.07,1.07,"[""Betfair Exchange""]","[""odds_api_io""]",1,,
soccer|scottland|triangle united|2026-06-11,btts|yes||,btts,Yes,,,1.13,1.13,"[""Betfair Exchange""]","[""odds_api_io""]",1,,
soccer|scottland|triangle united|2026-06-11,btts|no||,btts,No,,,1.13,1.13,"[""Betfair Exchange""]","[""odds_api_io""]",1,,
soccer|scottland|triangle united|2026-06-11,spreads|scottland fc|-3.00|home,spreads,Scottland FC,-3.0,home,1.31,1.31,"[""Betfair Exchange""]","[""odds_api_io""]",1,,
soccer|scottland|triangle united|2026-06-11,spreads|triangle united|3.00|away,spreads,Triangle United,3.0,away,1.01,1.01,"[""Betfair Exchange""]","[""odds_api_io""]",1,,
soccer|scottland|triangle united|2026-06-11,spreads|scottland fc|3.00|home,spreads,Scottland FC,3.0,home,1.02,1.02,"[""Betfair Exchange""]","[""odds_api_io""]",1,,
soccer|scottland|triangle united|2026-06-11,spreads|triangle united|-3.00|away,spreads,Triangle United,-3.0,away,1.01,1.01,"[""Betfair Exchange""]","[""odds_api_io""]",1,,
soccer|austria|guatemala|2026-06-11,h2h|austria||home,h2h,Austria,,home,1.215,1.1969,"[""1xbet"", ""novibet"", ""marathon"", ""oddssafari-consensus"", ""bzzoiro""]","[""bzzoiro""]",5,2.441,
soccer|austria|guatemala|2026-06-11,h2h|draw||,h2h,Draw,,,7.06,6.0846,"[""1xbet"", ""novibet"", ""marathon"", ""oddssafari-consensus"", ""bzzoiro""]","[""bzzoiro""]",5,4.018,
soccer|austria|guatemala|2026-06-11,h2h|guatemala||away,h2h,Guatemala,,away,17.5,15.0708,"[""1xbet"", ""novibet"", ""marathon"", ""oddssafari-consensus"", ""bzzoiro""]","[""bzzoiro""]",5,1.693,
soccer|austria|guatemala|2026-06-11,totals|over|15.00|,totals,Over,15.0,,1.145,1.145,"[""over@1.5""]","[""bzzoiro""]",1,,
soccer|austria|guatemala|2026-06-11,totals|under|15.00|,totals,Under,15.0,,4.3,4.3,"[""under@1.5""]","[""bzzoiro""]",1,,
soccer|austria|guatemala|2026-06-11,totals|over|25.00|,totals,Over,25.0,,3.22,3.22,"[""over@2.5""]","[""bzzoiro""]",1,,
soccer|austria|guatemala|2026-06-11,totals|under|25.00|,totals,Under,25.0,,1.27,1.27,"[""under@2.5""]","[""bzzoiro""]",1,,
soccer|austria|guatemala|2026-06-11,totals|over|35.00|,totals,Over,35.0,,2.33,2.33,"[""over@3.5""]","[""bzzoiro""]",1,,
soccer|austria|guatemala|2026-06-11,totals|under|35.00|,totals,Under,35.0,,1.48,1.48,"[""under@3.5""]","[""bzzoiro""]",1,,
soccer|austria|guatemala|2026-06-11,btts|yes||,btts,Yes,,,2.3,2.276,"[""1xbet"", ""novibet"", ""marathon"", ""oddssafari-consensus"", ""bzzoiro""]","[""bzzoiro""]",5,0.77,
soccer|austria|guatemala|2026-06-11,btts|no||,btts,No,,,1.567,1.5402,"[""1xbet"", ""novibet"", ""marathon"", ""oddssafari-consensus"", ""bzzoiro""]","[""bzzoiro""]",5,2.409,
