match_key,provider,kind,observed_at,effective_at,freshness_sec,confidence,metrics,payload,details,provenance_hash,schema_version
soccer|delaware|eagle|2026-06-02,sstats,xg_form,2026-06-02T19:04:41.709158+00:00,,,65.0,"{""away_win_probability"": 0.499, ""expected_away"": 2.179, ""expected_home"": 1.368, ""home_win_probability"": 0.3132}","{""away_recent"": [{""goals_against"": 5.0, ""goals_for"": 1.0, ""home"": false, ""league"": ""USL League Two"", ""opponent"": ""Ocean City Nor'easters"", ""opponent_key"": ""ocean city nor easters"", ""start"": ""2026-05-29T23:00:00+00:00"", ""team"": ""Delaware FC"", ""team_key"": ""delaware""}, {""goals_against"": 2.0, ""goals_for"": 4.0, ""home"": true, ""league"": ""USL League Two"", ""opponent"": ""Lone Star II"", ""opponent_key"": ""lone star 2"", ""start"": ""2026-05-26T23:00:00+00:00"", ""team"": ""Delaware FC"", ""team_key"": ""delaware""}, {""goals_against"": 1.0, ""goals_for"": 1.0, ""home"": false, ""league"": ""USL League Two"", ""opponent"": ""PA Classics"", ""opponent_key"": ""pa classics"", ""start"": ""2026-05-23T23:00:00+00:00"", ""team"": ""Delaware FC"", ""team_key"": ""delaware""}, {""goals_against"": 2.0, ""goals_for"": 1.0, ""home"": false, ""league"": ""USL League Two"", ""opponent"": ""Lehigh Valley United"", ""opponent_key"": ""lehigh valley united"", ""start"": ""2026-05-19T23:00:00+00:00"", ""team"": ""Delaware FC"", ""team_key"": ""delaware""}], ""home_recent"": [{""goals_against"": 3.0, ""goals_for"": 0.0, ""home"": true, ""league"": ""USL League Two"", ""opponent"": ""Reading United"", ""opponent_key"": ""reading united"", ""start"": ""2026-05-30T23:00:00+00:00"", ""team"": ""Eagle FC"", ""team_key"": ""eagle""}, {""goals_against"": 3.0, ""goals_for"": 0.0, ""home"": false, ""league"": ""USL League Two"", ""opponent"": ""Lehigh Valley United"", ""opponent_key"": ""lehigh valley united"", ""start"": ""2026-05-26T23:00:00+00:00"", ""team"": ""Eagle FC"", ""team_key"": ""eagle""}, {""goals_against"": 1.0, ""goals_for"": 1.0, ""home"": false, ""league"": ""USL League Two"", ""opponent"": ""West Chester United"", ""opponent_key"": ""west chester united"", ""start"": ""2026-05-23T23:00:00+00:00"", ""team"": ""Eagle FC"", ""team_key"": ""eagle""}, {""goals_against"": 5.0, ""goals_for"": 0.0, ""home"": false, ""league"": ""USL League Two"", ""opponent"": ""Lone Star II"", ""opponent_key"": ""lone star 2"", ""start"": ""2026-05-16T20:00:00+00:00"", ""team"": ""Eagle FC"", ""team_key"": ""eagle""}], ""mode"": ""team_form""}","{""away_goals_against_avg"": 2.5, ""away_goals_for_avg"": 1.75, ""away_recent_count"": 4, ""away_team_key"": ""delaware"", ""home_goals_against_avg"": 3.0, ""home_goals_for_avg"": 0.25, ""home_recent_count"": 4, ""home_team_key"": ""eagle"", ""league_overlap_count"": 8, ""provider_odds_hints_count"": 0, ""sstats_mode"": ""team_form""}",927749a8360ceb2d7762746dabb67f92f3961a15,1
soccer|delaware|eagle|2026-06-02,weather,weather,2026-06-02T19:04:41.709158+00:00,,,65.0,"{""away_win_probability"": 0.499, ""expected_away"": 2.179, ""expected_home"": 1.368, ""home_win_probability"": 0.3132, ""weather_adjustment_applied"": false, ""weather_adjustment_reasons"": [], ""weather_away_team"": ""Delaware FC"", ""weather_city"": ""Mount Eagle"", ""weather_condition"": ""Sunny"", ""weather_context_applied"": true, ""weather_country"": ""Jamaica"", ""weather_home_team"": ""Eagle FC"", ""weather_precip_mm"": 0.0, ""weather_query"": ""Eagle FC"", ""weather_source"": ""weatherapi"", ""weather_temp_c"": 27.8, ""weather_total_factor"": 1.0, ""weather_wind_kph"": 1.4}","{""away_recent"": [{""goals_against"": 5.0, ""goals_for"": 1.0, ""home"": false, ""league"": ""USL League Two"", ""opponent"": ""Ocean City Nor'easters"", ""opponent_key"": ""ocean city nor easters"", ""start"": ""2026-05-29T23:00:00+00:00"", ""team"": ""Delaware FC"", ""team_key"": ""delaware""}, {""goals_against"": 2.0, ""goals_for"": 4.0, ""home"": true, ""league"": ""USL League Two"", ""opponent"": ""Lone Star II"", ""opponent_key"": ""lone star 2"", ""start"": ""2026-05-26T23:00:00+00:00"", ""team"": ""Delaware FC"", ""team_key"": ""delaware""}, {""goals_against"": 1.0, ""goals_for"": 1.0, ""home"": false, ""league"": ""USL League Two"", ""opponent"": ""PA Classics"", ""opponent_key"": ""pa classics"", ""start"": ""2026-05-23T23:00:00+00:00"", ""team"": ""Delaware FC"", ""team_key"": ""delaware""}, {""goals_against"": 2.0, ""goals_for"": 1.0, ""home"": false, ""league"": ""USL League Two"", ""opponent"": ""Lehigh Valley United"", ""opponent_key"": ""lehigh valley united"", ""start"": ""2026-05-19T23:00:00+00:00"", ""team"": ""Delaware FC"", ""team_key"": ""delaware""}], ""home_recent"": [{""goals_against"": 3.0, ""goals_for"": 0.0, ""home"": true, ""league"": ""USL League Two"", ""opponent"": ""Reading United"", ""opponent_key"": ""reading united"", ""start"": ""2026-05-30T23:00:00+00:00"", ""team"": ""Eagle FC"", ""team_key"": ""eagle""}, {""goals_against"": 3.0, ""goals_for"": 0.0, ""home"": false, ""league"": ""USL League Two"", ""opponent"": ""Lehigh Valley United"", ""opponent_key"": ""lehigh valley united"", ""start"": ""2026-05-26T23:00:00+00:00"", ""team"": ""Eagle FC"", ""team_key"": ""eagle""}, {""goals_against"": 1.0, ""goals_for"": 1.0, ""home"": false, ""league"": ""USL League Two"", ""opponent"": ""West Chester United"", ""opponent_key"": ""west chester united"", ""start"": ""2026-05-23T23:00:00+00:00"", ""team"": ""Eagle FC"", ""team_key"": ""eagle""}, {""goals_against"": 5.0, ""goals_for"": 0.0, ""home"": false, ""league"": ""USL League Two"", ""opponent"": ""Lone Star II"", ""opponent_key"": ""lone star 2"", ""start"": ""2026-05-16T20:00:00+00:00"", ""team"": ""Eagle FC"", ""team_key"": ""eagle""}], ""mode"": ""team_form""}","{""away_goals_against_avg"": 2.5, ""away_goals_for_avg"": 1.75, ""away_recent_count"": 4, ""away_team_key"": ""delaware"", ""home_goals_against_avg"": 3.0, ""home_goals_for_avg"": 0.25, ""home_recent_count"": 4, ""home_team_key"": ""eagle"", ""league_overlap_count"": 8, ""merged_sources"": [""sstats_form""], ""provider_odds_hints_count"": 0, ""sstats_mode"": ""team_form"", ""weather_adjustment_applied"": false, ""weather_adjustment_reasons"": [], ""weather_away_team"": ""Delaware FC"", ""weather_city"": ""Mount Eagle"", ""weather_condition"": ""Sunny"", ""weather_context_applied"": true, ""weather_country"": ""Jamaica"", ""weather_home_team"": ""Eagle FC"", ""weather_precip_mm"": 0.0, ""weather_query"": ""Eagle FC"", ""weather_source"": ""weatherapi"", ""weather_temp_c"": 27.8, ""weather_total_factor"": 1.0, ""weather_wind_kph"": 1.4}",afd7fa023fef36ec243739db1f71465ba4c50d5e,1
soccer|fortaleza ce|vitoria ba|2026-06-03,sstats,xg_form,2026-06-02T19:04:41.709158+00:00,,,65.0,"{""away_win_probability"": 0.4211, ""expected_away"": 1.422, ""expected_home"": 1.135, ""home_win_probability"": 0.336}","{""away_recent"": [{""goals_against"": 1.0, ""goals_for"": 1.0, ""home"": true, ""league"": ""Serie D"", ""opponent"": ""Real Noroeste"", ""opponent_key"": ""real noroeste"", ""start"": ""2026-05-30T19:00:00+00:00"", ""team"": ""Vitória ES"", ""team_key"": ""vitoria es""}, {""goals_against"": 0.0, ""goals_for"": 5.0, ""home"": true, ""league"": ""Copa Espírito Santo"", ""opponent"": ""Sport Brasil ES"", ""opponent_key"": ""sport brasil es"", ""start"": ""2026-05-27T18:00:00+00:00"", ""team"": ""Vitória ES"", ""team_key"": ""vitoria es""}, {""goals_against"": 0.0, ""goals_for"": 2.0, ""home"": false, ""league"": ""Serie D"", ""opponent"": ""Rio Branco ES"", ""opponent_key"": ""rio branco es"", ""start"": ""2026-05-24T19:00:00+00:00"", ""team"": ""Vitória ES"", ""team_key"": ""vitoria es""}, {""goals_against"": 2.0, ""goals_for"": 3.0, ""home"": true, ""league"": ""Copa Espírito Santo"", ""opponent"": ""Serra Talhada"", ""opponent_key"": ""serra talhada"", ""start"": ""2026-05-20T22:00:00+00:00"", ""team"": ""Vitória ES"", ""team_key"": ""vitoria es""}, {""goals_against"": 0.0, ""goals_for"": 0.0, ""home"": false, ""league"": ""Serie D"", ""opponent"": ""Porto BA"", ""opponent_key"": ""porto ba"", ""start"": ""2026-05-16T19:00:00+00:00"", ""team"": ""Vitória ES"", ""team_key"": ""vitoria es""}, {""goals_against"": 2.0, ""goals_for"": 2.0, ""home"": false, ""league"": ""Copa Espírito Santo"", ""opponent"": ""Rio Branco ES"", ""opponent_key"": ""rio branco es"", ""start"": ""2026-05-13T22:00:00+00:00"", ""team"": ""Vitória ES"", ""team_key"": ""vitoria es""}, {""goals_against"": 1.0, ""goals_for"": 2.0, ""home"": true, ""league"": ""Serie D"", ""opponent"": ""Democrata GV"", ""opponent_key"": ""democrata gv"", ""start"": ""2026-05-10T19:00:00+00:00"", ""team"": ""Vitória ES"", ""team_key"": ""vitoria es""}, {""goals_against"": 2.0, ""goals_for"": 0.0, ""home"": false, ""league"": ""Serie D"", ""opponent"": ""Democrata GV"", ""opponent_key"": ""democrata gv"", ""start"": ""2026-05-04T23:30:00+00:00"", ""team"": ""Vitória ES"", ""team_key"": ""vitoria es""}, {""goals_against"": 0.0, ""goals_for"": 3.0, ""home"": true, ""league"": ""Serie D"", ""opponent"": ""Porto BA"", ""opponent_key"": ""porto ba"", ""start"": ""2026-04-25T19:00:00+00:00"", ""team"": ""Vitória ES"", ""team_key"": ""vitoria es""}, {""goals_against"": 1.0, ""goals_for"": 3.0, ""home"": false, ""league"": ""Copa Espírito Santo"", ""opponent"": ""Porto Vitória"", ""opponent_key"": ""porto vitoria"", ""start"": ""2026-04-22T22:00:00+00:00"", ""team"": ""Vitória ES"", ""team_key"": ""vitoria es""}], ""home_recent"": [{""goals_against"": 0.0, ""goals_for"": 2.0, ""home"": false, ""league"": ""Copa do Nordeste"", ""opponent"": ""Sport Recife"", ""opponent_key"": ""sport recife"", ""start"": ""2026-05-28T00:30:00+00:00"", ""team"": ""Fortaleza EC"", ""team_key"": ""fortaleza""}, {""goals_against"": 2.0, ""goals_for"": 1.0, ""home"": true, ""league"": ""Copa do Nordeste"", ""opponent"": ""Sport Recife"", ""opponent_key"": ""sport recife"", ""start"": ""2026-05-21T00:00:00+00:00"", ""team"": ""Fortaleza EC"", ""team_key"": ""fortaleza""}, {""goals_against"": 0.0, ""goals_for"": 2.0, ""home"": true, ""league"": ""Copa do Nordeste"", ""opponent"": ""Sport Recife"", ""opponent_key"": ""sport recife"", ""start"": ""2026-04-30T00:30:00+00:00"", ""team"": ""Fortaleza EC"", ""team_key"": ""fortaleza""}, {""goals_against"": 1.0, ""goals_for"": 2.0, ""home"": true, ""league"": ""Copa Do Brasil"", ""opponent"": ""CRB"", ""opponent_key"": ""crb"", ""start"": ""2026-04-22T23:30:00+00:00"", ""team"": ""Fortaleza EC"", ""team_key"": ""fortaleza""}, {""goals_against"": 1.0, ""goals_for"": 0.0, ""home"": false, ""league"": ""Serie B"", ""opponent"": ""Athletic Club"", ""opponent_key"": ""athletic"", ""start"": ""2026-05-30T21:00:00+00:00"", ""team"": ""Fortaleza EC"", ""team_key"": ""fortaleza""}, {""goals_against"": 0.0, ""goals_for"": 1.0, ""home"": false, ""league"": ""Brasileiro U17"", ""opponent"": ""RB Bragantino U17"", ""opponent_key"": ""bragantino"", ""start"": ""2026-05-30T18:00:00+00:00"", ""team"": ""Fortaleza U17"", ""team_key"": ""fortaleza""}, {""goals_against"": 0.0, ""goals_for"": 0.0, ""home"": false, ""league"": ""Copa Colombia"", ""opponent"": ""Cucuta"", ""opponent_key"": ""cucuta"", ""start"": ""2026-05-29T21:00:00+00:00"", ""team"": ""Fortaleza FC"", ""team_key"": ""fortaleza""}, {""goals_against"": 2.0, ""goals_for"": 1.0, ""home"": true, ""league"": ""Brasileiro U20 A"", ""opponent"": ""Palmeiras U20"", ""opponent_key"": ""palmeiras"", ""start"": ""2026-05-27T18:00:00+00:00"", ""team"": ""Fortaleza U20"", ""team_key"": ""fortaleza""}, {""goals_against"": 0.0, ""goals_for"": 3.0, ""home"": true, ""league"": ""Serie B"", ""opponent"": ""Londrina"", ""opponent_key"": ""londrina"", ""start"": ""2026-05-23T21:30:00+00:00"", ""team"": ""Fortaleza EC"", ""team_key"": ""fortaleza""}, {""goals_against"": 0.0, ""goals_for"": 0.0, ""home"": true, ""league"": ""Cearense U20"", ""opponent"": ""Vila Real FC U20"", ""opponent_key"": ""vila real"", ""start"": ""2026-05-23T18:00:00+00:00"", ""team"": ""Fortaleza U20"", ""team_key"": ""fortaleza""}], ""mode"": ""team_form""}","{""away_goals_against_avg"": 0.9, ""away_goals_for_avg"": 2.1, ""away_recent_count"": 10, ""away_team_key"": ""vitoria es"", ""home_goals_against_avg"": 0.6, ""home_goals_for_avg"": 1.2, ""home_recent_count"": 10, ""home_team_key"": ""fortaleza"", ""league_overlap_count"": 4, ""provider_odds_hints_count"": 0, ""sstats_mode"": ""team_form""}",7009c9a7c947549b2cc693e4a56f755078af0c44,1
soccer|carolina ascent 2|north carolina fusion|2026-06-02,thesportsdb,team_profile,2026-06-02T19:04:41.709158+00:00,,,57.0,"{""away_form"": 0.697, ""away_ppg"": 2.005, ""away_win_probability"": 0.22092210526315786, ""expected_away"": 1.3942105263157893, ""expected_home"": 1.9599999999999997, ""home_form"": 0.829, ""home_ppg"": 2.474, ""home_rank"": 1.0, ""home_win_probability"": 0.5574736842105263, ""thesportsdb_away_form_score"": 0.697, ""thesportsdb_away_ppg"": 2.005, ""thesportsdb_draw_probability"": 0.2216042105263158, ""thesportsdb_home_form_score"": 0.829, ""thesportsdb_home_ppg"": 2.474, ""thesportsdb_home_rank"": 1.0}","{""away_row"": {""intDraw"": ""6.6"", ""intGoalsAgainst"": ""41.8"", ""intGoalsFor"": ""73.0"", ""intLoss"": ""8.2"", ""intPlayed"": ""38.0"", ""intPoints"": ""76.2"", ""intWin"": ""23.2"", ""strTeam"": ""League Average""}, ""home_row"": {""dateUpdated"": ""2026-06-01 23:01:44"", ""idLeague"": ""4335"", ""idStanding"": ""9673810"", ""idTeam"": ""133739"", ""intDraw"": ""1"", ""intGoalDifference"": ""59"", ""intGoalsAgainst"": ""36"", ""intGoalsFor"": ""95"", ""intLoss"": ""6"", ""intPlayed"": ""38"", ""intPoints"": ""94"", ""intRank"": ""1"", ""intWin"": ""31"", ""strBadge"": ""https://r2.thesportsdb.com/images/media/team/badge/wq9sir1639406443.png/tiny"", ""strDescription"": ""Promotion - Champions League (League phase)"", ""strForm"": ""LWLWW"", ""strLeague"": ""Spanish La Liga"", ""strSeason"": ""2025-2026"", ""strTeam"": ""Barcelona""}}","{""away_form"": 0.697, ""away_ga_pg"": 1.1, ""away_gf_pg"": 1.921, ""away_ppg"": 2.005, ""away_rank"": null, ""home_form"": 0.829, ""home_ga_pg"": 0.947, ""home_gf_pg"": 2.5, ""home_ppg"": 2.474, ""home_rank"": 1.0, ""thesportsdb_away_form_score"": 0.697, ""thesportsdb_away_ga_pg"": 1.1, ""thesportsdb_away_gf_pg"": 1.921, ""thesportsdb_away_ppg"": 2.005, ""thesportsdb_away_rank"": null, ""thesportsdb_draw_probability"": 0.2216042105263158, ""thesportsdb_home_form_score"": 0.829, ""thesportsdb_home_ga_pg"": 0.947, ""thesportsdb_home_gf_pg"": 2.5, ""thesportsdb_home_ppg"": 2.474, ""thesportsdb_home_rank"": 1.0, ""thesportsdb_partial_context"": true}",7298980b36533d62c6495e0c07fadd08819bce18,1
soccer|carolina ascent 2|north carolina fusion|2026-06-02,weather,weather,2026-06-02T19:04:41.709158+00:00,,,57.0,"{""away_form"": 0.697, ""away_ppg"": 2.005, ""away_win_probability"": 0.22092210526315786, ""expected_away"": 1.3942105263157893, ""expected_home"": 1.9599999999999997, ""home_form"": 0.829, ""home_ppg"": 2.474, ""home_rank"": 1.0, ""home_win_probability"": 0.5574736842105263, ""thesportsdb_away_form_score"": 0.697, ""thesportsdb_away_ppg"": 2.005, ""thesportsdb_draw_probability"": 0.2216042105263158, ""thesportsdb_home_form_score"": 0.829, ""thesportsdb_home_ppg"": 2.474, ""thesportsdb_home_rank"": 1.0, ""weather_adjustment_applied"": false, ""weather_adjustment_reasons"": [], ""weather_away_team"": ""Carolina Ascent II"", ""weather_city"": ""Carolina"", ""weather_condition"": ""Sunny"", ""weather_context_applied"": true, ""weather_country"": ""United States of America"", ""weather_home_team"": ""North Carolina Fusion"", ""weather_precip_mm"": 0.0, ""weather_query"": ""North Carolina Fusion"", ""weather_source"": ""weatherapi"", ""weather_temp_c"": 26.8, ""weather_total_factor"": 1.0, ""weather_wind_kph"": 16.6}","{""away_row"": {""intDraw"": ""6.6"", ""intGoalsAgainst"": ""41.8"", ""intGoalsFor"": ""73.0"", ""intLoss"": ""8.2"", ""intPlayed"": ""38.0"", ""intPoints"": ""76.2"", ""intWin"": ""23.2"", ""strTeam"": ""League Average""}, ""home_row"": {""dateUpdated"": ""2026-06-01 23:01:44"", ""idLeague"": ""4335"", ""idStanding"": ""9673810"", ""idTeam"": ""133739"", ""intDraw"": ""1"", ""intGoalDifference"": ""59"", ""intGoalsAgainst"": ""36"", ""intGoalsFor"": ""95"", ""intLoss"": ""6"", ""intPlayed"": ""38"", ""intPoints"": ""94"", ""intRank"": ""1"", ""intWin"": ""31"", ""strBadge"": ""https://r2.thesportsdb.com/images/media/team/badge/wq9sir1639406443.png/tiny"", ""strDescription"": ""Promotion - Champions League (League phase)"", ""strForm"": ""LWLWW"", ""strLeague"": ""Spanish La Liga"", ""strSeason"": ""2025-2026"", ""strTeam"": ""Barcelona""}}","{""away_form"": 0.697, ""away_ga_pg"": 1.1, ""away_gf_pg"": 1.921, ""away_ppg"": 2.005, ""away_rank"": null, ""home_form"": 0.829, ""home_ga_pg"": 0.947, ""home_gf_pg"": 2.5, ""home_ppg"": 2.474, ""home_rank"": 1.0, ""merged_sources"": [""thesportsdb""], ""thesportsdb_away_form_score"": 0.697, ""thesportsdb_away_ga_pg"": 1.1, ""thesportsdb_away_gf_pg"": 1.921, ""thesportsdb_away_ppg"": 2.005, ""thesportsdb_away_rank"": null, ""thesportsdb_draw_probability"": 0.2216042105263158, ""thesportsdb_home_form_score"": 0.829, ""thesportsdb_home_ga_pg"": 0.947, ""thesportsdb_home_gf_pg"": 2.5, ""thesportsdb_home_ppg"": 2.474, ""thesportsdb_home_rank"": 1.0, ""thesportsdb_partial_context"": true, ""weather_adjustment_applied"": false, ""weather_adjustment_reasons"": [], ""weather_away_team"": ""Carolina Ascent II"", ""weather_city"": ""Carolina"", ""weather_condition"": ""Sunny"", ""weather_context_applied"": true, ""weather_country"": ""United States of America"", ""weather_home_team"": ""North Carolina Fusion"", ""weather_precip_mm"": 0.0, ""weather_query"": ""North Carolina Fusion"", ""weather_source"": ""weatherapi"", ""weather_temp_c"": 26.8, ""weather_total_factor"": 1.0, ""weather_wind_kph"": 16.6}",cfd6aad8f30aa1372ebbb4cf5c1e5bf869784185,1
soccer|connecticut|vermont green|2026-06-02,sstats,xg_form,2026-06-02T19:04:41.709158+00:00,,,65.0,"{""away_win_probability"": 0.5853, ""expected_away"": 2.94, ""expected_home"": 1.263, ""home_win_probability"": 0.2515}","{""away_recent"": [{""goals_against"": 1.0, ""goals_for"": 2.0, ""home"": false, ""league"": ""USL League Two"", ""opponent"": ""Black Rock"", ""opponent_key"": ""black rock"", ""start"": ""2026-05-27T22:00:00+00:00"", ""team"": ""Vermont Green"", ""team_key"": ""vermont green""}, {""goals_against"": 0.0, ""goals_for"": 9.0, ""home"": true, ""league"": ""USL League Two"", ""opponent"": ""Blackwatch Rush"", ""opponent_key"": ""blackwatch rush"", ""start"": ""2026-05-22T23:00:00+00:00"", ""team"": ""Vermont Green"", ""team_key"": ""vermont green""}, {""goals_against"": 1.0, ""goals_for"": 4.0, ""home"": false, ""league"": ""USL League Two"", ""opponent"": ""Boston Bolts"", ""opponent_key"": ""boston bolts"", ""start"": ""2026-05-19T18:00:00+00:00"", ""team"": ""Vermont Green"", ""team_key"": ""vermont green""}, {""goals_against"": 0.0, ""goals_for"": 2.0, ""home"": false, ""league"": ""USL League Two"", ""opponent"": ""Seacoast United Phantoms"", ""opponent_key"": ""seacoast united phantoms"", ""start"": ""2026-05-16T20:00:00+00:00"", ""team"": ""Vermont Green"", ""team_key"": ""vermont green""}], ""home_recent"": [{""goals_against"": 0.0, ""goals_for"": 4.0, ""home"": true, ""league"": ""USL League Two"", ""opponent"": ""Boston City"", ""opponent_key"": ""boston city"", ""start"": ""2026-05-30T22:00:00+00:00"", ""team"": ""AC Connecticut"", ""team_key"": ""connecticut""}, {""goals_against"": 3.0, ""goals_for"": 1.0, ""home"": true, ""league"": ""USL League Two"", ""opponent"": ""Blackwatch Rush"", ""opponent_key"": ""blackwatch rush"", ""start"": ""2026-05-27T23:00:00+00:00"", ""team"": ""AC Connecticut"", ""team_key"": ""connecticut""}, {""goals_against"": 3.0, ""goals_for"": 1.0, ""home"": true, ""league"": ""USL League Two"", ""opponent"": ""Connecticut Rush"", ""opponent_key"": ""connecticut rush"", ""start"": ""2026-05-20T23:00:00+00:00"", ""team"": ""AC Connecticut"", ""team_key"": ""connecticut""}, {""goals_against"": 4.0, ""goals_for"": 1.0, ""home"": false, ""league"": ""USL League Two"", ""opponent"": ""New England FC"", ""opponent_key"": ""new england"", ""start"": ""2026-05-16T23:00:00+00:00"", ""team"": ""AC Connecticut"", ""team_key"": ""connecticut""}, {""goals_against"": 2.0, ""goals_for"": 2.0, ""home"": false, ""league"": ""MLS Next Pro"", ""opponent"": ""Huntsville City"", ""opponent_key"": ""huntsville city"", ""start"": ""2026-05-31T00:00:00+00:00"", ""team"": ""Connecticut FC"", ""team_key"": ""connecticut""}, {""goals_against"": 1.0, ""goals_for"": 3.0, ""home"": false, ""league"": ""MLS Next Pro"", ""opponent"": ""New York RB II"", ""opponent_key"": ""new york rb 2"", ""start"": ""2026-05-24T23:00:00+00:00"", ""team"": ""Connecticut FC"", ""team_key"": ""connecticut""}, {""goals_against"": 2.0, ""goals_for"": 0.0, ""home"": true, ""league"": ""MLS Next Pro"", ""opponent"": ""Toronto II"", ""opponent_key"": ""toronto 2"", ""start"": ""2026-05-16T22:00:00+00:00"", ""team"": ""Connecticut FC"", ""team_key"": ""connecticut""}, {""goals_against"": 0.0, ""goals_for"": 0.0, ""home"": true, ""league"": ""MLS Next Pro"", ""opponent"": ""New England II"", ""opponent_key"": ""new england 2"", ""start"": ""2026-05-03T22:00:00+00:00"", ""team"": ""Connecticut FC"", ""team_key"": ""connecticut""}, {""goals_against"": 2.0, ""goals_for"": 1.0, ""home"": true, ""league"": ""MLS Next Pro"", ""opponent"": ""Philadelphia Union II"", ""opponent_key"": ""philadelphia union 2"", ""start"": ""2026-04-26T19:00:00+00:00"", ""team"": ""Connecticut FC"", ""team_key"": ""connecticut""}, {""goals_against"": 2.0, ""goals_for"": 1.0, ""home"": false, ""league"": ""MLS Next Pro"", ""opponent"": ""New York City II"", ""opponent_key"": ""new york city 2"", ""start"": ""2026-04-19T20:00:00+00:00"", ""team"": ""Connecticut FC"", ""team_key"": ""connecticut""}], ""mode"": ""team_form""}","{""away_goals_against_avg"": 0.5, ""away_goals_for_avg"": 4.25, ""away_recent_count"": 4, ""away_team_key"": ""vermont green"", ""home_goals_against_avg"": 1.9, ""home_goals_for_avg"": 1.4, ""home_recent_count"": 10, ""home_team_key"": ""connecticut"", ""league_overlap_count"": 8, ""provider_odds_hints_count"": 0, ""sstats_mode"": ""team_form""}",a0aa4d8ed7bea068102c40fb303691cad92c210e,1
soccer|connecticut|vermont green|2026-06-02,weather,weather,2026-06-02T19:04:41.709158+00:00,,,65.0,"{""away_win_probability"": 0.5853, ""expected_away"": 2.94, ""expected_home"": 1.263, ""home_win_probability"": 0.2515, ""weather_adjustment_applied"": false, ""weather_adjustment_reasons"": [], ""weather_away_team"": ""Vermont Green"", ""weather_city"": ""Ac Ckhirat"", ""weather_condition"": ""Clear"", ""weather_context_applied"": true, ""weather_country"": ""Morocco"", ""weather_home_team"": ""AC Connecticut"", ""weather_precip_mm"": 0.0, ""weather_query"": ""AC Connecticut"", ""weather_source"": ""weatherapi"", ""weather_temp_c"": 19.4, ""weather_total_factor"": 1.0, ""weather_wind_kph"": 7.9}","{""away_recent"": [{""goals_against"": 1.0, ""goals_for"": 2.0, ""home"": false, ""league"": ""USL League Two"", ""opponent"": ""Black Rock"", ""opponent_key"": ""black rock"", ""start"": ""2026-05-27T22:00:00+00:00"", ""team"": ""Vermont Green"", ""team_key"": ""vermont green""}, {""goals_against"": 0.0, ""goals_for"": 9.0, ""home"": true, ""league"": ""USL League Two"", ""opponent"": ""Blackwatch Rush"", ""opponent_key"": ""blackwatch rush"", ""start"": ""2026-05-22T23:00:00+00:00"", ""team"": ""Vermont Green"", ""team_key"": ""vermont green""}, {""goals_against"": 1.0, ""goals_for"": 4.0, ""home"": false, ""league"": ""USL League Two"", ""opponent"": ""Boston Bolts"", ""opponent_key"": ""boston bolts"", ""start"": ""2026-05-19T18:00:00+00:00"", ""team"": ""Vermont Green"", ""team_key"": ""vermont green""}, {""goals_against"": 0.0, ""goals_for"": 2.0, ""home"": false, ""league"": ""USL League Two"", ""opponent"": ""Seacoast United Phantoms"", ""opponent_key"": ""seacoast united phantoms"", ""start"": ""2026-05-16T20:00:00+00:00"", ""team"": ""Vermont Green"", ""team_key"": ""vermont green""}], ""home_recent"": [{""goals_against"": 0.0, ""goals_for"": 4.0, ""home"": true, ""league"": ""USL League Two"", ""opponent"": ""Boston City"", ""opponent_key"": ""boston city"", ""start"": ""2026-05-30T22:00:00+00:00"", ""team"": ""AC Connecticut"", ""team_key"": ""connecticut""}, {""goals_against"": 3.0, ""goals_for"": 1.0, ""home"": true, ""league"": ""USL League Two"", ""opponent"": ""Blackwatch Rush"", ""opponent_key"": ""blackwatch rush"", ""start"": ""2026-05-27T23:00:00+00:00"", ""team"": ""AC Connecticut"", ""team_key"": ""connecticut""}, {""goals_against"": 3.0, ""goals_for"": 1.0, ""home"": true, ""league"": ""USL League Two"", ""opponent"": ""Connecticut Rush"", ""opponent_key"": ""connecticut rush"", ""start"": ""2026-05-20T23:00:00+00:00"", ""team"": ""AC Connecticut"", ""team_key"": ""connecticut""}, {""goals_against"": 4.0, ""goals_for"": 1.0, ""home"": false, ""league"": ""USL League Two"", ""opponent"": ""New England FC"", ""opponent_key"": ""new england"", ""start"": ""2026-05-16T23:00:00+00:00"", ""team"": ""AC Connecticut"", ""team_key"": ""connecticut""}, {""goals_against"": 2.0, ""goals_for"": 2.0, ""home"": false, ""league"": ""MLS Next Pro"", ""opponent"": ""Huntsville City"", ""opponent_key"": ""huntsville city"", ""start"": ""2026-05-31T00:00:00+00:00"", ""team"": ""Connecticut FC"", ""team_key"": ""connecticut""}, {""goals_against"": 1.0, ""goals_for"": 3.0, ""home"": false, ""league"": ""MLS Next Pro"", ""opponent"": ""New York RB II"", ""opponent_key"": ""new york rb 2"", ""start"": ""2026-05-24T23:00:00+00:00"", ""team"": ""Connecticut FC"", ""team_key"": ""connecticut""}, {""goals_against"": 2.0, ""goals_for"": 0.0, ""home"": true, ""league"": ""MLS Next Pro"", ""opponent"": ""Toronto II"", ""opponent_key"": ""toronto 2"", ""start"": ""2026-05-16T22:00:00+00:00"", ""team"": ""Connecticut FC"", ""team_key"": ""connecticut""}, {""goals_against"": 0.0, ""goals_for"": 0.0, ""home"": true, ""league"": ""MLS Next Pro"", ""opponent"": ""New England II"", ""opponent_key"": ""new england 2"", ""start"": ""2026-05-03T22:00:00+00:00"", ""team"": ""Connecticut FC"", ""team_key"": ""connecticut""}, {""goals_against"": 2.0, ""goals_for"": 1.0, ""home"": true, ""league"": ""MLS Next Pro"", ""opponent"": ""Philadelphia Union II"", ""opponent_key"": ""philadelphia union 2"", ""start"": ""2026-04-26T19:00:00+00:00"", ""team"": ""Connecticut FC"", ""team_key"": ""connecticut""}, {""goals_against"": 2.0, ""goals_for"": 1.0, ""home"": false, ""league"": ""MLS Next Pro"", ""opponent"": ""New York City II"", ""opponent_key"": ""new york city 2"", ""start"": ""2026-04-19T20:00:00+00:00"", ""team"": ""Connecticut FC"", ""team_key"": ""connecticut""}], ""mode"": ""team_form""}","{""away_goals_against_avg"": 0.5, ""away_goals_for_avg"": 4.25, ""away_recent_count"": 4, ""away_team_key"": ""vermont green"", ""home_goals_against_avg"": 1.9, ""home_goals_for_avg"": 1.4, ""home_recent_count"": 10, ""home_team_key"": ""connecticut"", ""league_overlap_count"": 8, ""merged_sources"": [""sstats_form""], ""provider_odds_hints_count"": 0, ""sstats_mode"": ""team_form"", ""weather_adjustment_applied"": false, ""weather_adjustment_reasons"": [], ""weather_away_team"": ""Vermont Green"", ""weather_city"": ""Ac Ckhirat"", ""weather_condition"": ""Clear"", ""weather_context_applied"": true, ""weather_country"": ""Morocco"", ""weather_home_team"": ""AC Connecticut"", ""weather_precip_mm"": 0.0, ""weather_query"": ""AC Connecticut"", ""weather_source"": ""weatherapi"", ""weather_temp_c"": 19.4, ""weather_total_factor"": 1.0, ""weather_wind_kph"": 7.9}",d6afa49c87cb465053363dff1c8e1a1dfc71d826,1
soccer|cuenca|la union|2026-06-02,sstats,xg_form,2026-06-02T19:04:41.709158+00:00,,,68.0,"{""away_win_probability"": 0.5555555555555556, ""expected_away"": 1.3333333333333333, ""expected_home"": 0.5714285714285714, ""home_win_probability"": 0.23809523809523808, ""sstats_away_win_probability"": 0.5555555555555556, ""sstats_home_win_probability"": 0.23809523809523808}","{""awayFTResult"": null, ""awayHTResult"": null, ""awayResult"": null, ""awayTeam"": {""country"": {""code"": ""EC"", ""name"": ""Ecuador""}, ""flashId"": ""dep-cuenca/KQ6zRt9a"", ""id"": 1154, ""name"": ""Deportivo Cuenca""}, ""date"": ""2026-06-02T20:30:00+00:00"", ""dateUtc"": 1780432200, ""flashId"": null, ""homeFTResult"": null, ""homeHTResult"": null, ""homeResult"": null, ""homeTeam"": {""country"": {""code"": ""EC"", ""name"": ""Ecuador""}, ""flashId"": null, ""id"": 19413, ""name"": ""La Unión""}, ""id"": 1542923, ""odds"": [{""marketId"": 1, ""marketName"": null, ""odds"": [{""name"": ""Home"", ""openingValue"": null, ""value"": 4.2}, {""name"": ""Away"", ""openingValue"": null, ""value"": 1.8}, {""name"": ""Draw"", ""openingValue"": null, ""value"": 3.2}]}, {""marketId"": 2, ""marketName"": null, ""odds"": [{""name"": ""Home"", ""openingValue"": null, ""value"": 3.1}, {""name"": ""Away"", ""openingValue"": null, ""value"": 1.33}]}, {""marketId"": 12, ""marketName"": null, ""odds"": [{""name"": ""Home/Draw"", ""openingValue"": null, ""value"": 1.91}, {""name"": ""Home/Away"", ""openingValue"": null, ""value"": 1.25}, {""name"": ""Draw/Away"", ""openingValue"": null, ""value"": 1.14}]}, {""marketId"": 5, ""marketName"": null, ""odds"": [{""name"": ""Over 2.5"", ""openingValue"": null, ""value"": 2.35}, {""name"": ""Under 2.5"", ""openingValue"": null, ""value"": 1.55}]}, {""marketId"": 16, ""marketName"": null, ""odds"": [{""name"": ""Over 0.5"", ""openingValue"": null, ""value"": 1.65}, {""name"": ""Under 0.5"", ""openingValue"": null, ""value"": 2.05}]}, {""marketId"": 17, ""marketName"": null, ""odds"": [{""name"": ""Over 1.5"", ""openingValue"": null, ""value"": 2.1}, {""name"": ""Under 1.5"", ""openingValue"": null, ""value"": 1.6}]}], ""roundName"": ""Round of 32"", ""season"": {""league"": {""country"": {""code"": ""EC"", ""name"": ""Ecuador""}, ""flashScoreId"": ""ecuador/copa-ecuador"", ""id"": 917, ""name"": ""Copa Ecuador""}, ""uid"": ""3839bb29-3016-11f1-9833-3cecef730a49"", ""year"": 2025}, ""status"": 2, ""statusName"": ""Not Started""}","{""has_expected_goals"": true, ""provider_metric_hints"": {""prob_away_win"": 0.55556, ""prob_home_win"": 0.2381}, ""provider_metric_hints_count"": 2, ""provider_odds_hints_count"": 0, ""sstats_away_win_probability"": 0.5555555555555556, ""sstats_deep_endpoint_count"": 3, ""sstats_deep_endpoints"": {""game_id"": ""1542923"", ""glicko"": {""data"": null, ""message"": ""Для данного матча отсутствует Glicko аналитика"", ""status"": ""error"", ""traceId"": ""00-39f418e1c18ab97d5920a018c08f5446-5c8b47110e937f75-00""}, ""injuries"": {""count"": 0, ""data"": [], ""status"": ""OK"", ""traceId"": ""00-fd33e14896ce37fd7e2d2d47aaf41110-58ef53c463afa148-00""}, ""last_games_stats"": {""away"": {""avgCards"": 1.9565217, ""avgCardsOpp"": 2.6956522, ""avgConceded"": 1.04, ""avgCorners"": 3.9565217, ""avgCornersOpp"": 4.521739, ""avgDrawOdds"": 3.255, ""avgLoseOdds"": 2.8945453, ""avgOddsXg"": 1.1062604, ""avgOddsXgConceded"": 1.2125348, ""avgOffsides"": 2.5238094, ""avgOffsidesOpp"": 0.95238096, ""avgOppShots"": 14.73913, ""avgScore"": 1.12, ""avgShots"": 12.913043, ""avgWinOdds"": 3.3500001, ""draws"": 6, ""gamesCount"": 25, ""loses"": 7, ""maeOddsXg"": 0.013739586, ""maeOddsXgConceded"": 0.17253482, ""profits"": {""drawProfit"": -6.42, ""loseNoBet"": -5.5, ""loseOrDrawProfit"": -4.74, ""loseProfit"": -6.2700005, ""winNoBet"": 3.0500002, ""winOrDrawProfit"": -0.009999871, ""winOrLoseProfit"": 0.6, ""winProfit"": 6.0899997}, ""rmseXg"": 0.6384777, ""rmseXgConceded"": 1.1512011, ""wins"": 12}, ""home"": {""avgCards"": null, ""avgCardsOpp"": null, ""avgConceded"": 0.6514478, ""avgCorners"": null, ""avgCornersOpp"": null, ""avgDrawOdds"": null, ""avgLoseOdds"": null, ""avgOddsXg"": null, ""avgOddsXgConceded"": null, ""avgOffsides"": null, ""avgOffsidesOpp"": null, ""avgOppShots"": null, ""avgScore"": 0.9245887, ""avgShots"": null, ""avgWinOdds"": null, ""draws"": 2, ""gamesCount"": 6, ""loses"": 1, ""maeOddsXg"": null, ""maeOddsXgConceded"": null, ""profits"": {""drawProfit"": 0, ""loseNoBet"": 0, ""loseOrDrawProfit"": 0, ""loseProfit"": 0, ""winNoBet"": 0, ""winOrDrawProfit"": 0, ""winOrLoseProfit"": 0, ""winProfit"": 0}, ""rmseXg"": null, ""rmseXgConceded"": null, ""wins"": 3}}}, ""sstats_home_win_probability"": 0.23809523809523808}",0fe8595fbcd1da0b0716be3b2fde6e0595c621f4,1
soccer|reading united|west chester united usl2|2026-06-03,sstats,xg_form,2026-06-02T19:04:41.709158+00:00,,,65.0,"{""away_win_probability"": 0.3653, ""expected_away"": 1.051, ""expected_home"": 1.007, ""home_win_probability"": 0.3498}","{""away_recent"": [{""goals_against"": 0.0, ""goals_for"": 3.0, ""home"": false, ""league"": ""USL League Two"", ""opponent"": ""Eagle FC"", ""opponent_key"": ""eagle"", ""start"": ""2026-05-30T23:00:00+00:00"", ""team"": ""Reading United"", ""team_key"": ""reading united""}, {""goals_against"": 1.0, ""goals_for"": 0.0, ""home"": false, ""league"": ""USL League Two"", ""opponent"": ""Real Central New Jersey"", ""opponent_key"": ""real central new jersey"", ""start"": ""2026-05-27T23:00:00+00:00"", ""team"": ""Reading United"", ""team_key"": ""reading united""}, {""goals_against"": 3.0, ""goals_for"": 1.0, ""home"": false, ""league"": ""USL League Two"", ""opponent"": ""Lehigh Valley United"", ""opponent_key"": ""lehigh valley united"", ""start"": ""2026-05-23T23:00:00+00:00"", ""team"": ""Reading United"", ""team_key"": ""reading united""}], ""home_recent"": [{""goals_against"": 0.0, ""goals_for"": 1.0, ""home"": true, ""league"": ""I-League - 2nd Division"", ""opponent"": ""Sudeva"", ""opponent_key"": ""sudeva"", ""start"": ""2026-05-09T09:30:00+00:00"", ""team"": ""United"", ""team_key"": ""united""}, {""goals_against"": 1.0, ""goals_for"": 1.0, ""home"": true, ""league"": ""I-League - 2nd Division"", ""opponent"": ""Karbi Anglong Morning Star FC"", ""opponent_key"": ""karbi anglong morning star"", ""start"": ""2026-05-02T09:30:00+00:00"", ""team"": ""United"", ""team_key"": ""united""}, {""goals_against"": 0.0, ""goals_for"": 1.0, ""home"": true, ""league"": ""I-League - 2nd Division"", ""opponent"": ""NEROCA"", ""opponent_key"": ""neroca"", ""start"": ""2026-04-26T09:30:00+00:00"", ""team"": ""United"", ""team_key"": ""united""}], ""mode"": ""team_form""}","{""away_goals_against_avg"": 1.333, ""away_goals_for_avg"": 1.333, ""away_recent_count"": 3, ""away_team_key"": ""reading united"", ""home_goals_against_avg"": 0.333, ""home_goals_for_avg"": 1.0, ""home_recent_count"": 3, ""home_team_key"": ""united"", ""league_overlap_count"": 3, ""provider_odds_hints_count"": 0, ""sstats_mode"": ""team_form""}",c93ecf67df2b35b120f6ca3b19241345d439e430,1
soccer|brave|nona|2026-06-02,sstats,xg_form,2026-06-02T19:04:41.709158+00:00,,,65.0,"{""away_win_probability"": 0.1523, ""expected_away"": 0.535, ""expected_home"": 2.157, ""home_win_probability"": 0.6142}","{""away_recent"": [{""goals_against"": 2.0, ""goals_for"": 1.0, ""home"": true, ""league"": ""League Two"", ""opponent"": ""Newport County"", ""opponent_key"": ""newport county"", ""start"": ""2026-05-02T14:00:00+00:00"", ""team"": ""Barrow"", ""team_key"": ""barrow""}, {""goals_against"": 3.0, ""goals_for"": 0.0, ""home"": false, ""league"": ""League Two"", ""opponent"": ""Cambridge United"", ""opponent_key"": ""cambridge united"", ""start"": ""2026-04-25T14:00:00+00:00"", ""team"": ""Barrow"", ""team_key"": ""barrow""}, {""goals_against"": 3.0, ""goals_for"": 1.0, ""home"": true, ""league"": ""League Two"", ""opponent"": ""Walsall"", ""opponent_key"": ""walsall"", ""start"": ""2026-04-18T11:30:00+00:00"", ""team"": ""Barrow"", ""team_key"": ""barrow""}], ""home_recent"": [{""goals_against"": 0.0, ""goals_for"": 0.0, ""home"": true, ""league"": ""USL League Two"", ""opponent"": ""Sporting Jax 2"", ""opponent_key"": ""sporting jax 2"", ""start"": ""2026-05-26T23:00:00+00:00"", ""team"": ""Nona"", ""team_key"": ""nona""}, {""goals_against"": 1.0, ""goals_for"": 5.0, ""home"": true, ""league"": ""USL League Two"", ""opponent"": ""Shark Coast"", ""opponent_key"": ""shark coast"", ""start"": ""2026-05-20T23:00:00+00:00"", ""team"": ""Nona"", ""team_key"": ""nona""}, {""goals_against"": 1.0, ""goals_for"": 1.0, ""home"": false, ""league"": ""USL League Two"", ""opponent"": ""Brooke House"", ""opponent_key"": ""brooke house"", ""start"": ""2026-05-16T21:00:00+00:00"", ""team"": ""Nona"", ""team_key"": ""nona""}], ""mode"": ""team_form""}","{""away_goals_against_avg"": 2.667, ""away_goals_for_avg"": 0.667, ""away_recent_count"": 3, ""away_team_key"": ""barrow"", ""home_goals_against_avg"": 0.667, ""home_goals_for_avg"": 2.0, ""home_recent_count"": 3, ""home_team_key"": ""nona"", ""league_overlap_count"": 6, ""provider_odds_hints_count"": 0, ""sstats_mode"": ""team_form""}",61d1e476968e4a4f3fa463de38d660dd039a7f7d,1
soccer|brave|nona|2026-06-02,weather,weather,2026-06-02T19:04:41.709158+00:00,,,65.8,"{""away_win_probability"": 0.1523, ""expected_away"": 0.5136000000000001, ""expected_home"": 2.07072, ""home_win_probability"": 0.6142, ""weather_adjustment_applied"": true, ""weather_adjustment_reasons"": [""wind""], ""weather_away_team"": ""Brave SC"", ""weather_city"": ""Nona"", ""weather_condition"": ""Partly Cloudy"", ""weather_context_applied"": true, ""weather_country"": ""Croatia"", ""weather_home_team"": ""Nona FC"", ""weather_precip_mm"": 0.0, ""weather_query"": ""Nona FC"", ""weather_source"": ""weatherapi"", ""weather_temp_c"": 19.5, ""weather_total_factor"": 0.96, ""weather_wind_kph"": 23.8}","{""away_recent"": [{""goals_against"": 2.0, ""goals_for"": 1.0, ""home"": true, ""league"": ""League Two"", ""opponent"": ""Newport County"", ""opponent_key"": ""newport county"", ""start"": ""2026-05-02T14:00:00+00:00"", ""team"": ""Barrow"", ""team_key"": ""barrow""}, {""goals_against"": 3.0, ""goals_for"": 0.0, ""home"": false, ""league"": ""League Two"", ""opponent"": ""Cambridge United"", ""opponent_key"": ""cambridge united"", ""start"": ""2026-04-25T14:00:00+00:00"", ""team"": ""Barrow"", ""team_key"": ""barrow""}, {""goals_against"": 3.0, ""goals_for"": 1.0, ""home"": true, ""league"": ""League Two"", ""opponent"": ""Walsall"", ""opponent_key"": ""walsall"", ""start"": ""2026-04-18T11:30:00+00:00"", ""team"": ""Barrow"", ""team_key"": ""barrow""}], ""home_recent"": [{""goals_against"": 0.0, ""goals_for"": 0.0, ""home"": true, ""league"": ""USL League Two"", ""opponent"": ""Sporting Jax 2"", ""opponent_key"": ""sporting jax 2"", ""start"": ""2026-05-26T23:00:00+00:00"", ""team"": ""Nona"", ""team_key"": ""nona""}, {""goals_against"": 1.0, ""goals_for"": 5.0, ""home"": true, ""league"": ""USL League Two"", ""opponent"": ""Shark Coast"", ""opponent_key"": ""shark coast"", ""start"": ""2026-05-20T23:00:00+00:00"", ""team"": ""Nona"", ""team_key"": ""nona""}, {""goals_against"": 1.0, ""goals_for"": 1.0, ""home"": false, ""league"": ""USL League Two"", ""opponent"": ""Brooke House"", ""opponent_key"": ""brooke house"", ""start"": ""2026-05-16T21:00:00+00:00"", ""team"": ""Nona"", ""team_key"": ""nona""}], ""mode"": ""team_form""}","{""away_goals_against_avg"": 2.667, ""away_goals_for_avg"": 0.667, ""away_recent_count"": 3, ""away_team_key"": ""barrow"", ""home_goals_against_avg"": 0.667, ""home_goals_for_avg"": 2.0, ""home_recent_count"": 3, ""home_team_key"": ""nona"", ""league_overlap_count"": 6, ""merged_sources"": [""sstats_form""], ""provider_odds_hints_count"": 0, ""sstats_mode"": ""team_form"", ""weather_adjustment_applied"": true, ""weather_adjustment_reasons"": [""wind""], ""weather_away_team"": ""Brave SC"", ""weather_city"": ""Nona"", ""weather_condition"": ""Partly Cloudy"", ""weather_context_applied"": true, ""weather_country"": ""Croatia"", ""weather_home_team"": ""Nona FC"", ""weather_precip_mm"": 0.0, ""weather_query"": ""Nona FC"", ""weather_source"": ""weatherapi"", ""weather_temp_c"": 19.5, ""weather_total_factor"": 0.96, ""weather_wind_kph"": 23.8}",21fa3512dd97a53e56e94faf7a9b647902598918,1
soccer|boston bolts|vermont green|2026-06-02,sstats,xg_form,2026-06-02T19:04:41.709158+00:00,,,65.0,"{""away_win_probability"": 0.2163, ""expected_away"": 1.192, ""expected_home"": 3.498, ""home_win_probability"": 0.6349}","{""away_recent"": [{""goals_against"": 1.0, ""goals_for"": 1.0, ""home"": true, ""league"": ""USL League Two"", ""opponent"": ""Black Rock"", ""opponent_key"": ""black rock"", ""start"": ""2026-05-30T23:00:00+00:00"", ""team"": ""Boston Bolts"", ""team_key"": ""boston bolts""}, {""goals_against"": 2.0, ""goals_for"": 1.0, ""home"": true, ""league"": ""USL League Two"", ""opponent"": ""New England FC"", ""opponent_key"": ""new england"", ""start"": ""2026-05-27T23:00:00+00:00"", ""team"": ""Boston Bolts"", ""team_key"": ""boston bolts""}, {""goals_against"": 0.0, ""goals_for"": 3.0, ""home"": false, ""league"": ""USL League Two"", ""opponent"": ""Boston City"", ""opponent_key"": ""boston city"", ""start"": ""2026-05-23T23:00:00+00:00"", ""team"": ""Boston Bolts"", ""team_key"": ""boston bolts""}, {""goals_against"": 4.0, ""goals_for"": 1.0, ""home"": true, ""league"": ""USL League Two"", ""opponent"": ""Vermont Green"", ""opponent_key"": ""vermont green"", ""start"": ""2026-05-19T18:00:00+00:00"", ""team"": ""Boston Bolts"", ""team_key"": ""boston bolts""}], ""home_recent"": [{""goals_against"": 1.0, ""goals_for"": 2.0, ""home"": false, ""league"": ""USL League Two"", ""opponent"": ""Black Rock"", ""opponent_key"": ""black rock"", ""start"": ""2026-05-27T22:00:00+00:00"", ""team"": ""Vermont Green"", ""team_key"": ""vermont green""}, {""goals_against"": 0.0, ""goals_for"": 9.0, ""home"": true, ""league"": ""USL League Two"", ""opponent"": ""Blackwatch Rush"", ""opponent_key"": ""blackwatch rush"", ""start"": ""2026-05-22T23:00:00+00:00"", ""team"": ""Vermont Green"", ""team_key"": ""vermont green""}, {""goals_against"": 1.0, ""goals_for"": 4.0, ""home"": false, ""league"": ""USL League Two"", ""opponent"": ""Boston Bolts"", ""opponent_key"": ""boston bolts"", ""start"": ""2026-05-19T18:00:00+00:00"", ""team"": ""Vermont Green"", ""team_key"": ""vermont green""}, {""goals_against"": 0.0, ""goals_for"": 2.0, ""home"": false, ""league"": ""USL League Two"", ""opponent"": ""Seacoast United Phantoms"", ""opponent_key"": ""seacoast united phantoms"", ""start"": ""2026-05-16T20:00:00+00:00"", ""team"": ""Vermont Green"", ""team_key"": ""vermont green""}], ""mode"": ""team_form""}","{""away_goals_against_avg"": 1.75, ""away_goals_for_avg"": 1.5, ""away_recent_count"": 4, ""away_team_key"": ""boston bolts"", ""home_goals_against_avg"": 0.5, ""home_goals_for_avg"": 4.25, ""home_recent_count"": 4, ""home_team_key"": ""vermont green"", ""league_overlap_count"": 8, ""provider_odds_hints_count"": 0, ""sstats_mode"": ""team_form""}",8ece601301eb66ec1f1bcdf8bfd52534795a5370,1
soccer|boston bolts|vermont green|2026-06-02,weather,weather,2026-06-02T19:04:41.709158+00:00,,,65.0,"{""away_win_probability"": 0.2163, ""expected_away"": 1.192, ""expected_home"": 3.498, ""home_win_probability"": 0.6349, ""weather_adjustment_applied"": false, ""weather_adjustment_reasons"": [], ""weather_away_team"": ""Boston Bolts"", ""weather_city"": ""Green Acres"", ""weather_condition"": ""Sunny"", ""weather_context_applied"": true, ""weather_country"": ""United States of America"", ""weather_home_team"": ""Vermont Green FC"", ""weather_precip_mm"": 0.0, ""weather_query"": ""Vermont Green FC"", ""weather_source"": ""weatherapi"", ""weather_temp_c"": 20.8, ""weather_total_factor"": 1.0, ""weather_wind_kph"": 15.5}","{""away_recent"": [{""goals_against"": 1.0, ""goals_for"": 1.0, ""home"": true, ""league"": ""USL League Two"", ""opponent"": ""Black Rock"", ""opponent_key"": ""black rock"", ""start"": ""2026-05-30T23:00:00+00:00"", ""team"": ""Boston Bolts"", ""team_key"": ""boston bolts""}, {""goals_against"": 2.0, ""goals_for"": 1.0, ""home"": true, ""league"": ""USL League Two"", ""opponent"": ""New England FC"", ""opponent_key"": ""new england"", ""start"": ""2026-05-27T23:00:00+00:00"", ""team"": ""Boston Bolts"", ""team_key"": ""boston bolts""}, {""goals_against"": 0.0, ""goals_for"": 3.0, ""home"": false, ""league"": ""USL League Two"", ""opponent"": ""Boston City"", ""opponent_key"": ""boston city"", ""start"": ""2026-05-23T23:00:00+00:00"", ""team"": ""Boston Bolts"", ""team_key"": ""boston bolts""}, {""goals_against"": 4.0, ""goals_for"": 1.0, ""home"": true, ""league"": ""USL League Two"", ""opponent"": ""Vermont Green"", ""opponent_key"": ""vermont green"", ""start"": ""2026-05-19T18:00:00+00:00"", ""team"": ""Boston Bolts"", ""team_key"": ""boston bolts""}], ""home_recent"": [{""goals_against"": 1.0, ""goals_for"": 2.0, ""home"": false, ""league"": ""USL League Two"", ""opponent"": ""Black Rock"", ""opponent_key"": ""black rock"", ""start"": ""2026-05-27T22:00:00+00:00"", ""team"": ""Vermont Green"", ""team_key"": ""vermont green""}, {""goals_against"": 0.0, ""goals_for"": 9.0, ""home"": true, ""league"": ""USL League Two"", ""opponent"": ""Blackwatch Rush"", ""opponent_key"": ""blackwatch rush"", ""start"": ""2026-05-22T23:00:00+00:00"", ""team"": ""Vermont Green"", ""team_key"": ""vermont green""}, {""goals_against"": 1.0, ""goals_for"": 4.0, ""home"": false, ""league"": ""USL League Two"", ""opponent"": ""Boston Bolts"", ""opponent_key"": ""boston bolts"", ""start"": ""2026-05-19T18:00:00+00:00"", ""team"": ""Vermont Green"", ""team_key"": ""vermont green""}, {""goals_against"": 0.0, ""goals_for"": 2.0, ""home"": false, ""league"": ""USL League Two"", ""opponent"": ""Seacoast United Phantoms"", ""opponent_key"": ""seacoast united phantoms"", ""start"": ""2026-05-16T20:00:00+00:00"", ""team"": ""Vermont Green"", ""team_key"": ""vermont green""}], ""mode"": ""team_form""}","{""away_goals_against_avg"": 1.75, ""away_goals_for_avg"": 1.5, ""away_recent_count"": 4, ""away_team_key"": ""boston bolts"", ""home_goals_against_avg"": 0.5, ""home_goals_for_avg"": 4.25, ""home_recent_count"": 4, ""home_team_key"": ""vermont green"", ""league_overlap_count"": 8, ""merged_sources"": [""sstats_form""], ""provider_odds_hints_count"": 0, ""sstats_mode"": ""team_form"", ""weather_adjustment_applied"": false, ""weather_adjustment_reasons"": [], ""weather_away_team"": ""Boston Bolts"", ""weather_city"": ""Green Acres"", ""weather_condition"": ""Sunny"", ""weather_context_applied"": true, ""weather_country"": ""United States of America"", ""weather_home_team"": ""Vermont Green FC"", ""weather_precip_mm"": 0.0, ""weather_query"": ""Vermont Green FC"", ""weather_source"": ""weatherapi"", ""weather_temp_c"": 20.8, ""weather_total_factor"": 1.0, ""weather_wind_kph"": 15.5}",fe6f6a325ae2366501ff96e372b1d01aaa29da0a,1
soccer|cucuta|independiente medellin|2026-06-02,sstats,xg_form,2026-06-02T19:04:41.709158+00:00,,,65.0,"{""away_win_probability"": 0.202, ""expected_away"": 0.512, ""expected_home"": 1.201, ""home_win_probability"": 0.4742}","{""away_recent"": [{""goals_against"": 0.0, ""goals_for"": 0.0, ""home"": true, ""league"": ""Copa Colombia"", ""opponent"": ""Fortaleza FC"", ""opponent_key"": ""fortaleza"", ""start"": ""2026-05-29T21:00:00+00:00"", ""team"": ""Cucuta"", ""team_key"": ""cucuta""}, {""goals_against"": 0.0, ""goals_for"": 0.0, ""home"": true, ""league"": ""Copa Colombia"", ""opponent"": ""Leones FC"", ""opponent_key"": ""leones"", ""start"": ""2026-05-16T20:30:00+00:00"", ""team"": ""Cucuta"", ""team_key"": ""cucuta""}, {""goals_against"": 1.0, ""goals_for"": 1.0, ""home"": false, ""league"": ""Copa Colombia"", ""opponent"": ""Orsomarso"", ""opponent_key"": ""orsomarso"", ""start"": ""2026-05-09T22:00:00+00:00"", ""team"": ""Cucuta"", ""team_key"": ""cucuta""}, {""goals_against"": 2.0, ""goals_for"": 0.0, ""home"": false, ""league"": ""Primera A"", ""opponent"": ""Jaguares"", ""opponent_key"": ""jaguares"", ""start"": ""2026-05-02T21:00:00+00:00"", ""team"": ""Cucuta"", ""team_key"": ""cucuta""}, {""goals_against"": 1.0, ""goals_for"": 1.0, ""home"": true, ""league"": ""Primera A"", ""opponent"": ""Junior"", ""opponent_key"": ""junior"", ""start"": ""2026-04-24T21:00:00+00:00"", ""team"": ""Cucuta"", ""team_key"": ""cucuta""}, {""goals_against"": 5.0, ""goals_for"": 0.0, ""home"": false, ""league"": ""Primera A"", ""opponent"": ""Santa Fe"", ""opponent_key"": ""santa fe"", ""start"": ""2026-04-19T19:00:00+00:00"", ""team"": ""Cucuta"", ""team_key"": ""cucuta""}], ""home_recent"": [{""goals_against"": 1.0, ""goals_for"": 1.0, ""home"": false, ""league"": ""Copa Colombia"", ""opponent"": ""Leones FC"", ""opponent_key"": ""leones"", ""start"": ""2026-05-29T23:00:00+00:00"", ""team"": ""Independiente Medellin"", ""team_key"": ""independiente medellin""}, {""goals_against"": 1.0, ""goals_for"": 1.0, ""home"": false, ""league"": ""Copa Colombia"", ""opponent"": ""Orsomarso"", ""opponent_key"": ""orsomarso"", ""start"": ""2026-05-16T01:00:00+00:00"", ""team"": ""Independiente Medellin"", ""team_key"": ""independiente medellin""}, {""goals_against"": 0.0, ""goals_for"": 1.0, ""home"": true, ""league"": ""Copa Colombia"", ""opponent"": ""Fortaleza FC"", ""opponent_key"": ""fortaleza"", ""start"": ""2026-05-11T21:00:00+00:00"", ""team"": ""Independiente Medellin"", ""team_key"": ""independiente medellin""}, {""goals_against"": 1.0, ""goals_for"": 0.0, ""home"": false, ""league"": ""CONMEBOL Libertadores"", ""opponent"": ""Estudiantes L.P."", ""opponent_key"": ""estudiantes l p"", ""start"": ""2026-05-27T00:30:00+00:00"", ""team"": ""Independiente Medellin"", ""team_key"": ""independiente medellin""}, {""goals_against"": 2.0, ""goals_for"": 3.0, ""home"": false, ""league"": ""CONMEBOL Libertadores"", ""opponent"": ""Cusco"", ""opponent_key"": ""cusco"", ""start"": ""2026-05-21T02:00:00+00:00"", ""team"": ""Independiente Medellin"", ""team_key"": ""independiente medellin""}, {""goals_against"": 2.0, ""goals_for"": 1.0, ""home"": true, ""league"": ""Primera A"", ""opponent"": ""Águilas Doradas"", ""opponent_key"": ""aguilas doradas"", ""start"": ""2026-05-03T20:30:00+00:00"", ""team"": ""Independiente Medellin"", ""team_key"": ""independiente medellin""}, {""goals_against"": 0.0, ""goals_for"": 1.0, ""home"": true, ""league"": ""Primera A"", ""opponent"": ""Fortaleza FC"", ""opponent_key"": ""fortaleza"", ""start"": ""2026-04-26T01:30:00+00:00"", ""team"": ""Independiente Medellin"", ""team_key"": ""independiente medellin""}, {""goals_against"": 0.0, ""goals_for"": 2.0, ""home"": true, ""league"": ""Primera A"", ""opponent"": ""Chico"", ""opponent_key"": ""chico"", ""start"": ""2026-04-22T23:20:00+00:00"", ""team"": ""Independiente Medellin"", ""team_key"": ""independiente medellin""}, {""goals_against"": 0.0, ""goals_for"": 1.0, ""home"": false, ""league"": ""Primera A"", ""opponent"": ""Alianza Valledupar"", ""opponent_key"": ""alianza valledupar"", ""start"": ""2026-04-19T21:10:00+00:00"", ""team"": ""Independiente Medellin"", ""team_key"": ""independiente medellin""}], ""mode"": ""team_form""}","{""away_goals_against_avg"": 1.5, ""away_goals_for_avg"": 0.333, ""away_recent_count"": 6, ""away_team_key"": ""cucuta"", ""home_goals_against_avg"": 0.778, ""home_goals_for_avg"": 1.222, ""home_recent_count"": 9, ""home_team_key"": ""independiente medellin"", ""league_overlap_count"": 6, ""provider_odds_hints_count"": 0, ""sstats_mode"": ""team_form""}",903085dc519da94e2a40f4d94f9a164d7d9b22da,1
soccer|real koyari|san nicolas|2026-06-03,sstats,xg_form,2026-06-02T19:04:41.709158+00:00,,,65.0,"{""away_win_probability"": 0.221, ""expected_away"": 1.296, ""expected_home"": 3.75, ""home_win_probability"": 0.6393}","{""away_recent"": [{""goals_against"": 10.0, ""goals_for"": 0.0, ""home"": false, ""league"": ""Division di Honor"", ""opponent"": ""Estudiantes"", ""opponent_key"": ""estudiantes"", ""start"": ""2026-05-26T00:30:00+00:00"", ""team"": ""Real Koyari"", ""team_key"": ""real koyari""}, {""goals_against"": 5.0, ""goals_for"": 1.0, ""home"": true, ""league"": ""Division di Honor"", ""opponent"": ""Atl. Deportivo"", ""opponent_key"": ""atl"", ""start"": ""2026-05-18T00:00:00+00:00"", ""team"": ""Real Koyari"", ""team_key"": ""real koyari""}, {""goals_against"": 0.0, ""goals_for"": 1.0, ""home"": true, ""league"": ""Division di Honor"", ""opponent"": ""Caravel"", ""opponent_key"": ""caravel"", ""start"": ""2026-05-14T00:30:00+00:00"", ""team"": ""Real Koyari"", ""team_key"": ""real koyari""}, {""goals_against"": 7.0, ""goals_for"": 0.0, ""home"": false, ""league"": ""Division di Honor"", ""opponent"": ""Nacional"", ""opponent_key"": ""nacional"", ""start"": ""2026-05-03T22:00:00+00:00"", ""team"": ""Real Koyari"", ""team_key"": ""real koyari""}, {""goals_against"": 5.0, ""goals_for"": 1.0, ""home"": true, ""league"": ""Division di Honor"", ""opponent"": ""San Nicolaas"", ""opponent_key"": ""san nicolaas"", ""start"": ""2026-04-26T20:00:00+00:00"", ""team"": ""Real Koyari"", ""team_key"": ""real koyari""}, {""goals_against"": 0.0, ""goals_for"": 2.0, ""home"": true, ""league"": ""Division di Honor"", ""opponent"": ""Estudiantes"", ""opponent_key"": ""estudiantes"", ""start"": ""2026-04-20T00:00:00+00:00"", ""team"": ""Real Koyari"", ""team_key"": ""real koyari""}], ""home_recent"": [{""goals_against"": 2.0, ""goals_for"": 2.0, ""home"": true, ""league"": ""Division di Honor"", ""opponent"": ""Caravel"", ""opponent_key"": ""caravel"", ""start"": ""2026-05-24T20:00:00+00:00"", ""team"": ""San Nicolaas"", ""team_key"": ""san nicolaas""}, {""goals_against"": 4.0, ""goals_for"": 2.0, ""home"": false, ""league"": ""Division di Honor"", ""opponent"": ""Nacional"", ""opponent_key"": ""nacional"", ""start"": ""2026-05-17T22:00:00+00:00"", ""team"": ""San Nicolaas"", ""team_key"": ""san nicolaas""}, {""goals_against"": 1.0, ""goals_for"": 3.0, ""home"": false, ""league"": ""Division di Honor"", ""opponent"": ""Atl. Deportivo"", ""opponent_key"": ""atl"", ""start"": ""2026-05-10T20:00:00+00:00"", ""team"": ""San Nicolaas"", ""team_key"": ""san nicolaas""}, {""goals_against"": 1.0, ""goals_for"": 2.0, ""home"": false, ""league"": ""Division di Honor"", ""opponent"": ""Estudiantes"", ""opponent_key"": ""estudiantes"", ""start"": ""2026-05-06T00:30:00+00:00"", ""team"": ""San Nicolaas"", ""team_key"": ""san nicolaas""}, {""goals_against"": 1.0, ""goals_for"": 5.0, ""home"": false, ""league"": ""Division di Honor"", ""opponent"": ""Real Koyari"", ""opponent_key"": ""real koyari"", ""start"": ""2026-04-26T20:00:00+00:00"", ""team"": ""San Nicolaas"", ""team_key"": ""san nicolaas""}, {""goals_against"": 4.0, ""goals_for"": 2.0, ""home"": true, ""league"": ""Division di Honor"", ""opponent"": ""Caravel"", ""opponent_key"": ""caravel"", ""start"": ""2026-04-22T00:30:00+00:00"", ""team"": ""San Nicolaas"", ""team_key"": ""san nicolaas""}], ""mode"": ""team_form""}","{""away_goals_against_avg"": 4.5, ""away_goals_for_avg"": 0.833, ""away_recent_count"": 6, ""away_team_key"": ""real koyari"", ""home_goals_against_avg"": 2.167, ""home_goals_for_avg"": 2.667, ""home_recent_count"": 6, ""home_team_key"": ""san nicolaas"", ""league_overlap_count"": 12, ""provider_odds_hints_count"": 0, ""sstats_mode"": ""team_form""}",0e0431ba4c742b39a249506943b86b014cd6fb15,1
soccer|real koyari|san nicolas|2026-06-03,weather,weather,2026-06-02T19:04:41.709158+00:00,,,65.8,"{""away_win_probability"": 0.221, ""expected_away"": 1.19232, ""expected_home"": 3.45, ""home_win_probability"": 0.6393, ""weather_adjustment_applied"": true, ""weather_adjustment_reasons"": [""severe_wind""], ""weather_away_team"": ""Real Koyari"", ""weather_city"": ""San Nicolas (San Nicolas Caltimacan)"", ""weather_condition"": ""Sunny"", ""weather_context_applied"": true, ""weather_country"": ""Mexico"", ""weather_home_team"": ""FC San Nicolas"", ""weather_precip_mm"": 0.0, ""weather_query"": ""FC San Nicolas"", ""weather_source"": ""weatherapi"", ""weather_temp_c"": 23.2, ""weather_total_factor"": 0.92, ""weather_wind_kph"": 30.2}","{""away_recent"": [{""goals_against"": 10.0, ""goals_for"": 0.0, ""home"": false, ""league"": ""Division di Honor"", ""opponent"": ""Estudiantes"", ""opponent_key"": ""estudiantes"", ""start"": ""2026-05-26T00:30:00+00:00"", ""team"": ""Real Koyari"", ""team_key"": ""real koyari""}, {""goals_against"": 5.0, ""goals_for"": 1.0, ""home"": true, ""league"": ""Division di Honor"", ""opponent"": ""Atl. Deportivo"", ""opponent_key"": ""atl"", ""start"": ""2026-05-18T00:00:00+00:00"", ""team"": ""Real Koyari"", ""team_key"": ""real koyari""}, {""goals_against"": 0.0, ""goals_for"": 1.0, ""home"": true, ""league"": ""Division di Honor"", ""opponent"": ""Caravel"", ""opponent_key"": ""caravel"", ""start"": ""2026-05-14T00:30:00+00:00"", ""team"": ""Real Koyari"", ""team_key"": ""real koyari""}, {""goals_against"": 7.0, ""goals_for"": 0.0, ""home"": false, ""league"": ""Division di Honor"", ""opponent"": ""Nacional"", ""opponent_key"": ""nacional"", ""start"": ""2026-05-03T22:00:00+00:00"", ""team"": ""Real Koyari"", ""team_key"": ""real koyari""}, {""goals_against"": 5.0, ""goals_for"": 1.0, ""home"": true, ""league"": ""Division di Honor"", ""opponent"": ""San Nicolaas"", ""opponent_key"": ""san nicolaas"", ""start"": ""2026-04-26T20:00:00+00:00"", ""team"": ""Real Koyari"", ""team_key"": ""real koyari""}, {""goals_against"": 0.0, ""goals_for"": 2.0, ""home"": true, ""league"": ""Division di Honor"", ""opponent"": ""Estudiantes"", ""opponent_key"": ""estudiantes"", ""start"": ""2026-04-20T00:00:00+00:00"", ""team"": ""Real Koyari"", ""team_key"": ""real koyari""}], ""home_recent"": [{""goals_against"": 2.0, ""goals_for"": 2.0, ""home"": true, ""league"": ""Division di Honor"", ""opponent"": ""Caravel"", ""opponent_key"": ""caravel"", ""start"": ""2026-05-24T20:00:00+00:00"", ""team"": ""San Nicolaas"", ""team_key"": ""san nicolaas""}, {""goals_against"": 4.0, ""goals_for"": 2.0, ""home"": false, ""league"": ""Division di Honor"", ""opponent"": ""Nacional"", ""opponent_key"": ""nacional"", ""start"": ""2026-05-17T22:00:00+00:00"", ""team"": ""San Nicolaas"", ""team_key"": ""san nicolaas""}, {""goals_against"": 1.0, ""goals_for"": 3.0, ""home"": false, ""league"": ""Division di Honor"", ""opponent"": ""Atl. Deportivo"", ""opponent_key"": ""atl"", ""start"": ""2026-05-10T20:00:00+00:00"", ""team"": ""San Nicolaas"", ""team_key"": ""san nicolaas""}, {""goals_against"": 1.0, ""goals_for"": 2.0, ""home"": false, ""league"": ""Division di Honor"", ""opponent"": ""Estudiantes"", ""opponent_key"": ""estudiantes"", ""start"": ""2026-05-06T00:30:00+00:00"", ""team"": ""San Nicolaas"", ""team_key"": ""san nicolaas""}, {""goals_against"": 1.0, ""goals_for"": 5.0, ""home"": false, ""league"": ""Division di Honor"", ""opponent"": ""Real Koyari"", ""opponent_key"": ""real koyari"", ""start"": ""2026-04-26T20:00:00+00:00"", ""team"": ""San Nicolaas"", ""team_key"": ""san nicolaas""}, {""goals_against"": 4.0, ""goals_for"": 2.0, ""home"": true, ""league"": ""Division di Honor"", ""opponent"": ""Caravel"", ""opponent_key"": ""caravel"", ""start"": ""2026-04-22T00:30:00+00:00"", ""team"": ""San Nicolaas"", ""team_key"": ""san nicolaas""}], ""mode"": ""team_form""}","{""away_goals_against_avg"": 4.5, ""away_goals_for_avg"": 0.833, ""away_recent_count"": 6, ""away_team_key"": ""real koyari"", ""home_goals_against_avg"": 2.167, ""home_goals_for_avg"": 2.667, ""home_recent_count"": 6, ""home_team_key"": ""san nicolaas"", ""league_overlap_count"": 12, ""merged_sources"": [""sstats_form""], ""provider_odds_hints_count"": 0, ""sstats_mode"": ""team_form"", ""weather_adjustment_applied"": true, ""weather_adjustment_reasons"": [""severe_wind""], ""weather_away_team"": ""Real Koyari"", ""weather_city"": ""San Nicolas (San Nicolas Caltimacan)"", ""weather_condition"": ""Sunny"", ""weather_context_applied"": true, ""weather_country"": ""Mexico"", ""weather_home_team"": ""FC San Nicolas"", ""weather_precip_mm"": 0.0, ""weather_query"": ""FC San Nicolas"", ""weather_source"": ""weatherapi"", ""weather_temp_c"": 23.2, ""weather_total_factor"": 0.92, ""weather_wind_kph"": 30.2}",1ab6880a95e518e9d71fde9876be631c974339d7,1
soccer|atletico nacional medellin|junior|2026-06-03,sstats,xg_form,2026-06-02T19:04:41.709158+00:00,,,65.0,"{""away_win_probability"": 0.3803, ""expected_away"": 1.371, ""expected_home"": 1.415, ""home_win_probability"": 0.3924}","{""away_recent"": [{""goals_against"": 3.0, ""goals_for"": 0.0, ""home"": false, ""league"": ""Primera División - Apertura"", ""opponent"": ""Deportivo Maldonado"", ""opponent_key"": ""maldonado"", ""start"": ""2026-05-31T21:30:00+00:00"", ""team"": ""Club Nacional"", ""team_key"": ""nacional""}, {""goals_against"": 0.0, ""goals_for"": 1.0, ""home"": true, ""league"": ""Primera División - Apertura"", ""opponent"": ""Albion FC"", ""opponent_key"": ""albion"", ""start"": ""2026-05-23T21:30:00+00:00"", ""team"": ""Club Nacional"", ""team_key"": ""nacional""}, {""goals_against"": 1.0, ""goals_for"": 2.0, ""home"": false, ""league"": ""Primera División - Apertura"", ""opponent"": ""Atletico Torque"", ""opponent_key"": ""atletico torque"", ""start"": ""2026-05-15T23:00:00+00:00"", ""team"": ""Club Nacional"", ""team_key"": ""nacional""}, {""goals_against"": 0.0, ""goals_for"": 4.0, ""home"": true, ""league"": ""Primera División - Apertura"", ""opponent"": ""Cerro"", ""opponent_key"": ""cerro"", ""start"": ""2026-05-10T22:30:00+00:00"", ""team"": ""Club Nacional"", ""team_key"": ""nacional""}, {""goals_against"": 3.0, ""goals_for"": 2.0, ""home"": false, ""league"": ""Primera División - Apertura"", ""opponent"": ""Albion FC"", ""opponent_key"": ""albion"", ""start"": ""2026-05-03T23:00:00+00:00"", ""team"": ""Club Nacional"", ""team_key"": ""nacional""}, {""goals_against"": 2.0, ""goals_for"": 1.0, ""home"": true, ""league"": ""Primera División - Apertura"", ""opponent"": ""Danubio"", ""opponent_key"": ""danubio"", ""start"": ""2026-04-25T22:00:00+00:00"", ""team"": ""Club Nacional"", ""team_key"": ""nacional""}, {""goals_against"": 1.0, ""goals_for"": 3.0, ""home"": false, ""league"": ""Primera División - Apertura"", ""opponent"": ""Liverpool Montevideo"", ""opponent_key"": ""liverpool montevideo"", ""start"": ""2026-04-19T22:30:00+00:00"", ""team"": ""Club Nacional"", ""team_key"": ""nacional""}, {""goals_against"": 1.0, ""goals_for"": 3.0, ""home"": false, ""league"": ""Division di Honor"", ""opponent"": ""Caravel"", ""opponent_key"": ""caravel"", ""start"": ""2026-06-01T00:00:00+00:00"", ""team"": ""Nacional"", ""team_key"": ""nacional""}, {""goals_against"": 0.0, ""goals_for"": 2.0, ""home"": false, ""league"": ""Division di Honor"", ""opponent"": ""Atl. Deportivo"", ""opponent_key"": ""atl"", ""start"": ""2026-05-28T00:30:00+00:00"", ""team"": ""Nacional"", ""team_key"": ""nacional""}, {""goals_against"": 0.0, ""goals_for"": 1.0, ""home"": true, ""league"": ""CONMEBOL Libertadores"", ""opponent"": ""Coquimbo Unido"", ""opponent_key"": ""coquimbo unido"", ""start"": ""2026-05-27T00:30:00+00:00"", ""team"": ""Club Nacional"", ""team_key"": ""nacional""}], ""home_recent"": [{""goals_against"": 0.0, ""goals_for"": 0.0, ""home"": true, ""league"": ""Primera A"", ""opponent"": ""Santa Fe"", ""opponent_key"": ""santa fe"", ""start"": ""2026-05-24T01:30:00+00:00"", ""team"": ""Junior"", ""team_key"": ""junior""}, {""goals_against"": 1.0, ""goals_for"": 1.0, ""home"": false, ""league"": ""Primera A"", ""opponent"": ""Santa Fe"", ""opponent_key"": ""santa fe"", ""start"": ""2026-05-17T01:30:00+00:00"", ""team"": ""Junior"", ""team_key"": ""junior""}, {""goals_against"": 2.0, ""goals_for"": 2.0, ""home"": true, ""league"": ""Primera A"", ""opponent"": ""Once Caldas"", ""opponent_key"": ""once caldas"", ""start"": ""2026-05-14T01:15:00+00:00"", ""team"": ""Junior"", ""team_key"": ""junior""}, {""goals_against"": 0.0, ""goals_for"": 1.0, ""home"": false, ""league"": ""Primera A"", ""opponent"": ""Once Caldas"", ""opponent_key"": ""once caldas"", ""start"": ""2026-05-10T23:10:00+00:00"", ""team"": ""Junior"", ""team_key"": ""junior""}, {""goals_against"": 3.0, ""goals_for"": 4.0, ""home"": true, ""league"": ""Primera A"", ""opponent"": ""Deportivo Pasto"", ""opponent_key"": ""pasto"", ""start"": ""2026-05-03T22:45:00+00:00"", ""team"": ""Junior"", ""team_key"": ""junior""}, {""goals_against"": 1.0, ""goals_for"": 1.0, ""home"": false, ""league"": ""Primera A"", ""opponent"": ""Cucuta"", ""opponent_key"": ""cucuta"", ""start"": ""2026-04-24T21:00:00+00:00"", ""team"": ""Junior"", ""team_key"": ""junior""}, {""goals_against"": 0.0, ""goals_for"": 2.0, ""home"": true, ""league"": ""Primera A"", ""opponent"": ""Llaneros"", ""opponent_key"": ""llaneros"", ""start"": ""2026-04-19T23:20:00+00:00"", ""team"": ""Junior"", ""team_key"": ""junior""}, {""goals_against"": 2.0, ""goals_for"": 3.0, ""home"": true, ""league"": ""CONMEBOL Libertadores"", ""opponent"": ""Sporting Cristal"", ""opponent_key"": ""sporting cristal"", ""start"": ""2026-05-21T02:00:00+00:00"", ""team"": ""Junior"", ""team_key"": ""junior""}, {""goals_against"": 2.0, ""goals_for"": 0.0, ""home"": false, ""league"": ""CONMEBOL Libertadores"", ""opponent"": ""Sporting Cristal"", ""opponent_key"": ""sporting cristal"", ""start"": ""2026-04-29T02:00:00+00:00"", ""team"": ""Junior"", ""team_key"": ""junior""}], ""mode"": ""team_form""}","{""away_goals_against_avg"": 1.1, ""away_goals_for_avg"": 1.9, ""away_recent_count"": 10, ""away_team_key"": ""nacional"", ""home_goals_against_avg"": 1.222, ""home_goals_for_avg"": 1.556, ""home_recent_count"": 9, ""home_team_key"": ""junior"", ""league_overlap_count"": 14, ""provider_odds_hints_count"": 0, ""sstats_mode"": ""team_form""}",bf26a906e5074890f313b40d53a2ae4d0eeb8fdb,1
soccer|ca barracas central|ca huracan|2026-06-03,sstats,xg_form,2026-06-02T19:04:41.709158+00:00,,,65.0,"{""away_win_probability"": 0.3291, ""expected_away"": 0.779, ""expected_home"": 0.767, ""home_win_probability"": 0.3242}","{""away_recent"": [{""goals_against"": 1.0, ""goals_for"": 0.0, ""home"": false, ""league"": ""Liga Profesional Argentina"", ""opponent"": ""Argentinos JRS"", ""opponent_key"": ""argentinos jrs"", ""start"": ""2026-05-13T00:30:00+00:00"", ""team"": ""Huracan"", ""team_key"": ""huracan""}, {""goals_against"": 2.0, ""goals_for"": 3.0, ""home"": false, ""league"": ""Liga Profesional Argentina"", ""opponent"": ""Boca Juniors"", ""opponent_key"": ""boca juniors"", ""start"": ""2026-05-09T22:00:00+00:00"", ""team"": ""Huracan"", ""team_key"": ""huracan""}, {""goals_against"": 0.0, ""goals_for"": 0.0, ""home"": false, ""league"": ""Liga Profesional Argentina"", ""opponent"": ""Racing Club"", ""opponent_key"": ""racing"", ""start"": ""2026-05-03T19:00:00+00:00"", ""team"": ""Huracan"", ""team_key"": ""huracan""}, {""goals_against"": 2.0, ""goals_for"": 1.0, ""home"": true, ""league"": ""Liga Profesional Argentina"", ""opponent"": ""Argentinos JRS"", ""opponent_key"": ""argentinos jrs"", ""start"": ""2026-04-28T00:00:00+00:00"", ""team"": ""Huracan"", ""team_key"": ""huracan""}, {""goals_against"": 1.0, ""goals_for"": 1.0, ""home"": false, ""league"": ""Liga Profesional Argentina"", ""opponent"": ""Tigre"", ""opponent_key"": ""tigre"", ""start"": ""2026-04-21T00:45:00+00:00"", ""team"": ""Huracan"", ""team_key"": ""huracan""}], ""home_recent"": [{""goals_against"": 1.0, ""goals_for"": 0.0, ""home"": false, ""league"": ""Serie D"", ""opponent"": ""America-RN"", ""opponent_key"": ""america rn"", ""start"": ""2026-05-29T22:30:00+00:00"", ""team"": ""Central SC"", ""team_key"": ""central""}, {""goals_against"": 0.0, ""goals_for"": 0.0, ""home"": false, ""league"": ""Serie D"", ""opponent"": ""Sousa"", ""opponent_key"": ""sousa"", ""start"": ""2026-05-23T18:00:00+00:00"", ""team"": ""Central SC"", ""team_key"": ""central""}, {""goals_against"": 0.0, ""goals_for"": 0.0, ""home"": true, ""league"": ""Serie D"", ""opponent"": ""Maguary PE"", ""opponent_key"": ""maguary pe"", ""start"": ""2026-05-17T18:00:00+00:00"", ""team"": ""Central SC"", ""team_key"": ""central""}, {""goals_against"": 1.0, ""goals_for"": 0.0, ""home"": true, ""league"": ""Serie D"", ""opponent"": ""ABC"", ""opponent_key"": ""abc"", ""start"": ""2026-05-10T19:00:00+00:00"", ""team"": ""Central SC"", ""team_key"": ""central""}, {""goals_against"": 1.0, ""goals_for"": 1.0, ""home"": false, ""league"": ""Serie D"", ""opponent"": ""ABC"", ""opponent_key"": ""abc"", ""start"": ""2026-05-02T20:30:00+00:00"", ""team"": ""Central SC"", ""team_key"": ""central""}, {""goals_against"": 0.0, ""goals_for"": 2.0, ""home"": false, ""league"": ""Serie D"", ""opponent"": ""Maguary PE"", ""opponent_key"": ""maguary pe"", ""start"": ""2026-04-26T18:00:00+00:00"", ""team"": ""Central SC"", ""team_key"": ""central""}, {""goals_against"": 1.0, ""goals_for"": 2.0, ""home"": true, ""league"": ""Serie D"", ""opponent"": ""Sousa"", ""opponent_key"": ""sousa"", ""start"": ""2026-04-19T19:00:00+00:00"", ""team"": ""Central SC"", ""team_key"": ""central""}], ""mode"": ""team_form""}","{""away_goals_against_avg"": 1.2, ""away_goals_for_avg"": 1.0, ""away_recent_count"": 5, ""away_team_key"": ""huracan"", ""home_goals_against_avg"": 0.571, ""home_goals_for_avg"": 0.714, ""home_recent_count"": 7, ""home_team_key"": ""central"", ""league_overlap_count"": 5, ""provider_odds_hints_count"": 0, ""sstats_mode"": ""team_form""}",7fec5d31300944cdd0c567d35fca7564c8739292,1
soccer|midlakes united|portland bangers|2026-06-03,sstats,xg_form,2026-06-02T19:04:41.709158+00:00,,,65.0,"{""away_win_probability"": 0.3458, ""expected_away"": 1.545, ""expected_home"": 2.104, ""home_win_probability"": 0.4707}","{""away_recent"": [{""goals_against"": 2.0, ""goals_for"": 0.0, ""home"": false, ""league"": ""USL League Two"", ""opponent"": ""Ballard"", ""opponent_key"": ""ballard"", ""start"": ""2026-05-30T02:00:00+00:00"", ""team"": ""Midlakes United"", ""team_key"": ""midlakes united""}, {""goals_against"": 1.0, ""goals_for"": 6.0, ""home"": true, ""league"": ""USL League Two"", ""opponent"": ""Bigfoot"", ""opponent_key"": ""bigfoot"", ""start"": ""2026-05-27T01:30:00+00:00"", ""team"": ""Midlakes United"", ""team_key"": ""midlakes united""}, {""goals_against"": 1.0, ""goals_for"": 1.0, ""home"": true, ""league"": ""USL League Two"", ""opponent"": ""Tacoma Stars"", ""opponent_key"": ""tacoma stars"", ""start"": ""2026-05-23T01:30:00+00:00"", ""team"": ""Midlakes United"", ""team_key"": ""midlakes united""}, {""goals_against"": 0.0, ""goals_for"": 3.0, ""home"": true, ""league"": ""USL League Two"", ""opponent"": ""Oly Town"", ""opponent_key"": ""oly town"", ""start"": ""2026-05-20T01:30:00+00:00"", ""team"": ""Midlakes United"", ""team_key"": ""midlakes united""}], ""home_recent"": [{""goals_against"": 3.0, ""goals_for"": 4.0, ""home"": false, ""league"": ""USL League Two"", ""opponent"": ""Tacoma Stars"", ""opponent_key"": ""tacoma stars"", ""start"": ""2026-05-31T19:00:00+00:00"", ""team"": ""Bangers"", ""team_key"": ""bangers""}, {""goals_against"": 1.0, ""goals_for"": 2.0, ""home"": true, ""league"": ""USL League Two"", ""opponent"": ""Tacoma Stars"", ""opponent_key"": ""tacoma stars"", ""start"": ""2026-05-25T02:00:00+00:00"", ""team"": ""Bangers"", ""team_key"": ""bangers""}, {""goals_against"": 1.0, ""goals_for"": 3.0, ""home"": true, ""league"": ""USL League Two"", ""opponent"": ""West Seattle Junction"", ""opponent_key"": ""west seattle junction"", ""start"": ""2026-05-21T02:00:00+00:00"", ""team"": ""Bangers"", ""team_key"": ""bangers""}, {""goals_against"": 0.0, ""goals_for"": 1.0, ""home"": true, ""league"": ""USL League Two"", ""opponent"": ""Snohomish United"", ""opponent_key"": ""snohomish united"", ""start"": ""2026-05-17T02:00:00+00:00"", ""team"": ""Bangers"", ""team_key"": ""bangers""}, {""goals_against"": 0.0, ""goals_for"": 3.0, ""home"": false, ""league"": ""USL League Two"", ""opponent"": ""Oly Town"", ""opponent_key"": ""oly town"", ""start"": ""2026-05-10T01:30:00+00:00"", ""team"": ""Bangers"", ""team_key"": ""bangers""}], ""mode"": ""team_form""}","{""away_goals_against_avg"": 1.0, ""away_goals_for_avg"": 2.5, ""away_recent_count"": 4, ""away_team_key"": ""midlakes united"", ""home_goals_against_avg"": 1.0, ""home_goals_for_avg"": 2.6, ""home_recent_count"": 5, ""home_team_key"": ""bangers"", ""league_overlap_count"": 9, ""provider_odds_hints_count"": 0, ""sstats_mode"": ""team_form""}",8cdfadf2acf891fc567d383b848b2769b2fa5e6f,1
soccer|midlakes united|portland bangers|2026-06-03,weather,weather,2026-06-02T19:04:41.709158+00:00,,,65.8,"{""away_win_probability"": 0.3458, ""expected_away"": 1.4831999999999999, ""expected_home"": 2.01984, ""home_win_probability"": 0.4707, ""weather_adjustment_applied"": true, ""weather_adjustment_reasons"": [""wind""], ""weather_away_team"": ""Midlakes United"", ""weather_city"": ""Portland"", ""weather_condition"": ""Patchy rain nearby"", ""weather_context_applied"": true, ""weather_country"": ""Guadeloupe"", ""weather_home_team"": ""Portland Bangers FC"", ""weather_precip_mm"": 0.03, ""weather_query"": ""Portland Bangers FC"", ""weather_source"": ""weatherapi"", ""weather_temp_c"": 26.0, ""weather_total_factor"": 0.96, ""weather_wind_kph"": 18.7}","{""away_recent"": [{""goals_against"": 2.0, ""goals_for"": 0.0, ""home"": false, ""league"": ""USL League Two"", ""opponent"": ""Ballard"", ""opponent_key"": ""ballard"", ""start"": ""2026-05-30T02:00:00+00:00"", ""team"": ""Midlakes United"", ""team_key"": ""midlakes united""}, {""goals_against"": 1.0, ""goals_for"": 6.0, ""home"": true, ""league"": ""USL League Two"", ""opponent"": ""Bigfoot"", ""opponent_key"": ""bigfoot"", ""start"": ""2026-05-27T01:30:00+00:00"", ""team"": ""Midlakes United"", ""team_key"": ""midlakes united""}, {""goals_against"": 1.0, ""goals_for"": 1.0, ""home"": true, ""league"": ""USL League Two"", ""opponent"": ""Tacoma Stars"", ""opponent_key"": ""tacoma stars"", ""start"": ""2026-05-23T01:30:00+00:00"", ""team"": ""Midlakes United"", ""team_key"": ""midlakes united""}, {""goals_against"": 0.0, ""goals_for"": 3.0, ""home"": true, ""league"": ""USL League Two"", ""opponent"": ""Oly Town"", ""opponent_key"": ""oly town"", ""start"": ""2026-05-20T01:30:00+00:00"", ""team"": ""Midlakes United"", ""team_key"": ""midlakes united""}], ""home_recent"": [{""goals_against"": 3.0, ""goals_for"": 4.0, ""home"": false, ""league"": ""USL League Two"", ""opponent"": ""Tacoma Stars"", ""opponent_key"": ""tacoma stars"", ""start"": ""2026-05-31T19:00:00+00:00"", ""team"": ""Bangers"", ""team_key"": ""bangers""}, {""goals_against"": 1.0, ""goals_for"": 2.0, ""home"": true, ""league"": ""USL League Two"", ""opponent"": ""Tacoma Stars"", ""opponent_key"": ""tacoma stars"", ""start"": ""2026-05-25T02:00:00+00:00"", ""team"": ""Bangers"", ""team_key"": ""bangers""}, {""goals_against"": 1.0, ""goals_for"": 3.0, ""home"": true, ""league"": ""USL League Two"", ""opponent"": ""West Seattle Junction"", ""opponent_key"": ""west seattle junction"", ""start"": ""2026-05-21T02:00:00+00:00"", ""team"": ""Bangers"", ""team_key"": ""bangers""}, {""goals_against"": 0.0, ""goals_for"": 1.0, ""home"": true, ""league"": ""USL League Two"", ""opponent"": ""Snohomish United"", ""opponent_key"": ""snohomish united"", ""start"": ""2026-05-17T02:00:00+00:00"", ""team"": ""Bangers"", ""team_key"": ""bangers""}, {""goals_against"": 0.0, ""goals_for"": 3.0, ""home"": false, ""league"": ""USL League Two"", ""opponent"": ""Oly Town"", ""opponent_key"": ""oly town"", ""start"": ""2026-05-10T01:30:00+00:00"", ""team"": ""Bangers"", ""team_key"": ""bangers""}], ""mode"": ""team_form""}","{""away_goals_against_avg"": 1.0, ""away_goals_for_avg"": 2.5, ""away_recent_count"": 4, ""away_team_key"": ""midlakes united"", ""home_goals_against_avg"": 1.0, ""home_goals_for_avg"": 2.6, ""home_recent_count"": 5, ""home_team_key"": ""bangers"", ""league_overlap_count"": 9, ""merged_sources"": [""sstats_form""], ""provider_odds_hints_count"": 0, ""sstats_mode"": ""team_form"", ""weather_adjustment_applied"": true, ""weather_adjustment_reasons"": [""wind""], ""weather_away_team"": ""Midlakes United"", ""weather_city"": ""Portland"", ""weather_condition"": ""Patchy rain nearby"", ""weather_context_applied"": true, ""weather_country"": ""Guadeloupe"", ""weather_home_team"": ""Portland Bangers FC"", ""weather_precip_mm"": 0.03, ""weather_query"": ""Portland Bangers FC"", ""weather_source"": ""weatherapi"", ""weather_temp_c"": 26.0, ""weather_total_factor"": 0.96, ""weather_wind_kph"": 18.7}",3a73e22df644036393fa1c63e81a41f07939d0c3,1
soccer|cscd laferrere|merlo|2026-06-02,sstats,xg_form,2026-06-02T19:04:41.709158+00:00,,,65.0,"{""away_win_probability"": 0.3235, ""expected_away"": 0.831, ""expected_home"": 0.917, ""home_win_probability"": 0.3571}","{""away_recent"": [{""goals_against"": 0.0, ""goals_for"": 2.0, ""home"": false, ""league"": ""Primera B Metropolitana"", ""opponent"": ""Ituzaingó"", ""opponent_key"": ""ituzaingo"", ""start"": ""2026-05-26T22:30:00+00:00"", ""team"": ""Deportivo Laferrere"", ""team_key"": ""laferrere""}, {""goals_against"": 2.0, ""goals_for"": 0.0, ""home"": true, ""league"": ""Primera B Metropolitana"", ""opponent"": ""Deportivo Camioneros"", ""opponent_key"": ""camioneros"", ""start"": ""2026-05-22T23:00:00+00:00"", ""team"": ""Deportivo Laferrere"", ""team_key"": ""laferrere""}, {""goals_against"": 1.0, ""goals_for"": 1.0, ""home"": false, ""league"": ""Primera B Metropolitana"", ""opponent"": ""Sportivo Italiano"", ""opponent_key"": ""sportivo italiano"", ""start"": ""2026-05-18T18:30:00+00:00"", ""team"": ""Deportivo Laferrere"", ""team_key"": ""laferrere""}, {""goals_against"": 2.0, ""goals_for"": 0.0, ""home"": true, ""league"": ""Primera B Metropolitana"", ""opponent"": ""San Martín Burzaco"", ""opponent_key"": ""san martin burzaco"", ""start"": ""2026-05-09T18:30:00+00:00"", ""team"": ""Deportivo Laferrere"", ""team_key"": ""laferrere""}, {""goals_against"": 0.0, ""goals_for"": 2.0, ""home"": false, ""league"": ""Primera B Metropolitana"", ""opponent"": ""Villa San Carlos"", ""opponent_key"": ""villa san carlos"", ""start"": ""2026-05-02T18:30:00+00:00"", ""team"": ""Deportivo Laferrere"", ""team_key"": ""laferrere""}, {""goals_against"": 0.0, ""goals_for"": 0.0, ""home"": true, ""league"": ""Primera B Metropolitana"", ""opponent"": ""Liniers"", ""opponent_key"": ""liniers"", ""start"": ""2026-04-26T18:30:00+00:00"", ""team"": ""Deportivo Laferrere"", ""team_key"": ""laferrere""}, {""goals_against"": 1.0, ""goals_for"": 0.0, ""home"": false, ""league"": ""Primera B Metropolitana"", ""opponent"": ""Real Pilar"", ""opponent_key"": ""real pilar"", ""start"": ""2026-04-18T21:00:00+00:00"", ""team"": ""Deportivo Laferrere"", ""team_key"": ""laferrere""}], ""home_recent"": [{""goals_against"": 0.0, ""goals_for"": 0.0, ""home"": true, ""league"": ""Primera B Metropolitana"", ""opponent"": ""Liniers"", ""opponent_key"": ""liniers"", ""start"": ""2026-05-26T22:00:00+00:00"", ""team"": ""Deportivo Merlo"", ""team_key"": ""merlo""}, {""goals_against"": 0.0, ""goals_for"": 1.0, ""home"": false, ""league"": ""Primera B Metropolitana"", ""opponent"": ""Brown DE Adrogue"", ""opponent_key"": ""brown adrogue"", ""start"": ""2026-05-22T22:00:00+00:00"", ""team"": ""Deportivo Merlo"", ""team_key"": ""merlo""}, {""goals_against"": 2.0, ""goals_for"": 3.0, ""home"": true, ""league"": ""Primera B Metropolitana"", ""opponent"": ""Deportivo Armenio"", ""opponent_key"": ""armenio"", ""start"": ""2026-05-16T22:00:00+00:00"", ""team"": ""Deportivo Merlo"", ""team_key"": ""merlo""}, {""goals_against"": 2.0, ""goals_for"": 0.0, ""home"": false, ""league"": ""Primera B Metropolitana"", ""opponent"": ""Flandria"", ""opponent_key"": ""flandria"", ""start"": ""2026-05-09T18:30:00+00:00"", ""team"": ""Deportivo Merlo"", ""team_key"": ""merlo""}, {""goals_against"": 0.0, ""goals_for"": 1.0, ""home"": true, ""league"": ""Primera B Metropolitana"", ""opponent"": ""Argentino Quilmes"", ""opponent_key"": ""argentino quilmes"", ""start"": ""2026-05-02T23:00:00+00:00"", ""team"": ""Deportivo Merlo"", ""team_key"": ""merlo""}, {""goals_against"": 1.0, ""goals_for"": 1.0, ""home"": false, ""league"": ""Primera B Metropolitana"", ""opponent"": ""Defensores Unidos"", ""opponent_key"": ""defensores unidos"", ""start"": ""2026-04-25T18:30:00+00:00"", ""team"": ""Deportivo Merlo"", ""team_key"": ""merlo""}, {""goals_against"": 0.0, ""goals_for"": 2.0, ""home"": true, ""league"": ""Primera B Metropolitana"", ""opponent"": ""Comunicaciones"", ""opponent_key"": ""comunicaciones"", ""start"": ""2026-04-21T22:00:00+00:00"", ""team"": ""Deportivo Merlo"", ""team_key"": ""merlo""}], ""mode"": ""team_form""}","{""away_goals_against_avg"": 0.857, ""away_goals_for_avg"": 0.714, ""away_recent_count"": 7, ""away_team_key"": ""laferrere"", ""home_goals_against_avg"": 0.714, ""home_goals_for_avg"": 1.143, ""home_recent_count"": 7, ""home_team_key"": ""merlo"", ""league_overlap_count"": 14, ""provider_odds_hints_count"": 0, ""sstats_mode"": ""team_form""}",6a446831ea2cdbc466a66620a69079d39bbaf854,1
soccer|fort worth vaqueros|texoma|2026-06-03,sstats,xg_form,2026-06-02T19:04:41.709158+00:00,,,65.0,"{""away_win_probability"": 0.08, ""expected_away"": 0.276, ""expected_home"": 2.744, ""home_win_probability"": 0.7146}","{""away_recent"": [{""goals_against"": 1.0, ""goals_for"": 0.0, ""home"": false, ""league"": ""USL League Two"", ""opponent"": ""McKinney Chupacabras"", ""opponent_key"": ""mckinney chupacabras"", ""start"": ""2026-05-31T00:30:00+00:00"", ""team"": ""Fort Worth Vaqueros"", ""team_key"": ""fort worth vaqueros""}, {""goals_against"": 4.0, ""goals_for"": 0.0, ""home"": false, ""league"": ""USL League Two"", ""opponent"": ""Lubbock Matadors"", ""opponent_key"": ""lubbock matadors"", ""start"": ""2026-05-23T00:00:00+00:00"", ""team"": ""Fort Worth Vaqueros"", ""team_key"": ""fort worth vaqueros""}, {""goals_against"": 7.0, ""goals_for"": 0.0, ""home"": true, ""league"": ""USL League Two"", ""opponent"": ""Texoma"", ""opponent_key"": ""texoma"", ""start"": ""2026-05-20T00:30:00+00:00"", ""team"": ""Fort Worth Vaqueros"", ""team_key"": ""fort worth vaqueros""}, {""goals_against"": 1.0, ""goals_for"": 0.0, ""home"": true, ""league"": ""USL League Two"", ""opponent"": ""Lubbock Matadors"", ""opponent_key"": ""lubbock matadors"", ""start"": ""2026-05-17T00:30:00+00:00"", ""team"": ""Fort Worth Vaqueros"", ""team_key"": ""fort worth vaqueros""}, {""goals_against"": 4.0, ""goals_for"": 0.0, ""home"": true, ""league"": ""USL League Two"", ""opponent"": ""Denton Diablos"", ""opponent_key"": ""denton diablos"", ""start"": ""2026-05-10T00:30:00+00:00"", ""team"": ""Fort Worth Vaqueros"", ""team_key"": ""fort worth vaqueros""}], ""home_recent"": [{""goals_against"": 0.0, ""goals_for"": 2.0, ""home"": true, ""league"": ""USL League Two"", ""opponent"": ""Denton Diablos"", ""opponent_key"": ""denton diablos"", ""start"": ""2026-05-31T00:00:00+00:00"", ""team"": ""Texoma"", ""team_key"": ""texoma""}, {""goals_against"": 2.0, ""goals_for"": 1.0, ""home"": true, ""league"": ""USL League Two"", ""opponent"": ""McKinney Chupacabras"", ""opponent_key"": ""mckinney chupacabras"", ""start"": ""2026-05-27T00:00:00+00:00"", ""team"": ""Texoma"", ""team_key"": ""texoma""}, {""goals_against"": 0.0, ""goals_for"": 7.0, ""home"": false, ""league"": ""USL League Two"", ""opponent"": ""Fort Worth Vaqueros"", ""opponent_key"": ""fort worth vaqueros"", ""start"": ""2026-05-20T00:30:00+00:00"", ""team"": ""Texoma"", ""team_key"": ""texoma""}], ""mode"": ""team_form""}","{""away_goals_against_avg"": 3.4, ""away_goals_for_avg"": 0.0, ""away_recent_count"": 5, ""away_team_key"": ""fort worth vaqueros"", ""home_goals_against_avg"": 0.667, ""home_goals_for_avg"": 3.333, ""home_recent_count"": 3, ""home_team_key"": ""texoma"", ""league_overlap_count"": 8, ""provider_odds_hints_count"": 0, ""sstats_mode"": ""team_form""}",2052c42dd3b37a9dcc6dc8c11365be57b668ec87,1
soccer|fort worth vaqueros|texoma|2026-06-03,weather,weather,2026-06-02T19:04:41.709158+00:00,,,65.0,"{""away_win_probability"": 0.08, ""expected_away"": 0.276, ""expected_home"": 2.744, ""home_win_probability"": 0.7146, ""weather_adjustment_applied"": false, ""weather_adjustment_reasons"": [], ""weather_away_team"": ""Fort Worth Vaqueros FC"", ""weather_city"": ""E Fc"", ""weather_condition"": ""Patchy rain nearby"", ""weather_context_applied"": true, ""weather_country"": ""Afghanistan"", ""weather_home_team"": ""Texoma FC"", ""weather_precip_mm"": 0.26, ""weather_query"": ""Texoma FC"", ""weather_source"": ""weatherapi"", ""weather_temp_c"": 14.7, ""weather_total_factor"": 1.0, ""weather_wind_kph"": 10.4}","{""away_recent"": [{""goals_against"": 1.0, ""goals_for"": 0.0, ""home"": false, ""league"": ""USL League Two"", ""opponent"": ""McKinney Chupacabras"", ""opponent_key"": ""mckinney chupacabras"", ""start"": ""2026-05-31T00:30:00+00:00"", ""team"": ""Fort Worth Vaqueros"", ""team_key"": ""fort worth vaqueros""}, {""goals_against"": 4.0, ""goals_for"": 0.0, ""home"": false, ""league"": ""USL League Two"", ""opponent"": ""Lubbock Matadors"", ""opponent_key"": ""lubbock matadors"", ""start"": ""2026-05-23T00:00:00+00:00"", ""team"": ""Fort Worth Vaqueros"", ""team_key"": ""fort worth vaqueros""}, {""goals_against"": 7.0, ""goals_for"": 0.0, ""home"": true, ""league"": ""USL League Two"", ""opponent"": ""Texoma"", ""opponent_key"": ""texoma"", ""start"": ""2026-05-20T00:30:00+00:00"", ""team"": ""Fort Worth Vaqueros"", ""team_key"": ""fort worth vaqueros""}, {""goals_against"": 1.0, ""goals_for"": 0.0, ""home"": true, ""league"": ""USL League Two"", ""opponent"": ""Lubbock Matadors"", ""opponent_key"": ""lubbock matadors"", ""start"": ""2026-05-17T00:30:00+00:00"", ""team"": ""Fort Worth Vaqueros"", ""team_key"": ""fort worth vaqueros""}, {""goals_against"": 4.0, ""goals_for"": 0.0, ""home"": true, ""league"": ""USL League Two"", ""opponent"": ""Denton Diablos"", ""opponent_key"": ""denton diablos"", ""start"": ""2026-05-10T00:30:00+00:00"", ""team"": ""Fort Worth Vaqueros"", ""team_key"": ""fort worth vaqueros""}], ""home_recent"": [{""goals_against"": 0.0, ""goals_for"": 2.0, ""home"": true, ""league"": ""USL League Two"", ""opponent"": ""Denton Diablos"", ""opponent_key"": ""denton diablos"", ""start"": ""2026-05-31T00:00:00+00:00"", ""team"": ""Texoma"", ""team_key"": ""texoma""}, {""goals_against"": 2.0, ""goals_for"": 1.0, ""home"": true, ""league"": ""USL League Two"", ""opponent"": ""McKinney Chupacabras"", ""opponent_key"": ""mckinney chupacabras"", ""start"": ""2026-05-27T00:00:00+00:00"", ""team"": ""Texoma"", ""team_key"": ""texoma""}, {""goals_against"": 0.0, ""goals_for"": 7.0, ""home"": false, ""league"": ""USL League Two"", ""opponent"": ""Fort Worth Vaqueros"", ""opponent_key"": ""fort worth vaqueros"", ""start"": ""2026-05-20T00:30:00+00:00"", ""team"": ""Texoma"", ""team_key"": ""texoma""}], ""mode"": ""team_form""}","{""away_goals_against_avg"": 3.4, ""away_goals_for_avg"": 0.0, ""away_recent_count"": 5, ""away_team_key"": ""fort worth vaqueros"", ""home_goals_against_avg"": 0.667, ""home_goals_for_avg"": 3.333, ""home_recent_count"": 3, ""home_team_key"": ""texoma"", ""league_overlap_count"": 8, ""merged_sources"": [""sstats_form""], ""provider_odds_hints_count"": 0, ""sstats_mode"": ""team_form"", ""weather_adjustment_applied"": false, ""weather_adjustment_reasons"": [], ""weather_away_team"": ""Fort Worth Vaqueros FC"", ""weather_city"": ""E Fc"", ""weather_condition"": ""Patchy rain nearby"", ""weather_context_applied"": true, ""weather_country"": ""Afghanistan"", ""weather_home_team"": ""Texoma FC"", ""weather_precip_mm"": 0.26, ""weather_query"": ""Texoma FC"", ""weather_source"": ""weatherapi"", ""weather_temp_c"": 14.7, ""weather_total_factor"": 1.0, ""weather_wind_kph"": 10.4}",b88a2b86ee9eacaf94b624843f9c3b10e8a4749a,1
