match_key,context_source_count,line_family_count,line_source_count,line_snapshot_count,line_snapshot_count_6h,agreement_score,provider_conflict_score,has_weather,has_lineups,has_injuries,has_news,steam_score,best_market_movement,context_sources,line_sources,line_families
soccer|naft bandar abbas|shahrdari noshahr|2026-06-09,1,0,0,0,0,,,False,False,False,False,,,"[""sstats""]",[],[]
soccer|ogooue|stade migoveen|2026-06-09,1,0,0,0,0,,,False,False,False,False,,,"[""sstats""]",[],[]
soccer|kyrgyzstan|palestine|2026-06-09,3,7,1,165,165,0.8239,0.1761,False,False,False,False,,,"[""bzzoiro"", ""openligadb"", ""sstats""]","[""odds_api_io""]","[""h2h"", ""dnb"", ""doubleChance"", ""spreads"", ""totals"", ""btts"", ""teamTotals""]"
soccer|brazil|portugal|2026-06-09,2,3,1,7,7,0.8027,0.1973,False,False,False,False,,,"[""openligadb"", ""sstats""]","[""odds_api_io""]","[""h2h"", ""dnb"", ""totals""]"
soccer|mes kerman|naft gachsaran|2026-06-09,2,4,1,30,30,0.7398,0.2602,False,False,False,False,,,"[""openligadb"", ""sstats""]","[""odds_api_io""]","[""h2h"", ""dnb"", ""spreads"", ""totals""]"
soccer|palayesh naft bandar abbas|shahrdari nowshahr|2026-06-09,2,0,0,0,0,0.9924,0.0076,True,False,False,False,,,"[""sstats"", ""weather""]",[],[]
soccer|naft gachsaran|sanat mes kerman|2026-06-09,2,0,0,0,0,0.9924,0.0076,True,False,False,False,,,"[""sstats"", ""weather""]",[],[]
soccer|iraq|russia|2026-06-09,0,0,0,0,0,,,False,False,False,False,,,[],[],[]
soccer|qatar|republic of ireland|2026-06-09,1,4,1,41,41,,,False,False,False,False,,,"[""openligadb""]","[""odds_api_io""]","[""h2h"", ""dnb"", ""spreads"", ""totals""]"
soccer|nassaji mazandaran|shenavarsazi qeshm|2026-06-09,1,0,0,0,0,,,False,False,False,False,,,"[""sstats""]",[],[]
soccer|atlantic|kumba|2026-06-09,1,0,0,0,0,,,False,False,False,False,,,"[""sstats""]",[],[]
soccer|faroe islands|latvia|2026-06-09,2,7,1,190,190,0.8544,0.1456,False,False,False,False,,,"[""openligadb"", ""sstats""]","[""odds_api_io""]","[""h2h"", ""dnb"", ""spreads"", ""totals"", ""btts"", ""teamTotals"", ""doubleChance""]"
soccer|armenia|moldova|2026-06-09,3,7,2,451,451,0.7118,0.2882,False,False,False,False,,,"[""bzzoiro"", ""openligadb"", ""sstats""]","[""odds_api_io"", ""bzzoiro""]","[""h2h"", ""dnb"", ""spreads"", ""totals"", ""btts"", ""teamTotals"", ""doubleChance""]"
soccer|india|tajikistan|2026-06-09,3,7,2,423,423,0.9177,0.0823,False,False,False,False,,,"[""bzzoiro"", ""openligadb"", ""sstats""]","[""odds_api_io"", ""bzzoiro""]","[""h2h"", ""dnb"", ""spreads"", ""totals"", ""btts"", ""teamTotals"", ""doubleChance""]"
soccer|nassaji|shenavar sazi qeshm|2026-06-09,1,0,0,0,0,,,False,False,False,False,,,"[""sstats""]",[],[]
soccer|nassaji mazandaran|shenavar sazi qeshm|2026-06-09,2,0,0,0,0,1.0,0.0,True,False,False,False,,,"[""sstats"", ""weather""]",[],[]
soccer|ahrobiznes volochysk|kudrivka|2026-06-09,1,0,0,0,0,,,False,False,False,False,,,"[""sstats""]",[],[]
soccer|agrobiznes volochisk|kudrivka|2026-06-09,1,6,1,151,151,,,False,False,False,False,,,"[""sstats""]","[""odds_api_io""]","[""h2h"", ""dnb"", ""spreads"", ""totals"", ""doubleChance"", ""btts""]"
soccer|kudrivka|volochisk|2026-06-09,0,0,0,0,0,,,False,False,False,False,,,[],[],[]
soccer|avion academy|union abong mbang|2026-06-09,1,0,0,0,0,,,False,False,False,False,,,"[""sstats""]",[],[]
soccer|apejes academy|les astres|2026-06-09,1,0,0,0,0,,,False,False,False,False,,,"[""sstats""]",[],[]
soccer|jordan w|palestine w|2026-06-09,2,7,1,178,178,0.889,0.111,False,False,False,False,,,"[""openligadb"", ""sstats""]","[""odds_api_io""]","[""h2h"", ""dnb"", ""spreads"", ""totals"", ""doubleChance"", ""btts"", ""teamTotals""]"
soccer|chile|dr congo|2026-06-09,3,3,1,200,200,0.6212,0.3788,False,False,False,False,,,"[""bzzoiro"", ""openligadb"", ""sstats""]","[""bzzoiro""]","[""totals"", ""h2h"", ""btts""]"
soccer|albania|ukraine|2026-06-09,1,0,0,0,0,,,False,False,False,False,,,"[""sstats""]",[],[]
soccer|georgia|iceland|2026-06-09,2,7,2,404,404,0.7835,0.2165,False,False,False,False,,,"[""openligadb"", ""sstats""]","[""odds_api_io"", ""bzzoiro""]","[""h2h"", ""dnb"", ""spreads"", ""totals"", ""doubleChance"", ""btts"", ""teamTotals""]"
soccer|greece|kazakhstan|2026-06-09,3,7,2,406,406,0.7959,0.2041,False,False,False,False,,,"[""bzzoiro"", ""openligadb"", ""sstats""]","[""odds_api_io"", ""bzzoiro""]","[""h2h"", ""dnb"", ""spreads"", ""totals"", ""doubleChance"", ""btts"", ""teamTotals""]"
soccer|portugal|serbia|2026-06-09,2,7,2,308,308,0.9343,0.0657,False,False,False,False,,,"[""openligadb"", ""sstats""]","[""odds_api_io"", ""bzzoiro""]","[""h2h"", ""dnb"", ""spreads"", ""totals"", ""doubleChance"", ""btts"", ""teamTotals""]"
soccer|havadar|saipa|2026-06-09,1,0,0,0,0,,,False,False,False,False,,,"[""sstats""]",[],[]
soccer|pars jonoubi jam|sanat naft|2026-06-09,2,4,1,31,31,0.6839,0.3161,False,False,False,False,,,"[""openligadb"", ""sstats""]","[""odds_api_io""]","[""h2h"", ""dnb"", ""spreads"", ""totals""]"
soccer|pars jonoubi jam|sanat naft abadan|2026-06-09,2,0,0,0,0,1.0,0.0,True,False,False,False,,,"[""sstats"", ""weather""]",[],[]
soccer|hjk helsinki|honka|2026-06-09,3,7,2,391,391,0.6831,0.3169,False,False,False,False,,,"[""bzzoiro"", ""openligadb"", ""sstats""]","[""odds_api_io"", ""bzzoiro""]","[""h2h"", ""dnb"", ""spreads"", ""totals"", ""btts"", ""teamTotals"", ""doubleChance""]"
soccer|gornik polkowice|soko kleczew|2026-06-09,1,0,0,0,0,,,False,False,False,False,,,"[""sstats""]",[],[]
soccer|ks gornik polkowice|sokol kleczew|2026-06-09,1,6,1,206,206,,,False,False,False,False,,,"[""sstats""]","[""odds_api_io""]","[""h2h"", ""dnb"", ""spreads"", ""totals"", ""doubleChance"", ""btts""]"
soccer|polkowice|sokol k|2026-06-09,0,0,0,0,0,,,False,False,False,False,,,[],[],[]
soccer|hjk|honka|2026-06-09,3,3,1,161,161,0.433,0.567,False,False,False,False,,,"[""bzzoiro"", ""openligadb"", ""sstats""]","[""bzzoiro""]","[""totals"", ""h2h"", ""btts""]"
soccer|codm meknes|union sportive yacoub el mansour|2026-06-09,3,3,1,170,170,0.9016,0.0984,False,False,False,False,,,"[""bzzoiro"", ""sstats"", ""thesportsdb""]","[""bzzoiro""]","[""totals"", ""h2h"", ""btts""]"
soccer|codm meknes|yacoub el mansour|2026-06-09,3,3,1,170,170,0.9541,0.0459,False,False,False,False,,,"[""bzzoiro"", ""openligadb"", ""sstats""]","[""bzzoiro""]","[""totals"", ""h2h"", ""btts""]"
soccer|etela espoon|lohjan|2026-06-09,0,0,0,0,0,,,False,False,False,False,,,[],[],[]
soccer|akatemia|jippo|2026-06-09,1,0,0,0,0,,,False,False,False,False,,,"[""sstats""]",[],[]
soccer|comoros|equatorial guinea|2026-06-09,2,0,0,0,0,0.9999,0.0001,False,False,False,False,,,"[""bzzoiro"", ""sstats""]",[],[]
soccer|estonia|lithuania|2026-06-09,3,7,1,192,192,0.879,0.121,False,False,False,False,,,"[""bzzoiro"", ""openligadb"", ""sstats""]","[""odds_api_io""]","[""h2h"", ""dnb"", ""spreads"", ""totals"", ""btts"", ""teamTotals"", ""doubleChance""]"
soccer|chile|congo dr|2026-06-09,2,7,2,425,425,0.6689,0.3311,False,False,False,False,,,"[""bzzoiro"", ""openligadb""]","[""odds_api_io"", ""bzzoiro""]","[""h2h"", ""dnb"", ""spreads"", ""totals"", ""btts"", ""teamTotals"", ""doubleChance""]"
soccer|us bougouni|usfas bamako|2026-06-09,2,0,0,0,0,0.9924,0.0076,True,False,False,False,,,"[""sstats"", ""weather""]",[],[]
soccer|codm meknes|us yacoub mansour|2026-06-09,2,7,2,369,369,0.93,0.07,False,False,False,False,,,"[""bzzoiro"", ""openligadb""]","[""odds_api_io"", ""bzzoiro""]","[""h2h"", ""dnb"", ""spreads"", ""totals"", ""btts"", ""teamTotals"", ""doubleChance""]"
soccer|meknes|us yacoub mansour|2026-06-09,2,3,1,100,100,0.9505,0.0495,False,False,False,False,,,"[""bzzoiro"", ""openligadb""]","[""bzzoiro""]","[""h2h"", ""totals"", ""btts""]"
soccer|capitan figari lambare|fulgencio yegros|2026-06-09,0,0,0,0,0,,,False,False,False,False,,,[],[],[]
soccer|bougouni|usfas bamako|2026-06-09,1,0,0,0,0,,,False,False,False,False,,,"[""sstats""]",[],[]
soccer|jippo|sjk akatemia|2026-06-09,1,7,1,202,202,,,False,False,False,False,,,"[""sstats""]","[""odds_api_io""]","[""h2h"", ""dnb"", ""spreads"", ""totals"", ""btts"", ""teamTotals"", ""doubleChance""]"
soccer|georgia|moldova|2026-06-09,3,7,1,230,230,0.8052,0.1948,False,False,False,False,,,"[""bzzoiro"", ""openligadb"", ""sstats""]","[""odds_api_io""]","[""h2h"", ""dnb"", ""spreads"", ""totals"", ""btts"", ""teamTotals"", ""doubleChance""]"
soccer|morocco w|new zealand w|2026-06-09,1,7,1,215,215,,,False,False,False,False,,,"[""sstats""]","[""odds_api_io""]","[""h2h"", ""dnb"", ""spreads"", ""totals"", ""btts"", ""teamTotals"", ""doubleChance""]"
soccer|austria w|norway w|2026-06-09,1,0,0,0,0,,,False,False,False,False,,,"[""sstats""]",[],[]
soccer|germany w|slovenia w|2026-06-09,1,0,0,0,0,,,False,False,False,False,,,"[""sstats""]",[],[]
soccer|belarus|burkina faso|2026-06-09,2,4,2,178,178,0.8059,0.1941,False,False,False,False,,,"[""bzzoiro"", ""sstats""]","[""odds_api_io"", ""bzzoiro""]","[""h2h"", ""spreads"", ""totals"", ""btts""]"
soccer|djoliba|real bamako|2026-06-09,1,6,1,132,132,,,False,False,False,False,,,"[""sstats""]","[""odds_api_io""]","[""h2h"", ""dnb"", ""spreads"", ""totals"", ""doubleChance"", ""btts""]"
soccer|as real bamako|djoliba|2026-06-09,2,0,0,0,0,0.9924,0.0076,True,False,False,False,,,"[""sstats"", ""weather""]",[],[]
soccer|binga|stade malien|2026-06-09,2,3,1,109,109,0.8724,0.1276,False,False,False,False,,,"[""sstats"", ""thesportsdb""]","[""bzzoiro""]","[""h2h"", ""totals"", ""btts""]"
soccer|binga|stade malien bamako|2026-06-09,1,6,1,125,125,,,False,False,False,False,,,"[""sstats""]","[""odds_api_io""]","[""h2h"", ""dnb"", ""spreads"", ""totals"", ""doubleChance"", ""btts""]"
soccer|kszo 1929|resovia rzeszow|2026-06-09,1,0,0,0,0,,,False,False,False,False,,,"[""sstats""]",[],[]
soccer|angola|central african republic|2026-06-09,2,7,2,355,355,0.8425,0.1575,False,False,False,False,,,"[""bzzoiro"", ""sstats""]","[""odds_api_io"", ""bzzoiro""]","[""h2h"", ""dnb"", ""spreads"", ""totals"", ""btts"", ""teamTotals"", ""doubleChance""]"
soccer|hungary|kazakhstan|2026-06-09,2,7,2,455,455,0.9714,0.0286,False,False,False,False,,,"[""bzzoiro"", ""sstats""]","[""odds_api_io"", ""bzzoiro""]","[""h2h"", ""dnb"", ""spreads"", ""totals"", ""btts"", ""teamTotals"", ""doubleChance""]"
soccer|russia|trinidad tobago|2026-06-09,2,4,2,93,93,0.9848,0.0152,False,False,False,False,,,"[""bzzoiro"", ""sstats""]","[""odds_api_io"", ""bzzoiro""]","[""spreads"", ""totals"", ""h2h"", ""btts""]"
soccer|cwks resovia|kszo ostrowiec swietokrzyski|2026-06-09,1,7,1,196,196,,,False,False,False,False,,,"[""sstats""]","[""odds_api_io""]","[""h2h"", ""dnb"", ""spreads"", ""totals"", ""doubleChance"", ""btts"", ""teamTotals""]"
soccer|kszo ostrowice|resovia|2026-06-09,1,0,0,0,0,,,False,False,False,False,,,"[""sstats""]",[],[]
soccer|ik brage|ljungskile sk|2026-06-09,1,7,1,249,249,,,False,False,False,False,,,"[""sstats""]","[""odds_api_io""]","[""h2h"", ""dnb"", ""spreads"", ""totals"", ""btts"", ""teamTotals"", ""doubleChance""]"
soccer|ifk norrkoping|oddevold|2026-06-09,1,0,0,0,0,,,False,False,False,False,,,"[""sstats""]",[],[]
soccer|ifk varnamo|osters if|2026-06-09,1,7,1,266,266,,,False,False,False,False,,,"[""sstats""]","[""odds_api_io""]","[""h2h"", ""dnb"", ""spreads"", ""totals"", ""btts"", ""teamTotals"", ""doubleChance""]"
soccer|falkenbergs ff|sandviken|2026-06-09,1,0,0,0,0,,,False,False,False,False,,,"[""sstats""]",[],[]
soccer|ostersunds|united nordic|2026-06-09,1,0,0,0,0,,,False,False,False,False,,,"[""sstats""]",[],[]
soccer|hassleholms if|rappe|2026-06-09,1,0,0,0,0,,,False,False,False,False,,,"[""sstats""]",[],[]
soccer|haninge|vendelso|2026-06-09,0,0,0,0,0,,,False,False,False,False,,,[],[],[]
soccer|brage|ljungskile|2026-06-09,1,0,0,0,0,,,False,False,False,False,,,"[""sstats""]",[],[]
soccer|ifk norrkoping|ik oddevold|2026-06-09,1,7,1,260,260,,,False,False,False,False,,,"[""sstats""]","[""odds_api_io""]","[""h2h"", ""dnb"", ""spreads"", ""totals"", ""btts"", ""teamTotals"", ""doubleChance""]"
soccer|nordic united|ostersund|2026-06-09,1,7,1,193,193,,,False,False,False,False,,,"[""sstats""]","[""odds_api_io""]","[""h2h"", ""dnb"", ""spreads"", ""totals"", ""btts"", ""teamTotals"", ""doubleChance""]"
soccer|nordic united|ostersunds|2026-06-09,1,0,0,0,0,,,False,False,False,False,,,"[""sstats""]",[],[]
soccer|norrkoping|oddevold|2026-06-09,1,0,0,0,0,,,False,False,False,False,,,"[""sstats""]",[],[]
soccer|osters|varnamo|2026-06-09,1,0,0,0,0,,,False,False,False,False,,,"[""sstats""]",[],[]
soccer|falkenbergs|sandvikens|2026-06-09,0,7,1,264,264,,,False,False,False,False,,,[],"[""odds_api_io""]","[""h2h"", ""dnb"", ""spreads"", ""totals"", ""btts"", ""teamTotals"", ""doubleChance""]"
soccer|falkenbergs ff|sandvikens if|2026-06-09,1,0,0,0,0,,,False,False,False,False,,,"[""sstats""]",[],[]
soccer|ifk haninge|vendelso ik|2026-06-09,0,0,0,0,0,,,False,False,False,False,,,[],[],[]
soccer|hassleholms if|rappe goif|2026-06-09,1,7,1,174,174,,,False,False,False,False,,,"[""sstats""]","[""odds_api_io""]","[""h2h"", ""dnb"", ""spreads"", ""totals"", ""doubleChance"", ""btts"", ""teamTotals""]"
soccer|haninge|vendelso ik|2026-06-09,0,0,0,0,0,,,False,False,False,False,,,[],[],[]
soccer|central espanol reserves|maldonado reserves|2026-06-09,1,6,1,165,165,,,False,False,False,False,,,"[""sstats""]","[""odds_api_io""]","[""h2h"", ""dnb"", ""spreads"", ""totals"", ""doubleChance"", ""btts""]"
soccer|algeria|mauritania|2026-06-09,1,3,1,110,110,,,False,False,False,False,,,"[""bzzoiro""]","[""bzzoiro""]","[""h2h"", ""totals"", ""btts""]"
soccer|egypt|russia|2026-06-09,0,0,0,0,0,,,False,False,False,False,,,[],[],[]
soccer|albania w|montenegro w|2026-06-09,1,0,0,0,0,,,False,False,False,False,,,"[""sstats""]",[],[]
soccer|armenia w|belarus w|2026-06-09,1,3,1,31,31,,,False,False,False,False,,,"[""sstats""]","[""bzzoiro""]","[""h2h"", ""totals"", ""btts""]"
soccer|bulgaria w|croatia w|2026-06-09,1,0,0,0,0,,,False,False,False,False,,,"[""sstats""]",[],[]
soccer|cyprus w|moldova w|2026-06-09,1,0,0,0,0,,,False,False,False,False,,,"[""sstats""]",[],[]
soccer|bosnia herzegovina w|estonia w|2026-06-09,1,0,0,0,0,,,False,False,False,False,,,"[""sstats""]",[],[]
soccer|finland w|portugal w|2026-06-09,1,0,0,0,0,,,False,False,False,False,,,"[""sstats""]",[],[]
soccer|georgia w|greece w|2026-06-09,1,0,0,0,0,,,False,False,False,False,,,"[""sstats""]",[],[]
soccer|gibraltar w|kosovo w|2026-06-09,1,0,0,0,0,,,False,False,False,False,,,"[""sstats""]",[],[]
soccer|andorra w|hungary w|2026-06-09,1,0,0,0,0,,,False,False,False,False,,,"[""sstats""]",[],[]
soccer|israel w|scotland w|2026-06-09,1,0,0,0,0,,,False,False,False,False,,,"[""sstats""]",[],[]
soccer|latvia w|slovakia w|2026-06-09,1,0,0,0,0,,,False,False,False,False,,,"[""sstats""]",[],[]
soccer|liechtenstein w|lithuania w|2026-06-09,1,0,0,0,0,,,False,False,False,False,,,"[""sstats""]",[],[]
soccer|belgium w|luxembourg w|2026-06-09,1,0,0,0,0,,,False,False,False,False,,,"[""sstats""]",[],[]
soccer|malta w|turkey w|2026-06-09,1,0,0,0,0,,,False,False,False,False,,,"[""sstats""]",[],[]
soccer|azerbaijan w|north macedonia w|2026-06-09,2,3,1,110,110,0.9721,0.0279,False,False,False,False,,,"[""bzzoiro"", ""sstats""]","[""bzzoiro""]","[""h2h"", ""totals"", ""btts""]"
soccer|northern ireland w|switzerland w|2026-06-09,1,0,0,0,0,,,False,False,False,False,,,"[""sstats""]",[],[]
soccer|denmark w|serbia w|2026-06-09,1,0,0,0,0,,,False,False,False,False,,,"[""sstats""]",[],[]
soccer|italy w|sweden w|2026-06-09,1,0,0,0,0,,,False,False,False,False,,,"[""sstats""]",[],[]
soccer|czech republic w|wales w|2026-06-09,1,0,0,0,0,,,False,False,False,False,,,"[""sstats""]",[],[]
soccer|fbk karlstad|sturehov w|2026-06-09,0,0,0,0,0,,,False,False,False,False,,,[],[],[]
soccer|fbk karlstad|ik sturehov|2026-06-09,0,0,0,0,0,,,False,False,False,False,,,[],[],[]
soccer|eskilstuna|konyaspor kif|2026-06-09,1,0,0,0,0,,,False,False,False,False,,,"[""sstats""]",[],[]
soccer|eskilstuna|konyaspor|2026-06-09,1,0,0,0,0,,,False,False,False,False,,,"[""sstats""]",[],[]
soccer|fbk karlstad|sturehov|2026-06-09,0,0,0,0,0,,,False,False,False,False,,,[],[],[]
soccer|at rafaela reserves|ca belgrano|2026-06-09,0,6,1,134,134,,,False,False,False,False,,,[],"[""odds_api_io""]","[""h2h"", ""dnb"", ""doubleChance"", ""spreads"", ""totals"", ""btts""]"
soccer|ca lanus|independiente reserves|2026-06-09,1,6,1,181,181,,,False,False,False,False,,,"[""sstats""]","[""odds_api_io""]","[""h2h"", ""dnb"", ""spreads"", ""totals"", ""doubleChance"", ""btts""]"
soccer|cr khemis zemamra|uts rabat|2026-06-09,1,0,0,0,0,,,False,False,False,False,,,"[""sstats""]",[],[]
soccer|kawkab athletic marrakech|raja athletic|2026-06-09,2,3,1,100,100,0.94,0.06,False,False,False,False,,,"[""bzzoiro"", ""sstats""]","[""bzzoiro""]","[""h2h"", ""totals"", ""btts""]"
soccer|renaissance zemamra|union touarga sport|2026-06-09,2,3,1,93,93,0.9995,0.0005,False,False,False,False,,,"[""bzzoiro"", ""sstats""]","[""bzzoiro""]","[""h2h"", ""totals"", ""btts""]"
soccer|ca paranaense pr|cr flamengo rj|2026-06-09,0,4,1,39,39,,,False,False,False,False,,,[],"[""odds_api_io""]","[""h2h"", ""dnb"", ""spreads"", ""totals""]"
soccer|araucaria ecr pr|cascavel pr|2026-06-09,1,0,0,0,0,,,False,False,False,False,,,"[""sstats""]",[],[]
soccer|azerbaijan|san marino|2026-06-09,2,7,2,433,433,0.5954,0.4046,False,False,False,False,,,"[""bzzoiro"", ""sstats""]","[""odds_api_io"", ""bzzoiro""]","[""h2h"", ""dnb"", ""spreads"", ""totals"", ""btts"", ""teamTotals"", ""doubleChance""]"
soccer|benin|togo|2026-06-09,2,7,2,373,373,0.8786,0.1214,False,False,False,False,,,"[""bzzoiro"", ""sstats""]","[""odds_api_io"", ""bzzoiro""]","[""h2h"", ""dnb"", ""spreads"", ""totals"", ""btts"", ""teamTotals"", ""doubleChance""]"
soccer|kawkab athletic of marrakech|raja casablanca athletic|2026-06-09,2,7,2,370,370,0.9635,0.0365,False,False,False,False,,,"[""bzzoiro"", ""sstats""]","[""odds_api_io"", ""bzzoiro""]","[""h2h"", ""dnb"", ""spreads"", ""totals"", ""btts"", ""teamTotals"", ""doubleChance""]"
soccer|kawkab marrakech|raja casablanca|2026-06-09,1,0,0,0,0,,,False,False,False,False,,,"[""sstats""]",[],[]
soccer|renaissance zemamra|union touarga|2026-06-09,1,6,2,263,263,,,False,False,False,False,,,"[""bzzoiro""]","[""odds_api_io"", ""bzzoiro""]","[""h2h"", ""dnb"", ""doubleChance"", ""spreads"", ""totals"", ""btts""]"
soccer|cerro largo|torque|2026-06-09,1,4,1,39,39,,,False,False,False,False,,,"[""sstats""]","[""odds_api_io""]","[""h2h"", ""dnb"", ""spreads"", ""totals""]"
soccer|atletico go|bahia|2026-06-09,1,0,0,0,0,,,False,False,False,False,,,"[""sstats""]",[],[]
soccer|atletico mineiro|cruzeiro|2026-06-09,1,0,0,0,0,,,False,False,False,False,,,"[""sstats""]",[],[]
soccer|corinthians|gremio|2026-06-09,1,0,0,0,0,,,False,False,False,False,,,"[""sstats""]",[],[]
soccer|america mg|juventude|2026-06-09,0,0,0,0,0,,,False,False,False,False,,,[],[],[]
soccer|flamengo rj|sao paulo|2026-06-09,0,0,0,0,0,,,False,False,False,False,,,[],[],[]
soccer|athletico pr|vasco|2026-06-09,0,0,0,0,0,,,False,False,False,False,,,[],[],[]
soccer|botafogo|vitoria|2026-06-09,1,0,0,0,0,,,False,False,False,False,,,"[""sstats""]",[],[]
soccer|athletico pr|flamengo|2026-06-09,1,0,0,0,0,,,False,False,False,False,,,"[""sstats""]",[],[]
soccer|aldosivi reserves|gimnasia mendoza 2|2026-06-09,1,6,1,153,153,,,False,False,False,False,,,"[""sstats""]","[""odds_api_io""]","[""h2h"", ""dnb"", ""spreads"", ""totals"", ""doubleChance"", ""btts""]"
soccer|atl rafaela 2|belgrano cordoba reserves|2026-06-09,1,0,0,0,0,,,False,False,False,False,,,"[""sstats""]",[],[]
soccer|platense reserves|riestra reserves|2026-06-09,1,6,1,173,173,,,False,False,False,False,,,"[""sstats""]","[""odds_api_io""]","[""h2h"", ""dnb"", ""spreads"", ""totals"", ""doubleChance"", ""btts""]"
soccer|independiente reserves|lanus reserves|2026-06-09,1,0,0,0,0,,,False,False,False,False,,,"[""sstats""]",[],[]
soccer|liberia|sierra leone|2026-06-09,2,7,2,384,384,0.8337,0.1663,False,False,False,False,,,"[""bzzoiro"", ""sstats""]","[""odds_api_io"", ""bzzoiro""]","[""h2h"", ""dnb"", ""spreads"", ""totals"", ""btts"", ""teamTotals"", ""doubleChance""]"
soccer|diarra|union sportive bougouba|2026-06-09,1,6,1,126,126,,,False,False,False,False,,,"[""sstats""]","[""odds_api_io""]","[""h2h"", ""dnb"", ""spreads"", ""totals"", ""doubleChance"", ""btts""]"
soccer|12 octubre san domingo|24 setiembre vp|2026-06-09,0,0,0,0,0,,,False,False,False,False,,,[],[],[]
soccer|diarra|us bougouba|2026-06-09,1,0,0,0,0,,,False,False,False,False,,,"[""sstats""]",[],[]
soccer|albion san diego w|philippines w|2026-06-09,1,0,0,0,0,,,False,False,False,False,,,"[""sstats""]",[],[]
soccer|almeria|castellon|2026-06-09,2,7,2,477,477,0.8953,0.1047,False,False,False,False,,,"[""bzzoiro"", ""sstats""]","[""odds_api_io"", ""bzzoiro""]","[""h2h"", ""dnb"", ""spreads"", ""totals"", ""btts"", ""teamTotals"", ""doubleChance""]"
soccer|england w|ukraine w|2026-06-09,1,0,0,0,0,,,False,False,False,False,,,"[""sstats""]",[],[]
soccer|france w|republic of ireland w|2026-06-09,1,0,0,0,0,,,False,False,False,False,,,"[""sstats""]",[],[]
soccer|iceland w|spain w|2026-06-09,1,0,0,0,0,,,False,False,False,False,,,"[""sstats""]",[],[]
soccer|netherlands w|poland w|2026-06-09,1,0,0,0,0,,,False,False,False,False,,,"[""sstats""]",[],[]
soccer|alftanes|hafnir|2026-06-09,0,6,1,177,177,,,False,False,False,False,,,[],"[""odds_api_io""]","[""h2h"", ""dnb"", ""spreads"", ""totals"", ""doubleChance"", ""btts""]"
soccer|as far rabat|mas fes|2026-06-09,2,3,1,100,100,0.9998,0.0002,False,False,False,False,,,"[""bzzoiro"", ""sstats""]","[""bzzoiro""]","[""h2h"", ""totals"", ""btts""]"
soccer|as far rabat|maghreb as fes|2026-06-09,2,6,2,280,280,0.9429,0.0571,False,False,False,False,,,"[""bzzoiro"", ""sstats""]","[""odds_api_io"", ""bzzoiro""]","[""h2h"", ""dnb"", ""doubleChance"", ""totals"", ""btts"", ""spreads""]"
soccer|far rabat|maghreb fes|2026-06-09,2,3,1,100,100,0.9196,0.0804,False,False,False,False,,,"[""bzzoiro"", ""sstats""]","[""bzzoiro""]","[""h2h"", ""totals"", ""btts""]"
soccer|22 julio|atletico rojiblanco|2026-06-09,1,0,0,0,0,,,False,False,False,False,,,"[""sstats""]",[],[]
soccer|9 octubre|vinotinto ecuador|2026-06-09,0,7,1,59,59,,,False,False,False,False,,,[],"[""odds_api_io""]","[""h2h"", ""dnb"", ""spreads"", ""totals"", ""doubleChance"", ""btts"", ""teamTotals""]"
soccer|22 julio|atletico|2026-06-09,1,0,0,0,0,,,False,False,False,False,,,"[""sstats""]",[],[]
soccer|9 octubre|cuniburo|2026-06-09,1,0,0,0,0,,,False,False,False,False,,,"[""sstats""]",[],[]
soccer|amsg|capo|2026-06-09,1,0,0,0,0,,,False,False,False,False,,,"[""sstats""]",[],[]
soccer|fortaleza|nautico|2026-06-09,2,7,2,475,475,0.9328,0.0672,False,False,False,False,,,"[""bzzoiro"", ""sstats""]","[""odds_api_io"", ""bzzoiro""]","[""h2h"", ""dnb"", ""spreads"", ""totals"", ""btts"", ""teamTotals"", ""doubleChance""]"
soccer|cuiaba|ponte preta|2026-06-09,2,7,2,438,438,0.9991,0.0009,False,False,False,False,,,"[""bzzoiro"", ""sstats""]","[""odds_api_io"", ""bzzoiro""]","[""h2h"", ""dnb"", ""spreads"", ""totals"", ""btts"", ""teamTotals"", ""doubleChance""]"
soccer|cleveland force|pittsburgh steel|2026-06-09,0,0,0,0,0,,,False,False,False,False,,,[],[],[]
soccer|akron city|cleveland force|2026-06-09,1,4,2,133,133,,,False,False,False,False,,,"[""sstats""]","[""odds_api_io"", ""bzzoiro""]","[""h2h"", ""dnb"", ""spreads"", ""totals""]"
soccer|birmingham legion|chattanooga red wolves|2026-06-09,1,0,0,0,0,,,False,False,False,False,,,"[""sstats""]",[],[]
soccer|ottawa|supra du quebec|2026-06-09,1,7,1,214,214,,,False,False,False,False,,,"[""sstats""]","[""odds_api_io""]","[""h2h"", ""dnb"", ""spreads"", ""totals"", ""btts"", ""teamTotals"", ""doubleChance""]"
soccer|saudi arabia|senegal|2026-06-09,2,7,2,417,417,0.9986,0.0014,False,False,False,False,,,"[""bzzoiro"", ""sstats""]","[""odds_api_io"", ""bzzoiro""]","[""h2h"", ""dnb"", ""spreads"", ""totals"", ""btts"", ""teamTotals"", ""doubleChance""]"
soccer|connecticut|hartford athletic|2026-06-09,1,0,0,0,0,,,False,False,False,False,,,"[""sstats""]",[],[]
soccer|miami|miami city|2026-06-09,1,0,0,0,0,,,False,False,False,False,,,"[""sstats""]",[],[]
soccer|rally madison|river light|2026-06-09,1,0,0,0,0,,,False,False,False,False,,,"[""sstats""]",[],[]
soccer|minnesota aurora|sioux falls city|2026-06-09,1,0,0,0,0,,,False,False,False,False,,,"[""sstats""]",[],[]
soccer|north carolina courage|wake|2026-06-09,1,0,0,0,0,,,False,False,False,False,,,"[""sstats""]",[],[]
soccer|delaware|west chester united usl2|2026-06-09,0,4,1,41,41,,,False,False,False,False,,,[],"[""odds_api_io""]","[""h2h"", ""dnb"", ""spreads"", ""totals""]"
soccer|lehigh valley united|philadelphia lone star usl2|2026-06-09,1,0,0,0,0,,,False,False,False,False,,,"[""sstats""]",[],[]
soccer|charlottesville blues|northern virginia|2026-06-09,1,4,1,43,43,,,False,False,False,False,,,"[""sstats""]","[""odds_api_io""]","[""h2h"", ""dnb"", ""spreads"", ""totals""]"
soccer|columbus united|ssa swarm|2026-06-09,1,4,1,39,39,,,False,False,False,False,,,"[""sstats""]","[""odds_api_io""]","[""h2h"", ""dnb"", ""spreads"", ""totals""]"
soccer|portoviejo|san antonio|2026-06-10,1,7,1,57,57,,,False,False,False,False,,,"[""sstats""]","[""odds_api_io""]","[""h2h"", ""dnb"", ""spreads"", ""totals"", ""doubleChance"", ""btts"", ""teamTotals""]"
soccer|jackson lions|players development academy|2026-06-10,1,0,0,0,0,,,False,False,False,False,,,"[""sstats""]",[],[]
soccer|birmingham legion|corpus christi|2026-06-10,1,4,1,43,43,,,False,False,False,False,,,"[""sstats""]","[""odds_api_io""]","[""h2h"", ""dnb"", ""spreads"", ""totals""]"
soccer|hudson valley crusaders|new england mutiny|2026-06-10,0,4,1,11,11,,,False,False,False,False,,,[],"[""odds_api_io""]","[""h2h"", ""dnb"", ""spreads"", ""totals""]"
soccer|new jersey united|wc predators|2026-06-10,0,0,0,0,0,,,False,False,False,False,,,[],[],[]
soccer|hill country linces|lonestar san antonio|2026-06-10,1,0,0,0,0,,,False,False,False,False,,,"[""sstats""]",[],[]
soccer|marin alliance|san juan|2026-06-10,0,4,1,11,11,,,False,False,False,False,,,[],"[""odds_api_io""]","[""h2h"", ""dnb"", ""spreads"", ""totals""]"
soccer|argentina|iceland|2026-06-10,2,7,2,463,463,0.9995,0.0005,False,False,False,False,,,"[""bzzoiro"", ""sstats""]","[""odds_api_io"", ""bzzoiro""]","[""h2h"", ""dnb"", ""spreads"", ""totals"", ""btts"", ""teamTotals"", ""doubleChance""]"
soccer|iraq|venezuela|2026-06-10,2,7,2,409,409,0.9999,0.0001,False,False,False,False,,,"[""bzzoiro"", ""sstats""]","[""odds_api_io"", ""bzzoiro""]","[""h2h"", ""dnb"", ""spreads"", ""totals"", ""btts"", ""teamTotals"", ""doubleChance""]"
soccer|laredo heat|lonestar|2026-06-10,1,0,0,0,0,,,False,False,False,False,,,"[""sstats""]",[],[]
