match_key,kickoff_utc,league_name,home_team,away_team,odds_sources_count,odds_sources,price_confirmations,books_count,context_sources_count,context_sources,has_odds,has_context,ready_for_model,ready_for_publish,need_price_confirmations,need_odds_sources,need_context_sources,missing
soccer|ae paracatu|sao joao rei mg|2026-10-09,2026-10-09T21:30:00+00:00,"Brazil - Mineiro, Segunda Divisao, Group B",Sao Joao Del Rei EC MG,AE Paracatu,1,odds_api_io,4,0,0,,True,True,True,False,0,1,2,independent_odds_sources|context_sources
soccer|associacao tupy esportes go|trindade go|2026-10-09,2026-10-09T22:00:00+00:00,"Brazil - Goiano, 2. Divisao",Trindade AC GO,Associacao Tupy de Esportes GO,1,odds_api_io,4,0,0,,True,True,True,False,0,1,2,independent_odds_sources|context_sources
soccer|pirata|san rafael|2026-10-09,2026-10-09T22:00:00+00:00,"Honduras - Liga de Ascenso, Apertura, Group A",CD San Rafael,CD Pirata,1,odds_api_io,4,0,0,,True,False,False,False,0,1,2,independent_odds_sources|context_sources
soccer|brasilia|pumas las vegas|2026-10-09,2026-10-09T22:00:00+00:00,"Honduras - Liga de Ascenso, Apertura, Group B",Pumas FC Las Vegas,CD Brasilia,1,odds_api_io,4,0,0,,True,False,False,False,0,1,2,independent_odds_sources|context_sources
soccer|ks b onianka b onie|mks przasnysz|2026-10-09,2026-10-09T22:00:00+00:00,Poland - IV Liga,KS Błonianka Błonie,MKS Przasnysz,1,odds_api_io,4,0,0,,True,False,False,False,0,1,2,independent_odds_sources|context_sources
soccer|bron radom|ks mszczonowianka|2026-10-09,2026-10-09T22:00:00+00:00,Poland - IV Liga,KS Mszczonowianka,Broń Radom,1,odds_api_io,4,0,0,,True,False,False,False,0,1,2,independent_odds_sources|context_sources
soccer|charleston cougars|elon phoenix|2026-10-09,2026-10-09T22:00:00+00:00,USA - NCAA,Charleston Cougars,Elon Phoenix,1,odds_api_io,4,0,0,,True,False,False,False,0,1,2,independent_odds_sources|context_sources
soccer|coastal carolina chanticleers|ucf knights|2026-10-09,2026-10-09T22:00:00+00:00,USA - NCAA,Coastal Carolina Chanticleers,UCF Knights,1,odds_api_io,4,0,0,,True,False,False,False,0,1,2,independent_odds_sources|context_sources
soccer|boston university terriers|colgate raiders|2026-10-09,2026-10-09T22:00:00+00:00,USA - NCAA,Colgate Raiders,Boston University Terriers,1,odds_api_io,4,0,0,,True,False,False,False,0,1,2,independent_odds_sources|context_sources
soccer|american eagles|lehigh mountain hawks|2026-10-09,2026-10-09T22:00:00+00:00,USA - NCAA,Lehigh Mountain Hawks,American Eagles,1,odds_api_io,4,0,0,,True,False,False,False,0,1,2,independent_odds_sources|context_sources
soccer|unc asheville bulldogs|winthrop eagles|2026-10-09,2026-10-09T22:00:00+00:00,USA - NCAA,UNC Asheville Bulldogs,Winthrop Eagles,1,odds_api_io,4,0,0,,True,False,False,False,0,1,2,independent_odds_sources|context_sources
soccer|high point panthers|usc upstate spartans|2026-10-09,2026-10-09T22:00:00+00:00,USA - NCAA,USC Upstate Spartans,High Point Panthers,1,odds_api_io,4,0,0,,True,False,False,False,0,1,2,independent_odds_sources|context_sources
soccer|california golden bears|virginia cavaliers|2026-10-09,2026-10-09T22:00:00+00:00,USA - NCAA,Virginia Cavaliers,California Golden Bears,1,odds_api_io,4,0,0,,True,False,False,False,0,1,2,independent_odds_sources|context_sources
soccer|boca juniors|instituto cordoba|2026-10-09,2026-10-09T22:30:00+00:00,"Argentina - Primera LPF, Clausura",Instituto AC Cordoba,Boca Juniors,1,odds_api_io,4,0,0,,True,True,True,False,0,1,2,independent_odds_sources|context_sources
soccer|sol america villa elisa|sportivo carapegua|2026-10-09,2026-10-09T22:30:00+00:00,Paraguay - Division Intermedia,Sol de America Villa Elisa,Sportivo Carapegua,1,odds_api_io,4,0,0,,True,True,True,False,0,1,2,independent_odds_sources|context_sources
soccer|ca excursionistas|ca villa san carlos|2026-10-09,2026-10-09T23:00:00+00:00,Argentina - Primera B,CA Excursionistas,CA Villa San Carlos,1,odds_api_io,4,0,0,,True,True,True,False,0,1,2,independent_odds_sources|context_sources
soccer|ca talleres remedios|camioneros|2026-10-09,2026-10-09T23:00:00+00:00,Argentina - Primera B,CA Talleres de Remedios,Deportivo Camioneros,1,odds_api_io,4,0,0,,True,True,True,False,0,1,2,independent_odds_sources|context_sources
soccer|aguilas doradas rionegro|alianza valledupar|2026-10-09,2026-10-09T23:00:00+00:00,"Colombia - Liga DIMAYOR, Finalizacion",Alianza FC Valledupar,Aguilas Doradas Rionegro,1,odds_api_io,4,0,0,,True,True,True,False,0,1,2,independent_odds_sources|context_sources
soccer|atletico la paz|tapatio|2026-10-09,2026-10-09T23:00:00+00:00,"Mexico - Liga de Expansion MX, Apertura",CD Tapatio,Club Atletico La Paz,1,odds_api_io,4,0,0,,True,True,True,False,0,1,2,independent_odds_sources|context_sources
soccer|boston college eagles|wake forest demon deacons|2026-10-09,2026-10-09T23:00:00+00:00,USA - NCAA,Boston College Eagles,Wake Forest Demon Deacons,1,odds_api_io,4,0,0,,True,False,False,False,0,1,2,independent_odds_sources|context_sources
soccer|michigan wolverines|penn state nittany lions|2026-10-09,2026-10-09T23:00:00+00:00,USA - NCAA,Michigan Wolverines,Penn State Nittany Lions,1,odds_api_io,4,0,0,,True,False,False,False,0,1,2,independent_odds_sources|context_sources
soccer|army black knights|navy midshipmen|2026-10-09,2026-10-09T23:00:00+00:00,USA - NCAA,Navy Midshipmen,Army Black Knights,1,odds_api_io,4,0,0,,True,False,False,False,0,1,2,independent_odds_sources|context_sources
soccer|old dominion monarchs|west virginia mountaineers|2026-10-09,2026-10-09T23:00:00+00:00,USA - NCAA,Old Dominion Monarchs,West Virginia Mountaineers,1,odds_api_io,4,0,0,,True,False,False,False,0,1,2,independent_odds_sources|context_sources
soccer|pittsburgh panthers|virginia tech hokies|2026-10-09,2026-10-09T23:00:00+00:00,USA - NCAA,Pittsburgh Panthers,Virginia Tech Hokies,1,odds_api_io,4,0,0,,True,False,False,False,0,1,2,independent_odds_sources|context_sources
soccer|presbyterian blue hose|radford highlanders|2026-10-09,2026-10-09T23:00:00+00:00,USA - NCAA,Radford Highlanders,Presbyterian Blue Hose,1,odds_api_io,4,0,0,,True,False,False,False,0,1,2,independent_odds_sources|context_sources
soccer|campbell fighting camels|unc wilmington seahawks|2026-10-09,2026-10-09T23:00:00+00:00,USA - NCAA,UNC Wilmington Seahawks,Campbell Fighting Camels,1,odds_api_io,4,0,0,,True,False,False,False,0,1,2,independent_odds_sources|context_sources
soccer|liverpool montevideo|maldonado|2026-10-09,2026-10-09T23:00:00+00:00,"Uruguay - Primera Division, Clausura",Deportivo Maldonado,Liverpool Montevideo,1,odds_api_io,4,0,0,,True,True,True,False,0,1,2,independent_odds_sources|context_sources
soccer|georgia southern eagles|marshall herd|2026-10-09,2026-10-09T23:15:00+00:00,USA - NCAA,Marshall Herd,Georgia Southern Eagles,1,odds_api_io,4,0,0,,True,False,False,False,0,1,2,independent_odds_sources|context_sources
soccer|mercer bears|wofford terriers|2026-10-09,2026-10-09T23:15:00+00:00,USA - NCAA,Mercer Bears,Wofford Terriers,1,odds_api_io,4,0,0,,True,False,False,False,0,1,2,independent_odds_sources|context_sources
soccer|hanover college panthers|indiana hoosiers|2026-10-09,2026-10-09T23:30:00+00:00,USA - NCAA,Indiana Hoosiers,Hanover College Panthers,1,odds_api_io,4,0,0,,True,False,False,False,0,1,2,independent_odds_sources|context_sources
soccer|maryland terrapins|michigan state spartans|2026-10-09,2026-10-09T23:30:00+00:00,USA - NCAA,Maryland Terrapins,Michigan State Spartans,1,odds_api_io,4,0,0,,True,False,False,False,0,1,2,independent_odds_sources|context_sources
soccer|lexington|tulsa|2026-10-09,2026-10-09T23:30:00+00:00,"USA - USL, Championship",Lexington SC,FC Tulsa,1,odds_api_io,4,4,1,sstats,True,True,True,False,0,1,1,independent_odds_sources|context_sources
soccer|adff pococi|carrillo ff|2026-10-10,2026-10-10T00:00:00+00:00,"Costa Rica - Primera Division, Apertura, Women",ADFF Pococi,Carrillo FF,1,odds_api_io,12,1,0,,True,False,False,False,0,1,2,independent_odds_sources|context_sources
soccer|inca|platense municipal zacatecoluca|2026-10-10,2026-10-10T00:00:00+00:00,"El Salvador - Primera Division, Apertura",CD Inca,CD Platense Municipal Zacatecoluca,1,odds_api_io,42,2,1,sstats,True,True,True,False,0,1,1,independent_odds_sources|context_sources
2026-10-10|lsu tigers|arkansas razorbacks,2026-10-10T00:00:00+00:00,"USA - NCAA, Women",LSU Tigers,Arkansas Razorbacks,1,odds_api_io,4,4,0,,True,True,True,False,0,1,2,independent_odds_sources|context_sources
2026-10-10|mississippi state bulldogs|texas a and m aggies,2026-10-10T00:00:00+00:00,"USA - NCAA, Women",Mississippi State Bulldogs,Texas A&M Aggies,1,odds_api_io,4,4,0,,True,False,False,False,0,1,2,independent_odds_sources|context_sources
2026-10-10|oklahoma sooners|auburn tigers,2026-10-10T00:00:00+00:00,"USA - NCAA, Women",Oklahoma Sooners,Auburn Tigers,1,odds_api_io,4,4,0,,True,True,True,False,0,1,2,independent_odds_sources|context_sources
soccer|argentino monte maiz|san martin mendoza|2026-10-10,2026-10-10T00:30:00+00:00,"Argentina - Torneo Federal A, Promotion Playoffs",AC San Martin de Mendoza,CD Argentino Monte Maiz,1,odds_api_io,75,1,1,sstats,True,True,True,False,0,1,1,independent_odds_sources|context_sources
soccer|defensa y justicia|union santa fe|2026-10-10,2026-10-10T00:45:00+00:00,"Argentina - Primera LPF, Clausura",Union de Santa Fe,Defensa y Justicia,1,odds_api_io,140,1,2,bzzoiro|sstats,True,True,True,False,0,1,0,independent_odds_sources
,2026-10-10T00:45:00+00:00,Liga Profesional de Fútbol,Club Atlético Unión de Santa Fe,Defensa y Justicia,0,,0,0,0,,False,False,False,False,2,2,2,price_confirmations|independent_odds_sources|context_sources
soccer|ca huracan las heras|juventud antoniana|2026-10-10,2026-10-10T01:00:00+00:00,"Argentina - Torneo Federal A, Promotion Playoffs",Juventud Antoniana,CA Huracan Las Heras,1,odds_api_io,104,1,1,sstats,True,True,True,False,0,1,1,independent_odds_sources|context_sources
2026-10-10|mexico|jamaica,2026-10-10T01:00:00+00:00,"International - International Friendly Games, Women",Mexico,Jamaica,1,odds_api_io,4,1,1,sstats,True,True,True,False,0,1,1,independent_odds_sources|context_sources
,2026-10-10T01:00:00+00:00,Liga MX Apertura,Club Puebla,Club León,1,odds_api_io,4,1,2,bzzoiro|sstats,True,True,True,False,0,1,0,independent_odds_sources
soccer|leon|puebla|2026-10-10,2026-10-10T01:00:00+00:00,"Mexico - Liga MX, Apertura",Club Puebla,Club Leon,1,odds_api_io,140,1,2,bzzoiro|sstats,True,True,True,False,0,1,0,independent_odds_sources
soccer|atletico morelia|tepatitlan|2026-10-10,2026-10-10T01:00:00+00:00,"Mexico - Liga de Expansion MX, Apertura",Tepatitlan FC,Atletico Morelia,1,odds_api_io,14,1,0,,True,False,False,False,0,1,2,independent_odds_sources|context_sources
2026-10-10|umecit|af sporting san miguelito,2026-10-10T01:00:00+00:00,"Panama - Liga Prom, Apertura",Umecit II,AF Sporting San Miguelito II,1,odds_api_io,4,4,0,,True,True,True,False,0,1,2,independent_odds_sources|context_sources
soccer|garcilaso|sport huancayo|2026-10-10,2026-10-10T01:00:00+00:00,"Peru - Primera Division, Clausura",Deportivo Garcilaso,Sport Huancayo,1,odds_api_io,112,2,1,sstats,True,True,True,False,0,1,1,independent_odds_sources|context_sources
soccer|llaneros|once caldas|2026-10-10,2026-10-10T01:10:00+00:00,"Colombia - Liga DIMAYOR, Finalizacion",CD Once Caldas,Llaneros FC,1,odds_api_io,132,1,2,bzzoiro|sstats,True,True,True,False,0,1,0,independent_odds_sources
soccer|arabe unido b|panama city|2026-10-10,2026-10-10T01:15:00+00:00,"Panama - Liga Prom, Apertura",Panama City FC,Arabe Unido B,1,odds_api_io,10,1,0,,True,False,False,False,0,1,2,independent_odds_sources|context_sources
2026-10-10|el salvador|paraguay,2026-10-10T01:30:00+00:00,"International - International Friendly Games, Women",El Salvador,Paraguay,1,odds_api_io,110,1,1,sstats,True,True,True,False,0,1,1,independent_odds_sources|context_sources
2026-10-10|wellington phoenix|birkenhead united,2026-10-10T01:30:00+00:00,New Zealand - National League,Wellington Phoenix FC Reserve,Birkenhead United AFC,1,odds_api_io,1,0,1,sstats,True,True,True,False,1,1,1,price_confirmations|independent_odds_sources|context_sources
soccer|san francisco|universitario penonome|2026-10-10,2026-10-10T01:30:00+00:00,"Panama - Liga Panamena de Futbol, Apertura",San Francisco FC,CD Universitario Penonome,1,odds_api_io,30,2,1,sstats,True,True,True,False,0,1,1,independent_odds_sources|context_sources
soccer|ad carmelita|guadalupe|2026-10-10,2026-10-10T02:00:00+00:00,"Costa Rica - Liga de Ascenso, Apertura, Group 2",AD Carmelita,Guadalupe FC,1,odds_api_io,22,2,1,sstats,True,True,True,False,0,1,1,independent_odds_sources|context_sources
soccer|cs cartagines|sporting|2026-10-10,2026-10-10T02:00:00+00:00,"Costa Rica - Primera Division, Apertura",Sporting FC,CS Cartagines,1,odds_api_io,102,2,1,inventory_context,True,True,True,False,0,1,1,independent_odds_sources|context_sources
soccer|chorotega|dimas escazu|2026-10-10,2026-10-10T02:00:00+00:00,"Costa Rica - Primera Division, Apertura, Women",Dimas Escazu,Chorotega FC,1,odds_api_io,4,1,0,,True,False,False,False,0,1,2,independent_odds_sources|context_sources
soccer|los cabos united|reboceros la piedad|2026-10-10,2026-10-10T02:00:00+00:00,"Mexico - Liga Primera Premier, Group Stage",Reboceros de La Piedad,Los Cabos United,1,odds_api_io,14,1,1,sstats,True,True,True,False,0,1,1,independent_odds_sources|context_sources
soccer|auckland city|wellington olympic|2026-10-10,2026-10-10T02:00:00+00:00,New Zealand - National League,Auckland City FC,Wellington Olympic,1,odds_api_io,12,1,0,,True,False,False,False,0,1,2,independent_odds_sources|context_sources
2026-10-10|ska khabarovsk 2|kvant obninsk,2026-10-10T02:00:00+00:00,"Russia - 2. Liga, Division B, Group 3",Ska-Khabarovsk-2,FC Kvant Obninsk,1,odds_api_io,1,0,0,,True,True,True,False,1,1,2,price_confirmations|independent_odds_sources|context_sources
soccer|tigres uanl|toluca|2026-10-10,2026-10-10T03:00:00+00:00,"Mexico - Liga MX, Apertura",Tigres UANL,Deportivo Toluca FC,1,odds_api_io,4,2,1,sstats,True,True,True,False,0,1,1,independent_odds_sources|context_sources
soccer|ferrymead bays|miramar rangers|2026-10-10,2026-10-10T03:00:00+00:00,New Zealand - National League,Ferrymead Bays,Miramar Rangers,1,odds_api_io,4,1,0,,True,False,False,False,0,1,2,independent_odds_sources|context_sources
soccer|criacao shinjuku|reinmeer aomori|2026-10-10,2026-10-10T04:00:00+00:00,Japan - Japan Football League,Criacao Shinjuku,Reinmeer Aomori,1,odds_api_io,4,1,0,,True,False,False,False,0,1,2,independent_odds_sources|context_sources
soccer|maruyasu okazaki|yscc yokohama|2026-10-10,2026-10-10T04:00:00+00:00,Japan - Japan Football League,Maruyasu Okazaki,YSCC Yokohama,1,odds_api_io,4,1,0,,True,False,False,False,0,1,2,independent_odds_sources|context_sources
soccer|j lease|okinawa sv|2026-10-10,2026-10-10T04:00:00+00:00,Japan - Japan Football League,Okinawa SV,J-Lease FC,1,odds_api_io,4,1,0,,True,False,False,False,0,1,2,independent_odds_sources|context_sources
2026-10-10|jef united ichihara chiba|kanagawa sagamihara,2026-10-10T04:00:00+00:00,"Japan - WE League Cup, Women",JEF United Ichihara Chiba,Kanagawa Sagamihara,1,odds_api_io,4,4,0,,True,True,True,False,0,1,2,independent_odds_sources|context_sources
soccer|kochi united|nagano parceiro|2026-10-10,2026-10-10T05:00:00+00:00,Japan - J-League 3,Kochi United SC,AC Nagano Parceiro,1,odds_api_io,4,0,0,,True,False,False,False,0,1,2,independent_odds_sources|context_sources
soccer|giravanz kitakyushu|nara|2026-10-10,2026-10-10T05:00:00+00:00,Japan - J-League 3,Nara Club,Giravanz Kitakyushu,1,odds_api_io,4,1,0,,True,False,False,False,0,1,2,independent_odds_sources|context_sources
soccer|ryukyu|thespa gunma|2026-10-10,2026-10-10T05:00:00+00:00,Japan - J-League 3,Thespa Gunma,FC Ryukyu,1,odds_api_io,4,0,0,,True,False,False,False,0,1,2,independent_odds_sources|context_sources
soccer|cerezo osaka|yokohama f marinos|2026-10-10,2026-10-10T05:00:00+00:00,Japan - J.League,Cerezo Osaka,Yokohama F Marinos,1,odds_api_io,4,1,0,,True,True,True,False,0,1,2,independent_odds_sources|context_sources
soccer|rb omiya ardija|vanraure hachinohe|2026-10-10,2026-10-10T05:00:00+00:00,Japan - J.League 2,RB Omiya Ardija,Vanraure Hachinohe FC,1,odds_api_io,4,0,0,,True,False,False,False,0,1,2,independent_odds_sources|context_sources
soccer|fujieda myfc|sagan tosu|2026-10-10,2026-10-10T05:00:00+00:00,Japan - J.League 2,Sagan Tosu,Fujieda MYFC,1,odds_api_io,4,1,0,,True,False,False,False,0,1,2,independent_odds_sources|context_sources
soccer|imabari|tokushima vortis|2026-10-10,2026-10-10T05:00:00+00:00,Japan - J.League 2,Tokushima Vortis,FC Imabari,1,odds_api_io,4,2,0,,True,False,False,False,0,1,2,independent_odds_sources|context_sources
soccer|oita trinita|yokohama|2026-10-10,2026-10-10T05:00:00+00:00,Japan - J.League 2,Yokohama FC,Oita Trinita,1,odds_api_io,4,0,0,,True,False,False,False,0,1,2,independent_odds_sources|context_sources
2026-10-10|urawa red diamonds|mynavi sendai ladies,2026-10-10T05:00:00+00:00,"Japan - WE League Cup, Women",Urawa Red Diamonds,Mynavi Sendai Ladies,1,odds_api_io,4,1,0,,True,False,False,False,0,1,2,independent_odds_sources|context_sources
soccer|amtat|khovd|2026-10-10,2026-10-10T05:00:00+00:00,Mongolia - Premier League,Khovd,Amtat FC,1,odds_api_io,4,0,0,,True,False,False,False,0,1,2,independent_odds_sources|context_sources
soccer|jeju sk|seoul|2026-10-10,2026-10-10T05:00:00+00:00,Republic of Korea - K-League 1,FC Seoul,Jeju SK FC,1,odds_api_io,4,0,0,,True,True,True,False,0,1,2,independent_odds_sources|context_sources
soccer|jeonnam dragons|yongin|2026-10-10,2026-10-10T05:00:00+00:00,Republic of Korea - K-League 2,Jeonnam Dragons,Yongin FC,1,odds_api_io,4,0,0,,True,False,False,False,0,1,2,independent_odds_sources|context_sources
soccer|busan ipark|paju frontier|2026-10-10,2026-10-10T05:00:00+00:00,Republic of Korea - K-League 2,Paju Frontier FC,Busan IPark,1,odds_api_io,4,1,0,,True,False,False,False,0,1,2,independent_odds_sources|context_sources
soccer|busan transportation corporation|yeoju|2026-10-10,2026-10-10T05:00:00+00:00,Republic of Korea - K3 League,Busan Transportation Corporation FC,Yeoju FC,1,odds_api_io,4,1,0,,True,False,False,False,0,1,2,independent_odds_sources|context_sources
soccer|changwon|pocheon citizen|2026-10-10,2026-10-10T05:00:00+00:00,Republic of Korea - K3 League,Changwon FC,Pocheon Citizen FC,1,odds_api_io,4,1,0,,True,False,False,False,0,1,2,independent_odds_sources|context_sources
2026-10-10|chuncheon|jeonbuk,2026-10-10T05:00:00+00:00,Republic of Korea - K3 League,Chuncheon FC,Jeonbuk FC II,1,odds_api_io,4,4,0,,True,True,True,False,0,1,2,independent_odds_sources|context_sources
soccer|avispa fukuoka|fagiano okayama|2026-10-10,2026-10-10T06:00:00+00:00,Japan - J.League,Avispa Fukuoka,Fagiano Okayama,1,odds_api_io,4,0,0,,True,True,True,False,0,1,2,independent_odds_sources|context_sources
soccer|tokyo|urawa red diamonds|2026-10-10,2026-10-10T06:00:00+00:00,Japan - J.League,FC Tokyo,Urawa Red Diamonds,1,odds_api_io,4,0,0,,True,True,True,False,0,1,2,independent_odds_sources|context_sources
soccer|fukushima united|reilac shiga|2026-10-10,2026-10-10T07:00:00+00:00,Japan - J-League 3,Fukushima United FC,Reilac Shiga FC,1,odds_api_io,4,0,0,,True,False,False,False,0,1,2,independent_odds_sources|context_sources
soccer|tochigi city|ventforet kofu|2026-10-10,2026-10-10T07:00:00+00:00,Japan - J.League 2,Ventforet Kofu,Tochigi City FC,1,odds_api_io,4,0,0,,True,False,False,False,0,1,2,independent_odds_sources|context_sources
soccer|azul claro numazu|vonds ichihara|2026-10-10,2026-10-10T07:00:00+00:00,Japan - Japan Football League,Azul Claro Numazu,Vonds Ichihara FC,1,odds_api_io,4,0,0,,True,False,False,False,0,1,2,independent_odds_sources|context_sources
soccer|kamaz naberezhnye chelny|ska khabarovsk|2026-10-10,2026-10-10T07:00:00+00:00,Russia - 1. Liga,FC Ska-Khabarovsk,FC Kamaz Naberezhnye Chelny,1,odds_api_io,4,0,0,,True,False,False,False,0,1,2,independent_odds_sources|context_sources
2026-10-10|shillong lajong|rangdajied united,2026-10-10T07:30:00+00:00,India - Shillong Premier League,Shillong Lajong FC II,Rangdajied United FC,1,odds_api_io,4,4,0,,True,True,True,False,0,1,2,independent_odds_sources|context_sources
soccer|anyang|gimcheon sangmu|2026-10-10,2026-10-10T07:30:00+00:00,Republic of Korea - K-League 1,Gimcheon Sangmu FC,FC Anyang,1,odds_api_io,4,1,2,bzzoiro|sstats,True,True,True,False,0,1,0,independent_odds_sources
soccer|cheonan city|gyeongnam|2026-10-10,2026-10-10T07:30:00+00:00,Republic of Korea - K-League 2,Cheonan City FC,Gyeongnam FC,1,odds_api_io,4,1,1,sstats,True,True,True,False,0,1,1,independent_odds_sources|context_sources
soccer|chungnam asan|gimhae|2026-10-10,2026-10-10T07:30:00+00:00,Republic of Korea - K-League 2,Gimhae FC,Chungnam Asan FC,1,odds_api_io,4,1,0,,True,False,False,False,0,1,2,independent_odds_sources|context_sources
2026-10-10|liaoning shenbei hefeng|zhejiang hangzhou,2026-10-10T08:00:00+00:00,"China - Chinese Super League, Women, Championship Round",Liaoning Shenbei Hefeng,Zhejiang Hangzhou,1,odds_api_io,10,1,0,,True,False,False,False,0,1,2,independent_odds_sources|context_sources
soccer|hong kong|kitchee|2026-10-10,2026-10-10T08:00:00+00:00,"Hong Kong, China - Premier League",Kitchee,Hong Kong FC,1,odds_api_io,32,4,1,sstats,True,True,True,False,0,1,1,independent_odds_sources|context_sources
soccer|kowloon city|tai po|2026-10-10,2026-10-10T08:00:00+00:00,"Hong Kong, China - Premier League",Tai Po FC,Kowloon City,1,odds_api_io,28,4,0,,True,False,False,False,0,1,2,independent_odds_sources|context_sources
2026-10-10|bulgaria|armenia,2026-10-10T08:00:00+00:00,"International Youth - U19 UEFA European Championship, W, Q, R1, Gr. B2",Bulgaria U19,Armenia U19,1,odds_api_io,4,0,1,sstats,True,True,True,False,0,1,1,independent_odds_sources|context_sources
2026-10-10|hapoel katamon jerusalem|maccabi petah tikva,2026-10-10T08:00:00+00:00,Israel - U19 Premier League,Hapoel Katamon Jerusalem U19,Maccabi Petah Tikva U19,1,odds_api_io,12,1,0,,True,False,False,False,0,1,2,independent_odds_sources|context_sources
soccer|hunters|khovd western|2026-10-10,2026-10-10T08:00:00+00:00,Mongolia - Premier League,Khovd Western FC,Hunters FC,1,odds_api_io,12,4,1,sstats,True,True,True,False,0,1,1,independent_odds_sources|context_sources
soccer|chindia targoviste|cs concordia chiajna|2026-10-10,2026-10-10T08:00:00+00:00,Romania - Liga 2,AFC Chindia Targoviste,CS Concordia Chiajna,1,odds_api_io,44,4,0,,True,False,False,False,0,1,2,independent_odds_sources|context_sources
soccer|asa targu mures|metalul buzau|2026-10-10,2026-10-10T08:00:00+00:00,Romania - Liga 2,AFC Metalul Buzau,Asa Targu Mures,1,odds_api_io,42,4,1,sstats,True,True,True,False,0,1,1,independent_odds_sources|context_sources
soccer|cs dinamo bucuresti|csm olimpia satu mare|2026-10-10,2026-10-10T08:00:00+00:00,Romania - Liga 2,CS Dinamo Bucuresti,Csm Olimpia Satu Mare,1,odds_api_io,40,4,0,,True,False,False,False,0,1,2,independent_odds_sources|context_sources
soccer|cs gloria bistrita|scm ramnicu valcea|2026-10-10,2026-10-10T08:00:00+00:00,Romania - Liga 2,CS Gloria Bistrita,Scm Ramnicu Valcea,1,odds_api_io,42,4,1,sstats,True,True,True,False,0,1,1,independent_odds_sources|context_sources
soccer|csc 1599 selimbar|unirea 04 slobozia|2026-10-10,2026-10-10T08:00:00+00:00,Romania - Liga 2,CSC 1599 Selimbar,AFC Unirea 04 Slobozia,1,odds_api_io,10,1,0,,True,False,False,False,0,1,2,independent_odds_sources|context_sources
soccer|cetatea 1932 suceava|csc dumbravita|2026-10-10,2026-10-10T08:00:00+00:00,Romania - Liga 2,Cetatea 1932 Suceava,CSC Dumbravita,1,odds_api_io,42,4,0,,True,False,False,False,0,1,2,independent_odds_sources|context_sources
soccer|metaloglobus bucuresti|popesti leordeni|2026-10-10,2026-10-10T08:00:00+00:00,Romania - Liga 2,Metaloglobus Bucuresti,SC Popesti Leordeni,1,odds_api_io,26,4,0,,True,False,False,False,0,1,2,independent_odds_sources|context_sources
soccer|jedinstvo stara pazova|kabel novi sad|2026-10-10,2026-10-10T08:00:00+00:00,"Serbia - Srpska Liga, Vojvodina",FK Kabel Novi Sad,FK Jedinstvo Stara Pazova,1,odds_api_io,4,4,0,,True,False,False,False,0,1,2,independent_odds_sources|context_sources
2026-10-10|golden arrows|chippa united,2026-10-10T08:00:00+00:00,"South Africa - Premier League, Reserve",Golden Arrows,Chippa United FC,1,odds_api_io,4,0,1,sstats,True,True,True,False,0,1,1,independent_odds_sources|context_sources
2026-10-10|mamelodi sundowns|kruger united,2026-10-10T08:00:00+00:00,"South Africa - Premier League, Reserve",Mamelodi Sundowns,Kruger United Reserve,1,odds_api_io,4,4,0,,True,True,True,False,0,1,2,independent_odds_sources|context_sources
2026-10-10|richards bay|kaizer chiefs,2026-10-10T08:00:00+00:00,"South Africa - Premier League, Reserve",Richards Bay FC,Kaizer Chiefs,1,odds_api_io,4,0,1,sstats,True,True,True,False,0,1,1,independent_odds_sources|context_sources
2026-10-10|siwelele|orlando pirates,2026-10-10T08:00:00+00:00,"South Africa - Premier League, Reserve",Siwelele FC,Orlando Pirates,1,odds_api_io,4,1,1,sstats,True,True,True,False,0,1,1,independent_odds_sources|context_sources
2026-10-10|ts galaxy|amazulu,2026-10-10T08:00:00+00:00,"South Africa - Premier League, Reserve",TS Galaxy FC,AmaZulu,1,odds_api_io,4,0,1,sstats,True,True,True,False,0,1,1,independent_odds_sources|context_sources
,2026-10-10T08:00:00+00:00,Turkiye Amateur - U19 PAF Ligi,Genclerbirligi Ankara U19,Amed Sportif Faaliyetler U19,1,odds_api_io,4,1,0,,True,False,False,False,0,1,2,independent_odds_sources|context_sources
soccer|loko prague|sk slavia prague c|2026-10-10,2026-10-10T08:15:00+00:00,"Czechia - CFL, Group A",FK Loko Prague,SK Slavia Prague C,1,odds_api_io,4,4,0,,True,False,False,False,0,1,2,independent_odds_sources|context_sources
soccer|povltavska fa|sk dynamo ceske budejovice|2026-10-10,2026-10-10T08:15:00+00:00,"Czechia - CFL, Group A",Povltavska FA,SK Dynamo Ceske Budejovice,1,odds_api_io,4,4,0,,True,False,False,False,0,1,2,independent_odds_sources|context_sources
soccer|bohemians prague 1905 b|sk aritma prague|2026-10-10,2026-10-10T08:15:00+00:00,"Czechia - CFL, Group A",SK Aritma Prague,Bohemians Prague 1905 B,1,odds_api_io,4,4,0,,True,False,False,False,0,1,2,independent_odds_sources|context_sources
soccer|admira prague|sk benesov|2026-10-10,2026-10-10T08:15:00+00:00,"Czechia - CFL, Group A",SK Benesov,FK Admira Prague,1,odds_api_io,4,1,0,,True,False,False,False,0,1,2,independent_odds_sources|context_sources
soccer|mfk chrudim|slovan liberec b|2026-10-10,2026-10-10T08:15:00+00:00,"Czechia - CFL, Group B",FC Slovan Liberec B,MFK Chrudim,1,odds_api_io,4,4,0,,True,False,False,False,0,1,2,independent_odds_sources|context_sources
soccer|horni redice|sk benatky nad jizerou|2026-10-10,2026-10-10T08:15:00+00:00,"Czechia - CFL, Group B",FK Horni Redice,SK Benatky Nad Jizerou,1,odds_api_io,4,4,1,sstats,True,True,True,False,0,1,1,independent_odds_sources|context_sources
soccer|banik most sous|mlada boleslav b|2026-10-10,2026-10-10T08:15:00+00:00,"Czechia - CFL, Group B",FK Mlada Boleslav B,FK Banik Most-Sous,1,odds_api_io,4,4,0,,True,False,False,False,0,1,2,independent_odds_sources|context_sources
soccer|n byskovice|pardubice b|2026-10-10,2026-10-10T08:15:00+00:00,"Czechia - CFL, Group B",N. Byskovice,FK Pardubice B,1,odds_api_io,4,4,0,,True,False,False,False,0,1,2,independent_odds_sources|context_sources
soccer|krimice|spartak sobeslav|2026-10-10,2026-10-10T08:15:00+00:00,Czechia - Divize A,FK Krimice,FK Spartak Sobeslav,1,odds_api_io,4,4,0,,True,False,False,False,0,1,2,independent_odds_sources|context_sources
soccer|sk ujezd praha 4|slavoj vysehrad|2026-10-10,2026-10-10T08:15:00+00:00,Czechia - Divize B,FC Slavoj Vysehrad,SK Ujezd Praha 4,1,odds_api_io,4,4,0,,True,False,False,False,0,1,2,independent_odds_sources|context_sources
soccer|banik sokolov|sokol hostoun|2026-10-10,2026-10-10T08:15:00+00:00,Czechia - Divize B,FK Banik Sokolov,Sokol Hostoun,1,odds_api_io,4,4,1,sstats,True,True,True,False,0,1,1,independent_odds_sources|context_sources
soccer|sk steti|slavia karlovy vary|2026-10-10,2026-10-10T08:15:00+00:00,Czechia - Divize B,SK Steti,FC Slavia Karlovy Vary,1,odds_api_io,4,0,0,,True,False,False,False,0,1,2,independent_odds_sources|context_sources
soccer|slavia hk|spartak police nad metuji|2026-10-10,2026-10-10T08:15:00+00:00,Czechia - Divize C,FC Slavia HK,Spartak Police Nad Metuji,1,odds_api_io,4,4,0,,True,False,False,False,0,1,2,independent_odds_sources|context_sources
soccer|cechie vykan|prepere|2026-10-10,2026-10-10T08:15:00+00:00,Czechia - Divize C,FK Cechie Vykan,FK Prepere,1,odds_api_io,4,0,0,,True,False,False,False,0,1,2,independent_odds_sources|context_sources
soccer|tj tatran bohunice|zdar nad sazavou|2026-10-10,2026-10-10T08:15:00+00:00,Czechia - Divize D,TJ Tatran Bohunice,Zdar Nad Sazavou,1,odds_api_io,4,1,0,,True,False,False,False,0,1,2,independent_odds_sources|context_sources
soccer|opava b|sk stonava|2026-10-10,2026-10-10T08:15:00+00:00,Czechia - Divize F,Opava B,SK Stonava,1,odds_api_io,4,4,0,,True,False,False,False,0,1,2,independent_odds_sources|context_sources
soccer|sk jiskra rymarov|tj bridlicna|2026-10-10,2026-10-10T08:15:00+00:00,Czechia - Divize F,TJ Bridlicna,SK Jiskra Rymarov,1,odds_api_io,4,1,0,,True,False,False,False,0,1,2,independent_odds_sources|context_sources
soccer|komarov|slavoj cesky krumlov|2026-10-10,2026-10-10T08:30:00+00:00,Czechia - Divize A,FK Komarov,FK Slavoj Cesky Krumlov,1,odds_api_io,4,0,0,,True,False,False,False,0,1,2,independent_odds_sources|context_sources
2026-10-10|usti nad labem|tj slovan velvary,2026-10-10T08:30:00+00:00,Czechia - Divize B,FK Usti Nad Labem II,Tj Slovan Velvary,1,odds_api_io,4,4,0,,True,True,True,False,0,1,2,independent_odds_sources|context_sources
soccer|hlinsko|sk kosmonosy|2026-10-10,2026-10-10T08:30:00+00:00,Czechia - Divize C,FC Hlinsko,SK Kosmonosy,1,odds_api_io,4,0,0,,True,False,False,False,0,1,2,independent_odds_sources|context_sources
soccer|1 sk prostejov b|bzenec vracov|2026-10-10,2026-10-10T08:30:00+00:00,Czechia - Divize E,1. SK Prostejov B,FK Bzenec Vracov,1,odds_api_io,4,1,0,,True,False,False,False,0,1,2,independent_odds_sources|context_sources
soccer|adhyaksa bekasi|psgc ciamis|2026-10-10,2026-10-10T08:30:00+00:00,"Indonesia - Championship, Group A",FC Adhyaksa Bekasi,PSGC Ciamis,1,odds_api_io,4,1,0,,True,False,False,False,0,1,2,independent_odds_sources|context_sources
soccer|persiku kudus|sumsel united|2026-10-10,2026-10-10T08:30:00+00:00,"Indonesia - Championship, Group A",Sumsel United,Persiku Kudus,1,odds_api_io,4,0,0,,True,False,False,False,0,1,2,independent_odds_sources|context_sources
soccer|arema|bhayangkara presisi lampung|2026-10-10,2026-10-10T08:30:00+00:00,Indonesia - Indonesia Super League,Arema FC,Bhayangkara Presisi Lampung FC,1,odds_api_io,4,4,0,,True,False,False,False,0,1,2,independent_odds_sources|context_sources
soccer|garuda yaksa|persita tangerang|2026-10-10,2026-10-10T08:30:00+00:00,Indonesia - Indonesia Super League,Persita Tangerang,Garuda Yaksa,1,odds_api_io,4,4,0,,True,False,False,False,0,1,2,independent_odds_sources|context_sources
soccer|persija jakarta|psim yogyakarta|2026-10-10,2026-10-10T08:30:00+00:00,Indonesia - Indonesia Super League,Psim Yogyakarta,Persija Jakarta,1,odds_api_io,4,0,0,,True,False,False,False,0,1,2,independent_odds_sources|context_sources
2026-10-10|maccabi netanya|hapoel kfar saba,2026-10-10T08:30:00+00:00,Israel - U19 Premier League,Maccabi Netanya U19,Hapoel Kfar Saba U19,1,odds_api_io,4,1,0,,True,False,False,False,0,1,2,independent_odds_sources|context_sources
2026-10-10|arka gdynia|stal rzeszow,2026-10-10T08:30:00+00:00,Poland - U19 CLJ,Arka Gdynia U19,Stal Rzeszow U19,1,odds_api_io,4,1,0,,True,False,False,False,0,1,2,independent_odds_sources|context_sources
2026-10-10|real zaragoza|ud montecarlo,2026-10-10T08:30:00+00:00,Spain - Division de Honor Juvenil - Grupo III,Real Zaragoza,UD Montecarlo,1,odds_api_io,4,1,0,,True,False,False,False,0,1,2,independent_odds_sources|context_sources
soccer|angthong|ayutthaya pk|2026-10-10,2026-10-10T08:30:00+00:00,Thailand - Thai League 3,Angthong FC,Ayutthaya PK FC,1,odds_api_io,4,4,0,,True,False,False,False,0,1,2,independent_odds_sources|context_sources
soccer|assumption united|royal thai army|2026-10-10,2026-10-10T08:30:00+00:00,Thailand - Thai League 3,Assumption United,Royal Thai Army FC,1,odds_api_io,4,4,0,,True,False,False,False,0,1,2,independent_odds_sources|context_sources
soccer|banbueng f c|mnk|2026-10-10,2026-10-10T08:30:00+00:00,Thailand - Thai League 3,Banbueng F.C.,MNK SC,1,odds_api_io,4,4,0,,True,False,False,False,0,1,2,independent_odds_sources|context_sources
soccer|chamchuri united|prime bangkok|2026-10-10,2026-10-10T08:30:00+00:00,Thailand - Thai League 3,Chamchuri United,Prime Bangkok FC,1,odds_api_io,4,1,0,,True,False,False,False,0,1,2,independent_odds_sources|context_sources
soccer|chiangrai tsc|khelang united|2026-10-10,2026-10-10T08:30:00+00:00,Thailand - Thai League 3,Chiangrai TSC FC,Khelang United,1,odds_api_io,4,1,0,,True,False,False,False,0,1,2,independent_odds_sources|context_sources
soccer|korat city|yasothon|2026-10-10,2026-10-10T08:30:00+00:00,Thailand - Thai League 3,Korat City FC,Yasothon FC,1,odds_api_io,4,4,0,,True,False,False,False,0,1,2,independent_odds_sources|context_sources
soccer|lopburi city|pathumthani university|2026-10-10,2026-10-10T08:30:00+00:00,Thailand - Thai League 3,Lopburi City FC,Pathumthani University FC,1,odds_api_io,4,4,0,,True,False,False,False,0,1,2,independent_odds_sources|context_sources
soccer|pitchaya bundit college|udon banjan united|2026-10-10,2026-10-10T08:30:00+00:00,Thailand - Thai League 3,Pitchaya Bundit College,Udon Banjan United,1,odds_api_io,4,4,0,,True,False,False,False,0,1,2,independent_odds_sources|context_sources
soccer|agrobiznes volochisk|ingulets petrove|2026-10-10,2026-10-10T08:30:00+00:00,Ukraine - Persha Liga,FC Ingulets Petrove,Agrobiznes Volochisk,1,odds_api_io,4,1,0,,True,False,False,False,0,1,2,independent_odds_sources|context_sources
soccer|melbourne victory|south melbourne|2026-10-10,2026-10-10T08:35:00+00:00,"Australia - Australia Cup, Knockout Stage",South Melbourne FC,Melbourne Victory FC,1,odds_api_io,4,0,0,,True,False,False,False,0,1,2,independent_odds_sources|context_sources
soccer|bangladesh police|fakirapool young men|2026-10-10,2026-10-10T08:45:00+00:00,Bangladesh - Football League,Bangladesh Police FC,Fakirapool Young Men,1,odds_api_io,4,0,0,,True,False,False,False,0,1,2,independent_odds_sources|context_sources
2026-10-10|negeri sembilan|johor darul takzim,2026-10-10T08:45:00+00:00,Malaysia - Liga A1,Negeri Sembilan II,Johor Darul Takzim FC II,1,odds_api_io,4,4,0,,True,True,True,False,0,1,2,independent_odds_sources|context_sources
soccer|arambagh ks|mohammedan dhaka|2026-10-10,2026-10-10T09:00:00+00:00,Bangladesh - Football League,Mohammedan SC Dhaka,Arambagh KS,1,odds_api_io,4,0,0,,True,False,False,False,0,1,2,independent_odds_sources|context_sources
2026-10-10|hansa rostock|1 magdeburg,2026-10-10T09:00:00+00:00,"Germany Amateur - U19 DFB Nachwuchsliga, Group A",Hansa Rostock U19,1 FC Magdeburg U19,1,odds_api_io,4,4,0,,True,True,True,False,0,1,2,independent_odds_sources|context_sources
2026-10-10|bayer 04 leverkusen|tsv alemannia aachen,2026-10-10T09:00:00+00:00,"Germany Amateur - U19 DFB Nachwuchsliga, Group G",Bayer 04 Leverkusen U19,TSV Alemannia Aachen U19,1,odds_api_io,4,4,0,,True,True,True,False,0,1,2,independent_odds_sources|context_sources
2026-10-10|arminia bielefeld|paderborn 07,2026-10-10T09:00:00+00:00,"Germany Amateur - U19 DFB Nachwuchsliga, Group I",Arminia Bielefeld U19,SC Paderborn 07 U19,1,odds_api_io,4,4,0,,True,True,True,False,0,1,2,independent_odds_sources|context_sources
2026-10-10|gyulai|ujpest,2026-10-10T09:00:00+00:00,"Hungary - NB III, Group South East",Gyulai FC,Ujpest FC II,1,odds_api_io,4,4,0,,True,True,True,False,0,1,2,independent_odds_sources|context_sources
soccer|cesena|torino|2026-10-10,2026-10-10T09:00:00+00:00,Italy - Primavera 1,Cesena FC,Torino FC,1,odds_api_io,4,0,0,,True,False,False,False,0,1,2,independent_odds_sources|context_sources
soccer|as cittadella|renate|2026-10-10,2026-10-10T09:00:00+00:00,"Italy - Primavera 2, Girone A",AS Cittadella,AC Renate,1,odds_api_io,4,0,0,,True,False,False,False,0,1,2,independent_odds_sources|context_sources
soccer|sudtirol bolzano|virtus entella|2026-10-10,2026-10-10T09:00:00+00:00,"Italy - Primavera 2, Girone A",FC Sudtirol Bolzano,Virtus Entella,1,odds_api_io,4,0,0,,True,False,False,False,0,1,2,independent_odds_sources|context_sources
soccer|udinese|us cremonese|2026-10-10,2026-10-10T09:00:00+00:00,"Italy - Primavera 2, Girone A",US Cremonese,Udinese Calcio,1,odds_api_io,4,0,0,,True,False,False,False,0,1,2,independent_odds_sources|context_sources
soccer|latina|ssc bari|2026-10-10,2026-10-10T09:00:00+00:00,"Italy - Primavera 2, Girone B",Latina Calcio,SSC Bari,1,odds_api_io,4,0,0,,True,False,False,False,0,1,2,independent_odds_sources|context_sources
soccer|perugia|us avellino|2026-10-10,2026-10-10T09:00:00+00:00,"Italy - Primavera 2, Girone B",Perugia,US Avellino,1,odds_api_io,4,0,0,,True,False,False,False,0,1,2,independent_odds_sources|context_sources
soccer|hokkaido consadole sapporo|jubilo iwata|2026-10-10,2026-10-10T09:00:00+00:00,Japan - J.League 2,Jubilo Iwata,Hokkaido Consadole Sapporo,1,odds_api_io,4,0,0,,True,False,False,False,0,1,2,independent_odds_sources|context_sources
2026-10-10|rfs|marupes,2026-10-10T09:00:00+00:00,Latvia - 1.Division,FK Rfs II,Marupes SC,0,,1,0,0,,True,True,True,False,1,2,2,price_confirmations|independent_odds_sources|context_sources
soccer|ayeyawady united|thitsar arman|2026-10-10,2026-10-10T09:00:00+00:00,Myanmar - National League,Ayeyawady United,Thitsar Arman FC,1,odds_api_io,4,0,0,,True,False,False,False,0,1,2,independent_odds_sources|context_sources
soccer|myawady|yadanarbon|2026-10-10,2026-10-10T09:00:00+00:00,Myanmar - National League,Myawady FC,Yadanarbon,1,odds_api_io,4,0,0,,True,False,False,False,0,1,2,independent_odds_sources|context_sources
2026-10-10|miedz legnica|rakow czestochowa,2026-10-10T09:00:00+00:00,"Poland - III Liga, Group 3",Miedz Legnica II,Rakow II Czestochowa,1,odds_api_io,4,4,0,,True,True,True,False,0,1,2,independent_odds_sources|context_sources
soccer|ks decor be k|ks spojnia landek|2026-10-10,2026-10-10T09:00:00+00:00,Poland - IV Liga,KS Spójnia Landek,KS Decor Bełk,1,odds_api_io,4,4,0,,True,False,False,False,0,1,2,independent_odds_sources|context_sources
soccer|dalin myslenice|lks b ekitni modlnica|2026-10-10,2026-10-10T09:00:00+00:00,Poland - IV Liga,LKS Błękitni Modlnica,Dalin Myślenice,1,odds_api_io,4,4,0,,True,False,False,False,0,1,2,independent_odds_sources|context_sources
soccer|gzs t uchowia t uchowo|lzs victoria czernikowo|2026-10-10,2026-10-10T09:00:00+00:00,Poland - IV Liga,LZS Victoria Czernikowo,GZS Tłuchowia Tłuchowo,1,odds_api_io,4,4,0,,True,False,False,False,0,1,2,independent_odds_sources|context_sources
2026-10-10|mks chojniczanka chojnice|gryf wejherowo,2026-10-10T09:00:00+00:00,Poland - IV Liga,MKS Chojniczanka II Chojnice,Gryf Wejherowo,0,,1,0,0,,True,True,True,False,1,2,2,price_confirmations|independent_odds_sources|context_sources
soccer|mks zjednoczeni strykow|pks polonia piotrkow trybunalski|2026-10-10,2026-10-10T09:00:00+00:00,Poland - IV Liga,MKS Zjednoczeni Stryków,PKS Polonia Piotrków Trybunalski,1,odds_api_io,4,4,0,,True,False,False,False,0,1,2,independent_odds_sources|context_sources
2026-10-10|podbeskidzie bielsko biaa|ks ruch radzionkow,2026-10-10T09:00:00+00:00,Poland - IV Liga,Podbeskidzie II Bielsko-Biała,KS Ruch Radzionków,0,,1,0,0,,True,True,True,False,1,2,2,price_confirmations|independent_odds_sources|context_sources
soccer|dolina speranda niepogledzie|sks stoczniowiec gdansk|2026-10-10,2026-10-10T09:00:00+00:00,Poland - IV Liga,SKS Stoczniowiec Gdańsk,Dolina Speranda Niepoględzie,1,odds_api_io,4,4,0,,True,False,False,False,0,1,2,independent_odds_sources|context_sources
2026-10-10|unia turza slaska|piast gliwice,2026-10-10T09:00:00+00:00,Poland - IV Liga,Unia Turza Śląska,Piast II Gliwice,0,,1,0,0,,True,True,True,False,1,2,2,price_confirmations|independent_odds_sources|context_sources
2026-10-10|mks korona kielce|lech poznan,2026-10-10T09:00:00+00:00,Poland - U19 CLJ,MKS Korona Kielce U19,Lech Poznan U19,1,odds_api_io,4,4,0,,True,True,True,False,0,1,2,independent_odds_sources|context_sources
2026-10-10|rakow czestochowa|ks arkonia szczecin,2026-10-10T09:00:00+00:00,Poland - U19 CLJ,Rakow Czestochowa U19,KS Arkonia Szczecin U19,1,odds_api_io,4,4,0,,True,True,True,False,0,1,2,independent_odds_sources|context_sources
soccer|ural yekaterinburg|veles moscow|2026-10-10,2026-10-10T09:00:00+00:00,Russia - 1. Liga,FK Ural Yekaterinburg,FK Veles Moscow,1,odds_api_io,4,0,0,,True,False,False,False,0,1,2,independent_odds_sources|context_sources
2026-10-10|torpedo miass|dinamo stavropol,2026-10-10T09:00:00+00:00,"Russia - 2. Liga, Division A, Stage 1, Group Silver",Torpedo Miass,Dinamo Stavropol,1,odds_api_io,4,4,0,,True,True,True,False,0,1,2,independent_odds_sources|context_sources
2026-10-10|msk zilina|zp sport podbrezova,2026-10-10T09:00:00+00:00,Slovakia - U19 1. Liga,MSK Zilina U19,ZP Sport Podbrezova U19,0,,1,0,0,,True,True,True,False,1,2,2,price_confirmations|independent_odds_sources|context_sources
2026-10-10|slovan bratislava|trencin,2026-10-10T09:00:00+00:00,Slovakia - U19 1. Liga,Slovan Bratislava U19,AS Trencin U19,0,,1,0,0,,True,True,True,False,1,2,2,price_confirmations|independent_odds_sources|context_sources
2026-10-10|spartak trnava|dac 1904 dunajska streda,2026-10-10T09:00:00+00:00,Slovakia - U19 1. Liga,Spartak Trnava U19,FC DAC 1904 Dunajska Streda U19,0,,1,0,0,,True,True,True,False,1,2,2,price_confirmations|independent_odds_sources|context_sources
2026-10-10|tatran presov|mfk dukla banska bystrica,2026-10-10T09:00:00+00:00,Slovakia - U19 1. Liga,Tatran Presov U19,MFK Dukla Banska Bystrica U19,0,,1,0,0,,True,True,True,False,1,2,2,price_confirmations|independent_odds_sources|context_sources
2026-10-10|sevilla c|ud tomares,2026-10-10T09:00:00+00:00,"Spain Amateur - Tercera Federacion, Group 10",Sevilla FC C,UD Tomares,1,odds_api_io,4,4,0,,True,True,True,False,0,1,2,independent_odds_sources|context_sources
2026-10-10|winterthur|grasshopper zurich,2026-10-10T09:00:00+00:00,Switzerland - U19 Elite,FC Winterthur U19,Grasshopper Club Zurich U19,1,odds_api_io,4,4,0,,True,True,True,False,0,1,2,independent_odds_sources|context_sources
2026-10-10|veres rivne|shakhtar donetsk,2026-10-10T09:00:00+00:00,Ukraine - U21 Premier Liga 2,Veres Rivne U21,Shakhtar Donetsk U21,0,,1,0,0,,True,True,True,False,1,2,2,price_confirmations|independent_odds_sources|context_sources
soccer|long an|quang ninh|2026-10-10,2026-10-10T09:00:00+00:00,Vietnam - V-League 2,Long An FC,Quang Ninh FC,1,odds_api_io,4,0,0,,True,False,False,False,0,1,2,independent_odds_sources|context_sources
2026-10-10|venezia|calcio lecco 1912,2026-10-10T09:15:00+00:00,"Italy - Primavera 2, Girone A",Venezia FC,Calcio Lecco 1912 U19,1,odds_api_io,4,4,0,,True,True,True,False,0,1,2,independent_odds_sources|context_sources
soccer|tallinn|tallinna flora|2026-10-10,2026-10-10T09:30:00+00:00,Estonia - Esiliiga,Tallinna FC Flora,FC Tallinn,1,odds_api_io,4,0,0,,True,False,False,False,0,1,2,independent_odds_sources|context_sources
soccer|fa tartu kalev|fci levadia tallinn|2026-10-10,2026-10-10T09:30:00+00:00,Estonia - Esiliiga B,FA Tartu Kalev,FCI Levadia Tallinn,1,odds_api_io,4,0,0,,True,False,False,False,0,1,2,independent_odds_sources|context_sources
soccer|tallinna jk legion|viljandi jk tulevik|2026-10-10,2026-10-10T09:30:00+00:00,Estonia - Esiliiga B,Tallinna JK Legion,Viljandi JK Tulevik,1,odds_api_io,4,0,0,,True,False,False,False,0,1,2,independent_odds_sources|context_sources
soccer|pisa|ssc napoli|2026-10-10,2026-10-10T09:30:00+00:00,"Italy - Primavera 2, Girone B",SSC Napoli,Pisa Calcio,1,odds_api_io,4,0,0,,True,False,False,False,0,1,2,independent_odds_sources|context_sources
2026-10-10|sodupe uc|touring ke,2026-10-10T09:30:00+00:00,"Spain Amateur - Tercera Federacion, Group 4",Sodupe UC,Touring KE,1,odds_api_io,4,4,0,,True,True,True,False,0,1,2,independent_odds_sources|context_sources
soccer|minsk|torpedo belaz zhodino|2026-10-10,2026-10-10T10:00:00+00:00,Belarus - Vysshaya League,FC Minsk,FC Torpedo Belaz Zhodino,1,odds_api_io,4,0,0,,True,False,False,False,0,1,2,independent_odds_sources|context_sources
soccer|nk dubrava zagreb|orijent 1919 rijeka|2026-10-10,2026-10-10T10:00:00+00:00,Croatia - Prva NL,Orijent 1919 Rijeka,NK Dubrava Zagreb,1,odds_api_io,4,0,0,,True,False,False,False,0,1,2,independent_odds_sources|context_sources
2026-10-10|hertha bsc|energie cottbus,2026-10-10T10:00:00+00:00,"Germany Amateur - U19 DFB Nachwuchsliga, Group B",Hertha BSC U19,Energie Cottbus U19,1,odds_api_io,4,4,0,,True,True,True,False,0,1,2,independent_odds_sources|context_sources
2026-10-10|ingolstadt 04|tsv 1860 munich,2026-10-10T10:00:00+00:00,"Germany Amateur - U19 DFB Nachwuchsliga, Group D",FC Ingolstadt 04 U19,TSV 1860 Munich U19,1,odds_api_io,4,4,0,,True,True,True,False,0,1,2,independent_odds_sources|context_sources
2026-10-10|1 saarbrucken|sv elversberg,2026-10-10T10:00:00+00:00,"Germany Amateur - U19 DFB Nachwuchsliga, Group G",1. FC Saarbrucken U19,SV Elversberg U19,1,odds_api_io,4,4,0,,True,True,True,False,0,1,2,independent_odds_sources|context_sources
2026-10-10|aek athens|ofi,2026-10-10T10:00:00+00:00,Greece - U19 Super League,AEK Athens U19,OFI U19,1,odds_api_io,4,4,0,,True,True,True,False,0,1,2,independent_odds_sources|context_sources
soccer|benevento|us salernitana|2026-10-10,2026-10-10T10:00:00+00:00,"Italy - Primavera 2, Girone B",US Salernitana,Benevento Calcio,1,odds_api_io,4,0,0,,True,False,False,False,0,1,2,independent_odds_sources|context_sources
soccer|kyoto sanga|machida zelvia|2026-10-10,2026-10-10T10:00:00+00:00,Japan - J.League,Kyoto Sanga FC,Machida Zelvia,1,odds_api_io,4,0,0,,True,True,True,False,0,1,2,independent_odds_sources|context_sources
soccer|irtysh pavlodar|kyzylzhar sk|2026-10-10,2026-10-10T10:00:00+00:00,Kazakhstan - Premier League,FC Irtysh Pavlodar,FC Kyzylzhar SK,1,odds_api_io,4,0,0,,True,False,False,False,0,1,2,independent_odds_sources|context_sources
soccer|metta lu|riga mariners|2026-10-10,2026-10-10T10:00:00+00:00,Latvia - 1.Division,FK Metta / Lu,Riga Mariners,1,odds_api_io,4,0,0,,True,False,False,False,0,1,2,independent_odds_sources|context_sources
soccer|bregalnica 2008 ad|gfk tikvesh 1930|2026-10-10,2026-10-10T10:00:00+00:00,North Macedonia - 1. MFL,GFK Tikvesh 1930,FC Bregalnica 2008 AD,1,odds_api_io,4,0,0,,True,False,False,False,0,1,2,independent_odds_sources|context_sources
2026-10-10|mks viktoria wrzesnia|grom nowy staw,2026-10-10T10:00:00+00:00,"Poland - III Liga, Group 2",MKS Viktoria Wrzesnia,Grom Nowy Staw,1,odds_api_io,4,4,0,,True,True,True,False,0,1,2,independent_odds_sources|context_sources
2026-10-10|wiked luzino|wda swiecie,2026-10-10T10:00:00+00:00,"Poland - III Liga, Group 2",Wiked Luzino,WDA Swiecie,1,odds_api_io,4,4,0,,True,True,True,False,0,1,2,independent_odds_sources|context_sources
2026-10-10|wisla krakow|jks 1909 jaroslaw,2026-10-10T10:00:00+00:00,"Poland - III Liga, Group 4",Wisla II Krakow,JKS 1909 Jaroslaw,1,odds_api_io,4,4,0,,True,True,True,False,0,1,2,independent_odds_sources|context_sources
2026-10-10|legia warszawa|zaglebie lubin,2026-10-10T10:00:00+00:00,Poland - U19 CLJ,Legia Warszawa U19,Zaglebie Lubin U19,1,odds_api_io,4,4,0,,True,True,True,False,0,1,2,independent_odds_sources|context_sources
soccer|ad marco 09|leca|2026-10-10,2026-10-10T10:00:00+00:00,"Portugal - Liga 3, Group A",Leca FC,AD Marco 09,1,odds_api_io,4,0,0,,True,True,True,False,0,1,2,independent_odds_sources|context_sources
soccer|scu torreense|tondela|2026-10-10,2026-10-10T10:00:00+00:00,Portugal - Liga Portugal 2,CD Tondela,SCU Torreense,1,odds_api_io,4,0,0,,True,True,True,False,0,1,2,independent_odds_sources|context_sources
2026-10-10|braga|porto,2026-10-10T10:00:00+00:00,"Portugal - U19 Championship, Phase 1, Group North",SC Braga U19,FC Porto U19,1,odds_api_io,4,4,0,,True,True,True,False,0,1,2,independent_odds_sources|context_sources
2026-10-10|sporting cp|mafra,2026-10-10T10:00:00+00:00,"Portugal - U19 Championship, Phase 1, Group South",Sporting CP U19,CD Mafra U19,1,odds_api_io,4,4,0,,True,True,True,False,0,1,2,independent_odds_sources|context_sources
soccer|daejeon korail|dangjin citizen|2026-10-10,2026-10-10T10:00:00+00:00,Republic of Korea - K3 League,Daejeon Korail FC,Dangjin Citizen,1,odds_api_io,4,0,0,,True,False,False,False,0,1,2,independent_odds_sources|context_sources
soccer|acsm resita|csm slatina|2026-10-10,2026-10-10T10:00:00+00:00,Romania - Liga 2,ACSM Resita,CSM Slatina,1,odds_api_io,4,0,0,,True,False,False,False,0,1,2,independent_odds_sources|context_sources
2026-10-10|zenit 2 st petersburg|amkar perm,2026-10-10T10:00:00+00:00,"Russia - 2. Liga, Division A, Stage 1, Group Silver",FC Zenit-2 St Petersburg,FC Amkar Perm,1,odds_api_io,4,4,0,,True,True,True,False,0,1,2,independent_odds_sources|context_sources
2026-10-10|avangard kursk|volna nizhny novgorod oblast,2026-10-10T10:00:00+00:00,"Russia - 2. Liga, Division B, Group 3",FC Avangard Kursk,FC Volna Nizhny Novgorod Oblast,1,odds_api_io,4,4,0,,True,True,True,False,0,1,2,independent_odds_sources|context_sources
soccer|dynamo makhachkala|orenburg|2026-10-10,2026-10-10T10:00:00+00:00,Russia - Premier League,FC Orenburg,FC Dynamo-Makhachkala,1,odds_api_io,4,0,0,,True,False,False,False,0,1,2,independent_odds_sources|context_sources
2026-10-10|constancia|ue porreres,2026-10-10T10:00:00+00:00,"Spain Amateur - Tercera Federacion, Group 11",CD Constancia,UE Porreres,1,odds_api_io,4,4,0,,True,True,True,False,0,1,2,independent_odds_sources|context_sources
2026-10-10|estrella|ud los llanos aridane,2026-10-10T10:00:00+00:00,"Spain Amateur - Tercera Federacion, Group 12",Estrella CF,UD Los Llanos de Aridane,1,odds_api_io,4,4,0,,True,True,True,False,0,1,2,independent_odds_sources|context_sources
2026-10-10|anguiano|yague,2026-10-10T10:00:00+00:00,"Spain Amateur - Tercera Federacion, Group 16",CD Anguiano,Yague CF,1,odds_api_io,4,4,0,,True,True,True,False,0,1,2,independent_odds_sources|context_sources
2026-10-10|cuarte|caspe,2026-10-10T10:00:00+00:00,"Spain Amateur - Tercera Federacion, Group 17",CD Cuarte,CD Caspe,1,odds_api_io,4,4,0,,True,True,True,False,0,1,2,independent_odds_sources|context_sources
2026-10-10|epila|robres,2026-10-10T10:00:00+00:00,"Spain Amateur - Tercera Federacion, Group 17",CF Epila,Robres CD,1,odds_api_io,4,4,0,,True,True,True,False,0,1,2,independent_odds_sources|context_sources
2026-10-10|san ignacio|eibar c,2026-10-10T10:00:00+00:00,"Spain Amateur - Tercera Federacion, Group 4",CD San Ignacio,SD Eibar C,1,odds_api_io,4,4,0,,True,True,True,False,0,1,2,independent_odds_sources|context_sources
2026-10-10|scd durango|derio,2026-10-10T10:00:00+00:00,"Spain Amateur - Tercera Federacion, Group 4",SCD Durango,CD Derio,1,odds_api_io,4,4,0,,True,True,True,False,0,1,2,independent_odds_sources|context_sources
2026-10-10|aytemiz alanyaspor|erzurumspor,2026-10-10T10:00:00+00:00,Turkiye Amateur - U19 PAF Ligi,Aytemiz Alanyaspor U19,Erzurumspor FK U19,1,odds_api_io,4,4,0,,True,True,True,False,0,1,2,independent_odds_sources|context_sources
2026-10-10|samsunspor|trabzonspor,2026-10-10T10:00:00+00:00,Turkiye Amateur - U19 PAF Ligi,Samsunspor U19,Trabzonspor U19,1,odds_api_io,4,4,0,,True,True,True,False,0,1,2,independent_odds_sources|context_sources
soccer|chernomorets odessa|kharkiv|2026-10-10,2026-10-10T10:00:00+00:00,Ukraine - Premier League,FC Chernomorets Odessa,FC Kharkiv,1,odds_api_io,4,0,0,,True,False,False,False,0,1,2,independent_odds_sources|context_sources
soccer|kryvbas kriviy rih|obolon kyiv|2026-10-10,2026-10-10T10:00:00+00:00,Ukraine - Premier League,FC Obolon Kyiv,FC Kryvbas Kriviy Rih,1,odds_api_io,4,0,0,,True,False,False,False,0,1,2,independent_odds_sources|context_sources
soccer|epitsentr kamianets podilskyi|kolos kovalivka|2026-10-10,2026-10-10T10:00:00+00:00,Ukraine - Premier League,Kolos Kovalivka,FC Epitsentr Kamianets-Podilskyi,1,odds_api_io,4,0,0,,True,False,False,False,0,1,2,independent_odds_sources|context_sources
soccer|hoang anh gia lai|shb nang|2026-10-10,2026-10-10T10:00:00+00:00,Vietnam - V-League 1,Hoang Anh Gia Lai,SHB Da Nang,1,odds_api_io,4,0,0,,True,False,False,False,0,1,2,independent_odds_sources|context_sources
soccer|basconia|eibar b|2026-10-10,2026-10-10T10:30:00+00:00,"Spain - Segunda Federacion, Group I",SD Eibar B,CD Basconia,1,odds_api_io,4,0,0,,True,False,False,False,0,1,2,independent_odds_sources|context_sources
soccer|falu bs|gute|2026-10-10,2026-10-10T10:30:00+00:00,"Sweden - Division 2, Vastra Gotaland",Falu BS FK,FC Gute,1,odds_api_io,4,0,0,,True,False,False,False,0,1,2,independent_odds_sources|context_sources
soccer|antalyaspor|boluspor|2026-10-10,2026-10-10T10:30:00+00:00,Turkiye - 1. Lig,Boluspor,Antalyaspor,1,odds_api_io,4,0,0,,True,False,False,False,0,1,2,independent_odds_sources|context_sources
soccer|amed sportif faaliyetler|genclerbirligi sk|2026-10-10,2026-10-10T10:30:00+00:00,Turkiye - Super Lig,Genclerbirligi SK,Amed Sportif Faaliyetler,1,odds_api_io,4,0,0,,True,True,True,False,0,1,2,independent_odds_sources|context_sources
soccer|poltava|probiy gorodenka|2026-10-10,2026-10-10T10:30:00+00:00,Ukraine - Persha Liga,Probiy Gorodenka,SC Poltava,1,odds_api_io,4,0,0,,True,False,False,False,0,1,2,independent_odds_sources|context_sources
soccer|osipovichi|volna pinsk|2026-10-10,2026-10-10T11:00:00+00:00,Belarus - Pervaya Liga,FC Osipovichi,FC Volna Pinsk,1,odds_api_io,4,0,0,,True,False,False,False,0,1,2,independent_odds_sources|context_sources
soccer|changchun yatai|dalian kun city|2026-10-10,2026-10-10T11:00:00+00:00,China - China League 1,Dalian Kun City,Changchun Yatai,1,odds_api_io,4,0,0,,True,False,False,False,0,1,2,independent_odds_sources|context_sources
soccer|fredericia|hillerod fodbold|2026-10-10,2026-10-10T11:00:00+00:00,Denmark - 1st Division,Hillerod Fodbold,FC Fredericia,1,odds_api_io,4,0,0,,True,False,False,False,0,1,2,independent_odds_sources|context_sources
soccer|asa aarhus|helsingoer|2026-10-10,2026-10-10T11:00:00+00:00,Denmark - 3rd Division,FC Helsingoer,ASA Aarhus,1,odds_api_io,4,0,0,,True,False,False,False,0,1,2,independent_odds_sources|context_sources
soccer|hoersholm usseroed ik|ringsted if|2026-10-10,2026-10-10T11:00:00+00:00,Denmark - 3rd Division,Ringsted IF,Hoersholm-Usseroed IK,1,odds_api_io,4,0,0,,True,False,False,False,0,1,2,independent_odds_sources|context_sources
soccer|1 magdeburg|hannover 96|2026-10-10,2026-10-10T11:00:00+00:00,Germany - 2. Bundesliga,1. FC Magdeburg,Hannover 96,1,odds_api_io,4,0,0,,True,True,True,False,0,1,2,independent_odds_sources|context_sources
soccer|energie cottbus|sv darmstadt 98|2026-10-10,2026-10-10T11:00:00+00:00,Germany - 2. Bundesliga,SV Darmstadt 98,Energie Cottbus,1,odds_api_io,4,0,0,,True,True,True,False,0,1,2,independent_odds_sources|context_sources
soccer|dynamo dresden|vfl 1899 osnabruck|2026-10-10,2026-10-10T11:00:00+00:00,Germany - 2. Bundesliga,VfL 1899 Osnabruck,Dynamo Dresden,1,odds_api_io,4,0,0,,True,True,True,False,0,1,2,independent_odds_sources|context_sources
2026-10-10|union 60 bremen|blumenthaler sv,2026-10-10T11:00:00+00:00,Germany Amateur - Bremen-Liga,FC Union 60 Bremen,Blumenthaler SV,0,,1,0,0,,True,True,True,False,1,2,2,price_confirmations|independent_odds_sources|context_sources
2026-10-10|tus dassendorf 1948|victoria hamburg 1895,2026-10-10T11:00:00+00:00,Germany Amateur - Oberliga Hamburg,TUS Dassendorf 1948,SC Victoria Hamburg 1895,0,,1,0,0,,True,True,True,False,1,2,2,price_confirmations|independent_odds_sources|context_sources
2026-10-10|bsv eintracht mahlsdorf|tsg neustrelitz,2026-10-10T11:00:00+00:00,Germany Amateur - Oberliga NOFV North,BSV Eintracht Mahlsdorf,TSG Neustrelitz,0,,1,0,0,,True,True,True,False,1,2,2,price_confirmations|independent_odds_sources|context_sources
2026-10-10|holstein kiel|st pauli,2026-10-10T11:00:00+00:00,"Germany Amateur - U19 DFB Nachwuchsliga, Group A",Holstein Kiel U19,FC St. Pauli U19,0,,1,0,0,,True,True,True,False,1,2,2,price_confirmations|independent_odds_sources|context_sources
2026-10-10|bayern munich|jahn regensburg,2026-10-10T11:00:00+00:00,"Germany Amateur - U19 DFB Nachwuchsliga, Group D",Bayern Munich U19,Jahn Regensburg U19,0,,1,0,0,,True,True,True,False,1,2,2,price_confirmations|independent_odds_sources|context_sources
2026-10-10|karlsruher|stuttgarter kickers,2026-10-10T11:00:00+00:00,"Germany Amateur - U19 DFB Nachwuchsliga, Group E",Karlsruher SC U19,Stuttgarter Kickers U19,0,,1,0,0,,True,True,True,False,1,2,2,price_confirmations|independent_odds_sources|context_sources
2026-10-10|fuzesabony|eger se,2026-10-10T11:00:00+00:00,"Hungary - NB III, Group North East",Fuzesabony SC,Eger SE,0,,1,0,0,,True,False,False,False,1,2,2,price_confirmations|independent_odds_sources|context_sources
2026-10-10|godolloi|tiszafured vse,2026-10-10T11:00:00+00:00,"Hungary - NB III, Group North East",Godolloi SK,Tiszafured Vse,0,,1,0,0,,True,False,False,False,1,2,2,price_confirmations|independent_odds_sources|context_sources
2026-10-10|mateszalka mtk|cigand se,2026-10-10T11:00:00+00:00,"Hungary - NB III, Group North East",Mateszalka MTK,Cigand SE,0,,1,0,0,,True,False,False,False,1,2,2,price_confirmations|independent_odds_sources|context_sources
2026-10-10|sopron|komarom vse,2026-10-10T11:00:00+00:00,"Hungary - NB III, Group North West",SC Sopron,Komarom Vse,0,,1,0,0,,True,False,False,False,1,2,2,price_confirmations|independent_odds_sources|context_sources
2026-10-10|sarisapi bse|1908 szac budapest,2026-10-10T11:00:00+00:00,"Hungary - NB III, Group North West",Sarisapi BSE,1908 Szac Budapest,0,,1,0,0,,True,False,False,False,1,2,2,price_confirmations|independent_odds_sources|context_sources
2026-10-10|sandorfalvi ske|vasas,2026-10-10T11:00:00+00:00,"Hungary - NB III, Group South East",Sandorfalvi Ske,Vasas SC II,0,,1,0,0,,True,True,True,False,1,2,2,price_confirmations|independent_odds_sources|context_sources
2026-10-10|atalanta bc|milan,2026-10-10T11:00:00+00:00,Italy - Primavera 1,Atalanta BC,AC Milan,0,,4,0,0,,True,False,False,False,0,2,2,independent_odds_sources|context_sources
2026-10-10|yelimai|aktobe,2026-10-10T11:00:00+00:00,Kazakhstan - Premier League,FC Yelimai,FC Aktobe,0,,4,0,0,,True,False,False,False,0,2,2,independent_odds_sources|context_sources
2026-10-10|tobol kostanay|astana,2026-10-10T11:00:00+00:00,Kazakhstan - Premier League,Tobol Kostanay,FC Astana,0,,4,0,0,,True,False,False,False,0,2,2,independent_odds_sources|context_sources
soccer|aps bomet|mathare united|2026-10-10,2026-10-10T11:00:00+00:00,Kenya - Premier League,Mathare United FC,Aps Bomet FC,0,,4,0,0,,True,False,False,False,0,2,2,independent_odds_sources|context_sources
2026-10-10|tukums 2000 tss|riga,2026-10-10T11:00:00+00:00,Latvia - Virsliga,FK Tukums 2000/TSS,Riga FC,0,,4,0,0,,True,False,False,False,0,2,2,independent_odds_sources|context_sources
soccer|hegelmann litauen b|neptunas klaipeda|2026-10-10,2026-10-10T11:00:00+00:00,Lithuania - 1 Lyga,FC Neptunas Klaipeda,Hegelmann Litauen B,0,,4,0,0,,True,False,False,False,0,2,2,independent_odds_sources|context_sources
2026-10-10|babrungas plunge|jonava,2026-10-10T11:00:00+00:00,Lithuania - 1 Lyga,FK Babrungas Plunge,FK Jonava,0,,4,0,0,,True,False,False,False,0,2,2,independent_odds_sources|context_sources
2026-10-10|garliava|atmosfera,2026-10-10T11:00:00+00:00,Lithuania - 1 Lyga,FK Garliava,FK Atmosfera,0,,4,0,0,,True,False,False,False,0,2,2,independent_odds_sources|context_sources
2026-10-10|arsimi 1973|sileks kratovo,2026-10-10T11:00:00+00:00,North Macedonia - 1. MFL,FK Arsimi 1973,FK Sileks Kratovo,0,,4,0,0,,True,False,False,False,0,2,2,independent_odds_sources|context_sources
2026-10-10|union sur yaiza|marino,2026-10-10T11:00:00+00:00,"Spain Amateur - Tercera Federacion, Group 12",CD Union Sur Yaiza,CD Marino,0,,1,0,0,,True,True,True,False,1,2,2,price_confirmations|independent_odds_sources|context_sources
2026-10-10|ifk luleaa|gottne if,2026-10-10T11:00:00+00:00,"Sweden - Division 2, Vastra Gotaland",IFK Luleaa,Gottne IF,0,,1,0,0,,True,True,True,False,1,2,2,price_confirmations|independent_odds_sources|context_sources
2026-10-10|kubikenborgs if|ifk ostersund,2026-10-10T11:00:00+00:00,"Sweden - Division 2, Vastra Gotaland",Kubikenborgs IF,IFK Ostersund,0,,1,0,0,,True,True,True,False,1,2,2,price_confirmations|independent_odds_sources|context_sources
2026-10-10|bg pathum united|ayutthaya united,2026-10-10T11:00:00+00:00,Thailand - Thai League 1,BG Pathum United,Ayutthaya United FC,0,,1,0,0,,True,False,False,False,1,2,2,price_confirmations|independent_odds_sources|context_sources
2026-10-10|charlton athletic|bristol city,2026-10-10T11:30:00+00:00,Championship,Charlton Athletic,Bristol City,0,,4,0,0,,True,True,True,False,0,2,2,independent_odds_sources|context_sources
2026-10-10|swansea city|norwich city,2026-10-10T11:30:00+00:00,Championship,Swansea City,Norwich City,0,,4,0,0,,True,True,True,False,0,2,2,independent_odds_sources|context_sources
2026-10-10|west bromwich albion|birmingham city,2026-10-10T11:30:00+00:00,Championship,West Bromwich Albion,Birmingham City,0,,4,0,0,,True,True,True,False,0,2,2,independent_odds_sources|context_sources
2026-10-10|notts county|oxford united,2026-10-10T11:30:00+00:00,League One,Notts County,Oxford United,0,,4,0,0,,True,True,True,False,0,2,2,independent_odds_sources|context_sources
2026-10-10|plymouth argyle|wimbledon,2026-10-10T11:30:00+00:00,League One,Plymouth Argyle,AFC Wimbledon,0,,4,0,0,,True,True,True,False,0,2,2,independent_odds_sources|context_sources
2026-10-10|oldham athletic|accrington stanley,2026-10-10T11:30:00+00:00,League Two,Oldham Athletic,Accrington Stanley,0,,4,0,0,,True,True,True,False,0,2,2,independent_odds_sources|context_sources
2026-10-10|swindon town|crewe alexandra,2026-10-10T11:30:00+00:00,League Two,Swindon Town,Crewe Alexandra,0,,4,0,0,,True,True,True,False,0,2,2,independent_odds_sources|context_sources
2026-10-10|altrincham|aldershot town,2026-10-10T11:30:00+00:00,National League,Altrincham FC,Aldershot Town,0,,4,0,0,,True,True,True,False,0,2,2,independent_odds_sources|context_sources
2026-10-10|carlisle united|kidderminster harriers,2026-10-10T11:30:00+00:00,National League,Carlisle United,Kidderminster Harriers,0,,4,0,0,,True,True,True,False,0,2,2,independent_odds_sources|context_sources
2026-10-10|arsenal|leeds united,2026-10-10T11:30:00+00:00,Premier League,Arsenal,Leeds United,0,,4,0,0,,True,True,True,False,0,2,2,independent_odds_sources|context_sources
2026-10-10|chengdu rongcheng|tianjin jinmen tiger,2026-10-10T11:35:00+00:00,Chinese Super League,Chengdu Rongcheng,Tianjin Jinmen Tiger,0,,4,0,0,,True,True,True,False,0,2,2,independent_odds_sources|context_sources
2026-10-10|shanghai shenhua|yunnan yukun,2026-10-10T11:35:00+00:00,Chinese Super League,Shanghai Shenhua,Yunnan Yukun,0,,4,0,0,,True,True,True,False,0,2,2,independent_odds_sources|context_sources
soccer|pofc botev vratsa|spartak 1918 varna|2026-10-10,2026-10-10T12:00:00+00:00,Bulgaria - Parva Liga,POFC Botev Vratsa,FK Spartak 1918 Varna,0,,4,0,0,,True,True,True,False,0,2,2,independent_odds_sources|context_sources
2026-10-10|clermont foot 63|red star,2026-10-10T12:00:00+00:00,France - Ligue 2,Clermont Foot 63,Red Star FC,0,,1,0,0,,True,False,False,False,1,2,2,price_confirmations|independent_odds_sources|context_sources
2026-10-10|nantes|stade reims,2026-10-10T12:00:00+00:00,France - Ligue 2,FC Nantes,Stade Reims,0,,1,0,0,,True,False,False,False,1,2,2,price_confirmations|independent_odds_sources|context_sources
2026-10-10|rayo vallecano|athletic,2026-10-10T12:00:00+00:00,La Liga,Rayo Vallecano,Athletic Club,0,,1,0,0,,True,False,False,False,1,2,2,price_confirmations|independent_odds_sources|context_sources
,2026-10-10T12:00:00+00:00,Spain - LaLiga,Rayo Vallecano,Athletic Bilbao,0,,0,0,0,,False,True,False,False,2,2,2,price_confirmations|independent_odds_sources|context_sources
2026-10-10|caykur rizespor|fenerbahce,2026-10-10T12:00:00+00:00,Turkiye Amateur - U19 PAF Ligi,Caykur Rizespor U19,Fenerbahce U19,0,,1,0,0,,True,False,False,False,1,2,2,price_confirmations|independent_odds_sources|context_sources
2026-10-10|genoa|fiorentina,2026-10-10T13:00:00+00:00,Serie A,Genoa,Fiorentina,0,,0,0,0,,False,False,False,False,2,2,2,price_confirmations|independent_odds_sources|context_sources
2026-10-10|1 union berlin|sv 07 elversberg,2026-10-10T13:30:00+00:00,Bundesliga,1. FC Union Berlin,SV 07 Elversberg,0,,0,0,0,,False,False,False,False,2,2,2,price_confirmations|independent_odds_sources|context_sources
2026-10-10|1 fsv mainz 05|bayer 04 leverkusen,2026-10-10T13:30:00+00:00,Bundesliga,1. FSV Mainz 05,Bayer 04 Leverkusen,0,,0,0,0,,False,False,False,False,2,2,2,price_confirmations|independent_odds_sources|context_sources
2026-10-10|augsburg|bayern munchen,2026-10-10T13:30:00+00:00,Bundesliga,FC Augsburg,FC Bayern München,0,,0,0,0,,False,False,False,False,2,2,2,price_confirmations|independent_odds_sources|context_sources
2026-10-10|paderborn 07|vfb stuttgart,2026-10-10T13:30:00+00:00,Bundesliga,SC Paderborn 07,VfB Stuttgart,0,,0,0,0,,False,False,False,False,2,2,2,price_confirmations|independent_odds_sources|context_sources
2026-10-10|tsg hoffenheim|hamburger sv,2026-10-10T13:30:00+00:00,Bundesliga,TSG Hoffenheim,Hamburger SV,0,,0,0,0,,False,False,False,False,2,2,2,price_confirmations|independent_odds_sources|context_sources
2026-10-10|blackburn rovers|cardiff city,2026-10-10T14:00:00+00:00,Championship,Blackburn Rovers,Cardiff City,0,,0,0,0,,False,False,False,False,2,2,2,price_confirmations|independent_odds_sources|context_sources
2026-10-10|bolton wanderers|stoke city,2026-10-10T14:00:00+00:00,Championship,Bolton Wanderers,Stoke City,0,,0,0,0,,False,False,False,False,2,2,2,price_confirmations|independent_odds_sources|context_sources
2026-10-10|derby county|wrexham,2026-10-10T14:00:00+00:00,Championship,Derby County,Wrexham,0,,0,0,0,,False,False,False,False,2,2,2,price_confirmations|independent_odds_sources|context_sources
2026-10-10|middlesbrough|wolverhampton,2026-10-10T14:00:00+00:00,Championship,Middlesbrough,Wolverhampton,0,,0,0,0,,False,False,False,False,2,2,2,price_confirmations|independent_odds_sources|context_sources
2026-10-10|preston north end|millwall,2026-10-10T14:00:00+00:00,Championship,Preston North End,Millwall,0,,0,0,0,,False,False,False,False,2,2,2,price_confirmations|independent_odds_sources|context_sources
2026-10-10|sheffield united|lincoln city,2026-10-10T14:00:00+00:00,Championship,Sheffield United,Lincoln City,0,,0,0,0,,False,False,False,False,2,2,2,price_confirmations|independent_odds_sources|context_sources
2026-10-10|watford|burnley,2026-10-10T14:00:00+00:00,Championship,Watford,Burnley,0,,0,0,0,,False,False,False,False,2,2,2,price_confirmations|independent_odds_sources|context_sources
2026-10-10|aston villa|brentford,2026-10-10T14:00:00+00:00,Premier League,Aston Villa,Brentford,0,,0,0,0,,False,False,False,False,2,2,2,price_confirmations|independent_odds_sources|context_sources
2026-10-10|chelsea|bournemouth,2026-10-10T14:00:00+00:00,Premier League,Chelsea,Bournemouth,0,,0,0,0,,False,False,False,False,2,2,2,price_confirmations|independent_odds_sources|context_sources
2026-10-10|ipswich town|fulham,2026-10-10T14:00:00+00:00,Premier League,Ipswich Town,Fulham,0,,0,0,0,,False,False,False,False,2,2,2,price_confirmations|independent_odds_sources|context_sources
2026-10-10|sunderland|brighton and hove albion,2026-10-10T14:00:00+00:00,Premier League,Sunderland,Brighton & Hove Albion,0,,0,0,0,,False,False,False,False,2,2,2,price_confirmations|independent_odds_sources|context_sources
2026-10-10|deportivo alaves|atletico madrid,2026-10-10T14:15:00+00:00,La Liga,Deportivo Alavés,Atlético Madrid,0,,0,0,0,,False,False,False,False,2,2,2,price_confirmations|independent_odds_sources|context_sources
2026-10-10|go ahead eagles|sparta rotterdam,2026-10-10T14:30:00+00:00,Eredivisie,Go Ahead Eagles,Sparta Rotterdam,0,,0,0,0,,False,False,False,False,2,2,2,price_confirmations|independent_odds_sources|context_sources
2026-10-10|casa pia|santa clara,2026-10-10T14:30:00+00:00,Liga Portugal Betclic,Casa Pia,Santa Clara,0,,0,0,0,,False,False,False,False,2,2,2,price_confirmations|independent_odds_sources|context_sources
2026-10-10|lille|le havre,2026-10-10T15:15:00+00:00,Ligue 1,Lille,Le Havre,0,,0,0,0,,False,False,False,False,2,2,2,price_confirmations|independent_odds_sources|context_sources
2026-10-10|inter|parma,2026-10-10T16:00:00+00:00,Serie A,Inter,Parma,0,,0,0,0,,False,False,False,False,2,2,2,price_confirmations|independent_odds_sources|context_sources
2026-10-10|rb leipzig|eintracht frankfurt,2026-10-10T16:30:00+00:00,Bundesliga,RB Leipzig,Eintracht Frankfurt,0,,0,0,0,,False,False,False,False,2,2,2,price_confirmations|independent_odds_sources|context_sources
2026-10-10|barcelona|getafe,2026-10-10T16:30:00+00:00,La Liga,FC Barcelona,Getafe,0,,0,0,0,,False,False,False,False,2,2,2,price_confirmations|independent_odds_sources|context_sources
2026-10-10|manchester united|tottenham hotspur,2026-10-10T16:30:00+00:00,Premier League,Manchester United,Tottenham Hotspur,0,,0,0,0,,False,False,False,False,2,2,2,price_confirmations|independent_odds_sources|context_sources
2026-10-10|feyenoord|az alkmaar,2026-10-10T16:45:00+00:00,Eredivisie,Feyenoord,AZ Alkmaar,0,,0,0,0,,False,False,False,False,2,2,2,price_confirmations|independent_odds_sources|context_sources
2026-10-10|cs maritimo|porto,2026-10-10T17:00:00+00:00,Liga Portugal Betclic,CS Marítimo,FC Porto,0,,0,0,0,,False,False,False,False,2,2,2,price_confirmations|independent_odds_sources|context_sources
2026-10-10|fortuna sittard|twente,2026-10-10T18:00:00+00:00,Eredivisie,Fortuna Sittard,FC Twente,1,odds_api_io,182,1,2,football_data|openfootball,True,True,True,False,0,1,0,independent_odds_sources
2026-10-10|monaco|toulouse,2026-10-10T18:45:00+00:00,Ligue 1,AS Monaco,Toulouse,0,,4,4,1,openfootball,True,True,True,False,0,2,1,independent_odds_sources|context_sources
2026-10-10|lorient|paris,2026-10-10T18:45:00+00:00,Ligue 1,Lorient,Paris FC,1,odds_api_io,149,1,3,bzzoiro|football_data|openfootball,True,True,True,False,0,1,0,independent_odds_sources
2026-10-10|paris saint germain|le mans,2026-10-10T18:45:00+00:00,Ligue 1,Paris Saint-Germain,Le Mans,1,odds_api_io,2,1,2,football_data|openfootball,True,True,True,False,0,1,0,independent_odds_sources
2026-10-10|stade brestois|angers,2026-10-10T18:45:00+00:00,Ligue 1,Stade Brestois,Angers,1,odds_api_io,3,1,3,bzzoiro|football_data|openfootball,True,True,True,False,0,1,0,independent_odds_sources
2026-10-10|ssc napoli|frosinone,2026-10-10T18:45:00+00:00,Serie A,SSC Napoli,Frosinone,1,odds_api_io,2,1,2,football_data|openfootball,True,True,True,False,0,1,0,independent_odds_sources
2026-10-10|ajax|nec nijmegen,2026-10-10T19:00:00+00:00,Eredivisie,AFC Ajax,NEC Nijmegen,1,odds_api_io,190,1,2,football_data|openfootball,True,True,True,False,0,1,0,independent_odds_sources
2026-10-10|real madrid|villarreal,2026-10-10T19:00:00+00:00,La Liga,Real Madrid,Villarreal,1,odds_api_io,190,1,2,football_data|openfootball,True,True,True,False,0,1,0,independent_odds_sources
2026-10-10|academico viseu|estoril praia,2026-10-10T19:30:00+00:00,Liga Portugal Betclic,Académico Viseu FC,Estoril Praia,1,odds_api_io,132,1,0,,True,False,False,False,0,1,2,independent_odds_sources|context_sources
