match_key,home_team,away_team,kickoff,books_count,context_count,has_xg_like_context,provider_xg_source,has_candidate_in_latest_run,gap_reason
soccer|guatemala|suriname|2026-10-06,Guatemala,Suriname,2026-10-06T00:00:00+00:00,119,5,True,glicko_xg,True,has_candidate
soccer|bonaire|grenada|2026-10-06,Grenada,Bonaire,2026-10-06T00:00:00+00:00,120,7,True,glicko_xg,True,has_candidate
soccer|barbados|bermuda|2026-10-06,Bermuda,Barbados,2026-10-06T00:00:00+00:00,109,6,True,glicko_xg,True,has_candidate
soccer|independiente medellin|independiente santa fe|2026-10-06,Independiente Medellín,Independiente Santa Fe,2026-10-06T00:00:00+00:00,127,4,True,glicko_xg,True,has_candidate
soccer|independiente medellin|independiente santa fe|2026-10-06,Independiente Medellin,Independiente Santa Fe,2026-10-06T00:00:00+00:00,127,4,True,glicko_xg,True,has_candidate
soccer|junior managua|tigres chinandega|2026-10-06,CD Junior de Managua,Tigres de Chinandega,2026-10-06T00:00:00+00:00,32,1,False,,True,has_candidate
soccer|banfield|rosario central|2026-10-06,Banfield,Rosario Central,2026-10-06T00:15:00+00:00,16,5,True,glicko_xg,True,has_candidate
soccer|ca banfield|ca rosario central|2026-10-06,CA Banfield,CA Rosario Central,2026-10-06T00:15:00+00:00,130,5,True,glicko_xg,True,has_candidate
soccer|deportes quindio|orsomarso|2026-10-06,Orsomarso SC,Deportes Quindio,2026-10-06T00:30:00+00:00,89,5,True,glicko_xg,True,has_candidate
soccer|arnett gardens|portmore united|2026-10-06,Arnett Gardens FC,Portmore United,2026-10-06T01:00:00+00:00,94,5,True,glicko_xg,True,has_candidate
soccer|af sporting san miguelito|cocle|2026-10-06,AF Sporting San Miguelito,Cocle FC,2026-10-06T01:00:00+00:00,31,4,True,glicko_xg,True,has_candidate
soccer|honduras|jamaica|2026-10-06,Honduras,Jamaica,2026-10-06T02:00:00+00:00,108,4,True,glicko_xg,True,has_candidate
soccer|celaya|jaguares|2026-10-06,Club Celaya FC,Jaguares FC,2026-10-06T02:05:00+00:00,12,4,True,last_games_form_goals,False,b_cover_no_candidate
soccer|changchun xidu|guangzhou dandelion alpha|2026-10-06,Changchun Xidu,Guangzhou Dandelion Alpha FC,2026-10-06T07:00:00+00:00,34,4,True,last_games_form_goals,True,has_candidate
soccer|qingdao red lions|wuhan three towns b|2026-10-06,Qingdao Red Lions,Wuhan Three Towns B,2026-10-06T07:30:00+00:00,37,6,True,last_games_form_goals,True,has_candidate
soccer|beijing institute of technology|chengdu rongcheng b|2026-10-06,Beijing Institute of Technology,Chengdu Rongcheng B,2026-10-06T07:30:00+00:00,34,1,False,,True,has_candidate
soccer|shanghai second|wenzhou professional|2026-10-06,Shanghai Second,Wenzhou Professional FC,2026-10-06T07:30:00+00:00,28,1,False,,False,b_cover_no_candidate_missing_xg_like_context
soccer|chernigiv|trostianets|2026-10-06,FC Trostianets,FC Chernigiv,2026-10-06T08:00:00+00:00,1,3,True,last_games_form_goals,False,b_cover_no_candidate
soccer|lam dong|song lam nghe an|2026-10-06,Lam Dong FC,Song Lam Nghe An,2026-10-06T08:30:00+00:00,21,2,False,,True,has_candidate
soccer|arambagh ks|mohammedan dhaka|2026-10-06,Mohammedan SC Dhaka,Arambagh KS,2026-10-06T09:00:00+00:00,15,5,True,last_games_form_goals,True,has_candidate
soccer|bashundhara kings|dhaka wanderers|2026-10-06,Dhaka Wanderers Club,Bashundhara Kings,2026-10-06T09:00:00+00:00,12,3,True,last_games_form_goals,False,b_cover_no_candidate
soccer|hubei istar|lanzhou longyuan athletic|2026-10-06,Hubei Istar,Lanzhou Longyuan Athletic,2026-10-06T09:00:00+00:00,32,1,False,,True,has_candidate
soccer|bangladesh police|city|2026-10-06,Bangladesh Police FC,City Club,2026-10-06T09:00:00+00:00,12,1,False,,False,b_cover_no_candidate_missing_xg_like_context
soccer|meghalaya police ft|nangkiew irat|2026-10-06,Nangkiew Irat SC,Meghalaya Police FT,2026-10-06T09:30:00+00:00,1,2,False,,False,b_cover_no_candidate_missing_xg_like_context
soccer|changchun yatai|yanbian longding|2026-10-06,Changchun Yatai,Yanbian Longding,2026-10-06T11:00:00+00:00,95,5,True,glicko_xg,True,has_candidate
soccer|suzhou dongwu|wuxi wugou|2026-10-06,Wuxi Wugou,Suzhou Dongwu,2026-10-06T11:00:00+00:00,7,1,True,glicko_xg,False,b_cover_no_candidate
soccer|korea republic|uzbekistan|2026-10-06,Korea Republic,Uzbekistan,2026-10-06T11:00:00+00:00,2,4,False,,False,b_cover_no_candidate_missing_xg_like_context
soccer|huda hue|pvf cong an nhan dan|2026-10-06,PVF Cong An Nhan Dan FC,Huda Hue,2026-10-06T11:00:00+00:00,1,3,False,,False,b_cover_no_candidate_missing_xg_like_context
soccer|ifk norrkoping|kalmar ff|2026-10-06,IFK Norrköping,Kalmar FF,2026-10-06T11:00:00+00:00,2,2,True,last_games_form_goals,False,b_cover_no_candidate
soccer|bayburtspor 1973|kirklarelispor|2026-10-06,Kirklarelispor,Bayburtspor 1973,2026-10-06T11:00:00+00:00,1,3,False,,False,b_cover_no_candidate_missing_xg_like_context
soccer|bitlis 1916 futbol spor kulubu|silifke belediye spor|2026-10-06,Bitlis 1916 Futbol Spor Kulubu,Silifke Belediye Spor,2026-10-06T11:00:00+00:00,1,2,False,,False,b_cover_no_candidate_missing_xg_like_context
soccer|binh minh sai gon|thanh pho dong nai|2026-10-06,Thanh Pho Dong Nai FC,Binh Minh Sai Gon,2026-10-06T11:00:00+00:00,1,2,False,,False,b_cover_no_candidate_missing_xg_like_context
soccer|dalian yingbo b|guangdong mingtu|2026-10-06,Guangdong Mingtu,Dalian Yingbo B,2026-10-06T11:30:00+00:00,6,4,True,last_games_form_goals,True,has_candidate
soccer|ks beselidhja|sopoti librazhd|2026-10-06,KS Beselidhja,Sopoti Librazhd,2026-10-06T11:30:00+00:00,4,3,True,last_games_form_goals,True,has_candidate
soccer|dalian kun city|shijiazhuang gongfu|2026-10-06,Shijiazhuang Gongfu FC,Dalian Kun City,2026-10-06T11:30:00+00:00,2,3,False,,False,b_cover_no_candidate_missing_xg_like_context
soccer|jiangxi dingnan united|meizhou hakka|2026-10-06,Jiangxi Dingnan United,Meizhou Hakka,2026-10-06T11:30:00+00:00,1,3,False,,False,b_cover_no_candidate_missing_xg_like_context
soccer|nantong zhiyun|ningbo professional|2026-10-06,Nantong Zhiyun,Ningbo Professional FC,2026-10-06T11:30:00+00:00,1,2,True,glicko_xg,False,b_cover_no_candidate
soccer|guizhou guiyang athletic|shanghai port b|2026-10-06,Guizhou Guiyang Athletic,Shanghai Port B,2026-10-06T11:30:00+00:00,1,2,True,last_games_form_goals,False,b_cover_no_candidate
soccer|hangzhou linping wuyue|shanxi chongde ronghai|2026-10-06,Hangzhou Linping Wuyue,Shanxi Chongde Ronghai,2026-10-06T11:30:00+00:00,1,3,False,,False,b_cover_no_candidate_missing_xg_like_context
soccer|flamurtari vlore|kf gramshi|2026-10-06,Flamurtari Vlore,KF Gramshi,2026-10-06T11:30:00+00:00,1,3,True,last_games_form_goals,False,b_cover_no_candidate
soccer|ks naftetari|skenderbeu korce|2026-10-06,Skenderbeu Korce,KS Naftetari,2026-10-06T11:30:00+00:00,1,2,True,last_games_form_goals,False,b_cover_no_candidate
soccer|shandong taishan b|shenzhen 2028|2026-10-06,Shenzhen 2028 FC,Shandong Taishan B,2026-10-06T11:30:00+00:00,1,3,True,last_games_form_goals,False,b_cover_no_candidate
soccer|china pr|tajikistan|2026-10-06,China PR,Tajikistan,2026-10-06T11:35:00+00:00,1,3,True,last_games_form_goals,False,b_cover_no_candidate
soccer|hannover 96 2|sv werder bremen 2|2026-10-06,SV Werder Bremen II,Hannover 96 II,2026-10-06T12:00:00+00:00,1,4,True,last_games_form_goals,False,b_cover_no_candidate
soccer|gfk tikvesh 1930|kroschu sport|2026-10-06,Kroschu Sport,GFK Tikvesh 1930,2026-10-06T12:00:00+00:00,1,2,False,,False,b_cover_no_candidate_missing_xg_like_context
soccer|kariobangi sharks|mombasa united|2026-10-06,Kariobangi Sharks,Mombasa United FC,2026-10-06T12:00:00+00:00,1,1,True,last_games_form_goals,False,b_cover_no_candidate
soccer|iskra danilovgrad|rudar pljevlja|2026-10-06,FK Iskra Danilovgrad,FK Rudar Pljevlja,2026-10-06T13:00:00+00:00,1,2,True,last_games_form_goals,False,b_cover_no_candidate
soccer|lovcen|podgorica|2026-10-06,FK Podgorica,FK Lovcen,2026-10-06T13:00:00+00:00,1,3,False,,False,b_cover_no_candidate_missing_xg_like_context
soccer|india|uruguay|2026-10-06,India,Uruguay,2026-10-06T14:00:00+00:00,1,3,True,glicko_xg,False,b_cover_no_candidate
soccer|faroe islands|kazakhstan|2026-10-06,Kazakhstan,Faroe Islands,2026-10-06T14:00:00+00:00,1,2,True,glicko_xg,False,b_cover_no_candidate
soccer|nk bilje|nk dekani|2026-10-06,NK Bilje,NK Dekani,2026-10-06T14:00:00+00:00,1,3,True,glicko_xg,False,b_cover_no_candidate
soccer|arit kayadibi|sakaryaspor|2026-10-06,Sakaryaspor,Arit Kayadibi,2026-10-06T14:00:00+00:00,1,3,False,,False,b_cover_no_candidate_missing_xg_like_context
soccer|ik start|raufoss il|2026-10-06,Raufoss IL,IK Start,2026-10-06T15:00:00+00:00,1,3,True,last_games_form_goals,False,b_cover_no_candidate
soccer|mjallby aif|trollhattan|2026-10-06,FC Trollhattan,Mjallby AIF,2026-10-06T15:00:00+00:00,1,3,False,,False,b_cover_no_candidate_missing_xg_like_context
soccer|mouna|yamoussoukro|2026-10-06,Mouna FC,Yamoussoukro FC,2026-10-06T15:30:00+00:00,1,3,False,,False,b_cover_no_candidate_missing_xg_like_context
soccer|omnisports korhogo|zoman|2026-10-06,Zoman FC,Club Omnisports de Korhogo,2026-10-06T15:30:00+00:00,1,3,True,glicko_xg,False,b_cover_no_candidate
soccer|nigeria|russia|2026-10-06,Russia,Nigeria,2026-10-06T16:00:00+00:00,1,3,True,glicko_xg,False,b_cover_no_candidate
soccer|kongsvinger il toppfotball 2|skjetten|2026-10-06,Skjetten,Kongsvinger IL Toppfotball 2,2026-10-06T16:00:00+00:00,1,3,True,glicko_xg,False,b_cover_no_candidate
soccer|ayacucho|pirata|2026-10-06,Pirata FC,Ayacucho FC,2026-10-06T16:00:00+00:00,1,2,True,glicko_xg,False,b_cover_no_candidate
soccer|1923 afyonkarahisar sk|karsiyaka|2026-10-06,Karsiyaka,1923 Afyonkarahisar SK,2026-10-06T16:00:00+00:00,1,3,False,,False,b_cover_no_candidate_missing_xg_like_context
soccer|ca atlas|ca fenix pilar|2026-10-06,CA Fenix Pilar,CA Atlas,2026-10-06T17:00:00+00:00,1,3,False,,False,b_cover_no_candidate_missing_xg_like_context
soccer|cdm leandro n alem|centro espanol|2026-10-06,CDM Leandro N. Alem,Centro Espanol,2026-10-06T17:00:00+00:00,1,3,True,glicko_xg,False,b_cover_no_candidate
soccer|central ballester|muniz|2026-10-06,Central Ballester,Deportivo Muniz,2026-10-06T17:00:00+00:00,1,3,True,last_games_form_goals,False,b_cover_no_candidate
soccer|algeria|niger|2026-10-06,Algeria,Niger,2026-10-06T17:00:00+00:00,1,3,True,last_games_form_goals,False,b_cover_no_candidate
soccer|jordan|venezuela|2026-10-06,Jordan,Venezuela,2026-10-06T17:00:00+00:00,1,3,True,last_games_form_goals,False,b_cover_no_candidate
soccer|ca claypole|csdc espanol|2026-10-06,CA Claypole,CSDC Espanol,2026-10-06T17:00:00+00:00,1,2,False,,False,b_cover_no_candidate_missing_xg_like_context
soccer|hapoel umm al fahm|maccabi um el fahem|2026-10-06,Maccabi Um El Fahem,Hapoel Umm AL Fahm,2026-10-06T17:20:00+00:00,1,3,False,,False,b_cover_no_candidate_missing_xg_like_context
soccer|albacete balompie|talavera|2026-10-06,CF Talavera,Albacete Balompié,2026-10-06T17:30:00+00:00,1,3,False,,False,b_cover_no_candidate_missing_xg_like_context
soccer|7 abril rj|se belford roxo rj|2026-10-06,7 De Abril RJ,SE Belford Roxo RJ,2026-10-06T18:00:00+00:00,1,3,True,last_games_form_goals,False,b_cover_no_candidate
soccer|accrington stanley|salford city|2026-10-06,Accrington Stanley,Salford City,2026-10-06T18:00:00+00:00,1,3,True,last_games_form_goals,False,b_cover_no_candidate
soccer|sheffield wednesday|sunderland|2026-10-06,Sheffield Wednesday,Sunderland,2026-10-06T18:00:00+00:00,1,3,False,,False,b_cover_no_candidate_missing_xg_like_context
soccer|bradford city|rotherham united|2026-10-06,Rotherham United,Bradford City FC,2026-10-06T18:00:00+00:00,1,3,True,glicko_xg,False,b_cover_no_candidate
soccer|mansfield town|port vale|2026-10-06,Port Vale,Mansfield Town,2026-10-06T18:00:00+00:00,1,3,False,,False,b_cover_no_candidate_missing_xg_like_context
soccer|burton albion|grimsby town|2026-10-06,Grimsby Town,Burton Albion,2026-10-06T18:00:00+00:00,1,2,True,last_games_form_goals,False,b_cover_no_candidate
soccer|barnsley|fleetwood town|2026-10-06,Fleetwood Town,Barnsley FC,2026-10-06T18:00:00+00:00,1,3,True,last_games_form_goals,False,b_cover_no_candidate
soccer|huddersfield town|rochdale|2026-10-06,Huddersfield Town,Rochdale AFC,2026-10-06T18:00:00+00:00,1,3,True,last_games_form_goals,False,b_cover_no_candidate
soccer|exeter city|oxford united|2026-10-06,Exeter City,Oxford United,2026-10-06T18:00:00+00:00,1,3,True,last_games_form_goals,False,b_cover_no_candidate
soccer|bristol rovers|wycombe wanderers|2026-10-06,Wycombe Wanderers,Bristol Rovers,2026-10-06T18:00:00+00:00,1,2,True,last_games_form_goals,False,b_cover_no_candidate
soccer|barnet|wimbledon|2026-10-06,AFC Wimbledon,Barnet FC,2026-10-06T18:00:00+00:00,1,2,True,last_games_form_goals,False,b_cover_no_candidate
soccer|cambridge united|northampton town|2026-10-06,Cambridge United,Northampton Town,2026-10-06T18:00:00+00:00,1,3,True,last_games_form_goals,False,b_cover_no_candidate
soccer|blackpool|crewe alexandra|2026-10-06,Blackpool FC,Crewe Alexandra,2026-10-06T18:00:00+00:00,1,3,True,last_games_form_goals,False,b_cover_no_candidate
soccer|brentford|milton keynes dons|2026-10-06,Milton Keynes Dons,Brentford,2026-10-06T18:00:00+00:00,1,3,True,last_games_form_goals,False,b_cover_no_candidate
soccer|fulham|hornchurch|2026-10-06,Hornchurch FC,Fulham FC,2026-10-06T18:00:00+00:00,1,3,True,last_games_form_goals,False,b_cover_no_candidate
soccer|newcastle united|solihull moors|2026-10-06,Solihull Moors FC,Newcastle United FC,2026-10-06T18:00:00+00:00,1,3,False,,False,b_cover_no_candidate_missing_xg_like_context
soccer|js saoura|usm khenchela|2026-10-06,JS Saoura,USM Khenchela,2026-10-06T18:00:00+00:00,1,2,False,,False,b_cover_no_candidate_missing_xg_like_context
soccer|shrewsbury town|stockport county|2026-10-06,Shrewsbury Town,Stockport County FC,2026-10-06T18:00:00+00:00,1,2,False,,False,b_cover_no_candidate_missing_xg_like_context
soccer|leicester city|stevenage|2026-10-06,Stevenage FC,Leicester City,2026-10-06T18:00:00+00:00,1,2,False,,False,b_cover_no_candidate_missing_xg_like_context
soccer|newport county|plymouth argyle|2026-10-06,Newport County,Plymouth Argyle,2026-10-06T18:00:00+00:00,1,2,False,,False,b_cover_no_candidate_missing_xg_like_context
soccer|saudi arabia|united arab emirates|2026-10-06,Saudi Arabia,United Arab Emirates,2026-10-06T18:00:00+00:00,1,2,False,,False,b_cover_no_candidate_missing_xg_like_context
soccer|js kabylie|mc alger|2026-10-06,JS Kabylie,MC Alger,2026-10-06T18:00:00+00:00,1,1,True,last_games_form_goals,False,b_cover_no_candidate
soccer|friburguense rj|paduano rj|2026-10-06,Friburguense AC RJ,Paduano EC RJ,2026-10-06T18:00:00+00:00,1,1,True,last_games_form_goals,False,b_cover_no_candidate
soccer|ipswich town|peterborough united|2026-10-06,Peterborough United,Ipswich Town,2026-10-06T18:00:00+00:00,1,1,True,last_games_form_goals,False,b_cover_no_candidate
soccer|doncaster rovers|liverpool|2026-10-06,Doncaster Rovers,Liverpool FC,2026-10-06T18:00:00+00:00,1,1,True,last_games_form_goals,False,b_cover_no_candidate
soccer|union comercio|union minas|2026-10-06,Union Minas,Union Comercio,2026-10-06T18:15:00+00:00,1,2,False,,False,b_cover_no_candidate_missing_xg_like_context
soccer|llantwit major|pontypridd town|2026-10-06,Pontypridd Town,Llantwit Major,2026-10-06T18:30:00+00:00,1,2,False,,False,b_cover_no_candidate_missing_xg_like_context
soccer|halesowen town|stafford rangers|2026-10-06,Halesowen Town FC,Stafford Rangers,2026-10-06T18:45:00+00:00,1,3,False,,False,b_cover_no_candidate_missing_xg_like_context
soccer|macclesfield|scarborough athletic|2026-10-06,Scarborough Athletic,Macclesfield FC,2026-10-06T18:45:00+00:00,1,3,False,,False,b_cover_no_candidate_missing_xg_like_context
soccer|albania|san marino|2026-10-06,Albania,San Marino,2026-10-06T18:45:00+00:00,1,3,False,,False,b_cover_no_candidate_missing_xg_like_context
soccer|belarus|finland|2026-10-06,Belarus,Finland,2026-10-06T18:45:00+00:00,1,3,False,,False,b_cover_no_candidate_missing_xg_like_context
soccer|estonia|iceland|2026-10-06,Estonia,Iceland,2026-10-06T18:45:00+00:00,1,3,False,,False,b_cover_no_candidate_missing_xg_like_context
soccer|moldova|slovakia|2026-10-06,Moldova,Slovakia,2026-10-06T18:45:00+00:00,1,3,False,,False,b_cover_no_candidate_missing_xg_like_context
soccer|scotland|slovenia|2026-10-06,Scotland,Slovenia,2026-10-06T18:45:00+00:00,1,3,False,,False,b_cover_no_candidate_missing_xg_like_context
soccer|croatia|spain|2026-10-06,Croatia,Spain,2026-10-06T18:45:00+00:00,1,3,False,,False,b_cover_no_candidate_missing_xg_like_context
soccer|czechia|england|2026-10-06,England,Czechia,2026-10-06T18:45:00+00:00,1,3,False,,False,b_cover_no_candidate_missing_xg_like_context
soccer|bulgaria|luxembourg|2026-10-06,Luxembourg,Bulgaria,2026-10-06T18:45:00+00:00,1,3,False,,False,b_cover_no_candidate_missing_xg_like_context
soccer|north macedonia|switzerland|2026-10-06,Switzerland,North Macedonia,2026-10-06T18:45:00+00:00,1,3,False,,False,b_cover_no_candidate_missing_xg_like_context
soccer|chatham town|leatherhead|2026-10-06,Chatham Town,Leatherhead FC,2026-10-06T18:45:00+00:00,1,3,False,,False,b_cover_no_candidate_missing_xg_like_context
soccer|dartford|ramsgate|2026-10-06,Dartford FC,Ramsgate FC,2026-10-06T18:45:00+00:00,1,3,False,,False,b_cover_no_candidate_missing_xg_like_context
soccer|burgess hill town|wingate finchley|2026-10-06,Wingate & Finchley,Burgess Hill Town,2026-10-06T18:45:00+00:00,1,3,False,,False,b_cover_no_candidate_missing_xg_like_context
soccer|guiseley|ilkeston town|2026-10-06,Ilkeston Town FC,Guiseley FC,2026-10-06T18:45:00+00:00,1,3,False,,False,b_cover_no_candidate_missing_xg_like_context
soccer|gainsborough trinity|whitby town|2026-10-06,Whitby Town,Gainsborough Trinity,2026-10-06T18:45:00+00:00,1,3,False,,False,b_cover_no_candidate_missing_xg_like_context
soccer|leeds united|tamworth|2026-10-06,Tamworth FC,Leeds United,2026-10-06T18:45:00+00:00,1,3,False,,False,b_cover_no_candidate_missing_xg_like_context
soccer|aveley|cheshunt|2026-10-06,Cheshunt FC,Aveley FC,2026-10-06T18:45:00+00:00,1,2,False,,False,b_cover_no_candidate_missing_xg_like_context
soccer|maldon tiptree|welling united|2026-10-06,Maldon and Tiptree FC,Welling United FC,2026-10-06T18:45:00+00:00,1,2,False,,False,b_cover_no_candidate_missing_xg_like_context
soccer|enfield town|stanway rovers|2026-10-06,Stanway Rovers,Enfield Town,2026-10-06T18:45:00+00:00,1,2,False,,False,b_cover_no_candidate_missing_xg_like_context
soccer|braintree town|walton hersham|2026-10-06,Braintree Town FC,Walton and Hersham FC,2026-10-06T18:45:00+00:00,1,2,False,,False,b_cover_no_candidate_missing_xg_like_context
soccer|ebbsfleet united|folkestone invicta|2026-10-06,Ebbsfleet United FC,Folkestone Invicta,2026-10-06T18:45:00+00:00,1,2,False,,False,b_cover_no_candidate_missing_xg_like_context
soccer|farnham town|truro city|2026-10-06,Farnham Town,Truro City,2026-10-06T18:45:00+00:00,1,2,False,,False,b_cover_no_candidate_missing_xg_like_context
soccer|bamber bridge|emley|2026-10-06,AFC Emley,Bamber Bridge,2026-10-06T18:45:00+00:00,1,2,False,,False,b_cover_no_candidate_missing_xg_like_context
soccer|alfreton town|united of manchester|2026-10-06,Alfreton Town FC,FC United of Manchester,2026-10-06T18:45:00+00:00,1,2,False,,False,b_cover_no_candidate_missing_xg_like_context
soccer|cleethorpes town|hyde united|2026-10-06,Cleethorpes Town FC,Hyde United FC,2026-10-06T18:45:00+00:00,1,2,False,,False,b_cover_no_candidate_missing_xg_like_context
soccer|curzon ashton|redcar athletic|2026-10-06,Curzon Ashton FC,Redcar Athletic FC,2026-10-06T18:45:00+00:00,1,2,False,,False,b_cover_no_candidate_missing_xg_like_context
soccer|leek town|warrington rylands 1906|2026-10-06,Leek Town FC,Warrington Rylands 1906 FC,2026-10-06T18:45:00+00:00,1,2,False,,False,b_cover_no_candidate_missing_xg_like_context
soccer|ashton united|quorn|2026-10-06,Quorn FC,Ashton United FC,2026-10-06T18:45:00+00:00,1,2,False,,False,b_cover_no_candidate_missing_xg_like_context
soccer|bury|stockton town|2026-10-06,Stockton Town,Bury FC,2026-10-06T18:45:00+00:00,1,2,False,,False,b_cover_no_candidate_missing_xg_like_context
soccer|warrington town|workington|2026-10-06,Warrington Town,Workington AFC,2026-10-06T18:45:00+00:00,1,2,False,,False,b_cover_no_candidate_missing_xg_like_context
soccer|halesowen town|leamington|2026-10-06,Leamington FC,Halesowen Town FC,2026-10-06T18:45:00+00:00,1,2,False,,False,b_cover_no_candidate_missing_xg_like_context
soccer|bromley|crawley town|2026-10-06,Crawley Town,Bromley FC,2026-10-06T18:45:00+00:00,1,2,False,,False,b_cover_no_candidate_missing_xg_like_context
soccer|atherton collieries|trafford|2026-10-06,Atherton Collieries,Trafford FC,2026-10-06T18:45:00+00:00,1,2,False,,False,b_cover_no_candidate_missing_xg_like_context
soccer|bury town|spalding united|2026-10-06,Spalding United,Bury Town FC,2026-10-06T18:45:00+00:00,1,2,False,,False,b_cover_no_candidate_missing_xg_like_context
soccer|bedford town football|wingate finchley|2026-10-06,Wingate & Finchley,Bedford Town Football Club,2026-10-06T18:45:00+00:00,1,2,False,,False,b_cover_no_candidate_missing_xg_like_context
soccer|ck united|villa waterford|2026-10-06,Villa FC Waterford,Ck United,2026-10-06T18:45:00+00:00,1,2,False,,False,b_cover_no_candidate_missing_xg_like_context
soccer|bedford town|wingate finchley|2026-10-06,Wingate & Finchley,Bedford Town,,1,1,False,,False,b_cover_no_candidate_missing_xg_like_context
soccer|cdt real oruro|real tomayapo|2026-10-06,Cdt Real Oruro,CD Real Tomayapo,2026-10-06T19:00:00+00:00,1,2,False,,False,b_cover_no_candidate_missing_xg_like_context
soccer|angola|malawi|2026-10-06,Angola,Malawi,2026-10-06T19:00:00+00:00,1,2,False,,False,b_cover_no_candidate_missing_xg_like_context
soccer|new haven chargers|villanova wildcats|2026-10-06,Villanova Wildcats,New Haven Chargers,2026-10-06T19:00:00+00:00,1,2,False,,False,b_cover_no_candidate_missing_xg_like_context
soccer|montserrat|turks caicos islands|2026-10-06,Montserrat,Turks and Caicos Islands,2026-10-06T20:00:00+00:00,1,2,False,,False,b_cover_no_candidate_missing_xg_like_context
soccer|bahamas|saint martin|2026-10-06,Saint-Martin,Bahamas,2026-10-06T20:00:00+00:00,1,2,False,,False,b_cover_no_candidate_missing_xg_like_context
soccer|rubio nu|sportivo ameliano|2026-10-06,Sportivo Ameliano,Rubio Nu,2026-10-06T20:00:00+00:00,1,2,False,,False,b_cover_no_candidate_missing_xg_like_context
soccer|dr benjamin aceval|independiente campo grande|2026-10-06,Club Dr Benjamin Aceval,Independiente Campo Grande,2026-10-06T20:00:00+00:00,1,2,False,,False,b_cover_no_candidate_missing_xg_like_context
soccer|alianza atletico|sport boys association|2026-10-06,Alianza Atletico,Sport Boys Association,2026-10-06T20:00:00+00:00,1,2,False,,False,b_cover_no_candidate_missing_xg_like_context
soccer|cdu san martin|csdc alianza universidad|2026-10-06,CDU San Martin,CSDC Alianza Universidad,2026-10-06T20:30:00+00:00,1,2,False,,False,b_cover_no_candidate_missing_xg_like_context
soccer|barbados|bermuda|2026-10-06,,,,18,7,True,glicko_xg,True,has_candidate
soccer|arnett gardens|portmore united|2026-10-06,,,,16,6,True,glicko_xg,True,has_candidate
soccer|changchun yatai|yanbian longding|2026-10-06,,,,14,6,True,glicko_xg,True,has_candidate
soccer|ca banfield|ca rosario central|2026-10-06,,,,19,5,True,glicko_xg,True,has_candidate
soccer|deportes quindio|orsomarso|2026-10-06,,,,20,5,True,glicko_xg,True,has_candidate
soccer|qingdao red lions|wuhan three towns b|2026-10-06,,,,16,6,True,last_games_form_goals,True,has_candidate
soccer|independiente medellin|independiente santa fe|2026-10-06,,,,18,4,True,glicko_xg,True,has_candidate
soccer|af sporting san miguelito|cocle|2026-10-06,,,,12,4,True,glicko_xg,True,has_candidate
soccer|honduras|jamaica|2026-10-06,,,,12,5,True,glicko_xg,True,has_candidate
soccer|changchun xidu|guangzhou dandelion alpha|2026-10-06,,,,13,4,True,last_games_form_goals,True,has_candidate
soccer|bonaire|grenada|2026-10-06,,,,14,8,True,glicko_xg,True,has_candidate
soccer|guatemala|suriname|2026-10-06,,,,11,6,True,glicko_xg,True,has_candidate
soccer|lam dong|song lam nghe an|2026-10-06,,,,15,2,False,,True,has_candidate
soccer|suzhou dongwu|wuxi wugou|2026-10-06,,,,7,2,True,glicko_xg,False,b_cover_no_candidate
soccer|dalian yingbo b|guangdong mingtu|2026-10-06,,,,6,4,True,last_games_form_goals,True,has_candidate
soccer|arambagh ks|mohammedan dhaka|2026-10-06,,,,4,5,True,last_games_form_goals,True,has_candidate
soccer|banfield|rosario central|2026-10-06,,,,8,6,True,glicko_xg,True,has_candidate
soccer|beijing institute of technology|chengdu rongcheng b|2026-10-06,,,,6,2,False,,True,has_candidate
soccer|hubei istar|lanzhou longyuan athletic|2026-10-06,,,,6,2,False,,True,has_candidate
soccer|junior managua|tigres chinandega|2026-10-06,,,,6,2,False,,True,has_candidate
soccer|ks beselidhja|sopoti librazhd|2026-10-06,,,,4,4,True,last_games_form_goals,True,has_candidate
soccer|celaya|jaguares|2026-10-06,,,,1,5,True,last_games_form_goals,False,b_cover_no_candidate
soccer|bashundhara kings|dhaka wanderers|2026-10-06,,,,1,3,True,last_games_form_goals,False,b_cover_no_candidate
soccer|shanghai second|wenzhou professional|2026-10-06,,,,2,1,False,,False,b_cover_no_candidate_missing_xg_like_context
soccer|dalian kun city|shijiazhuang gongfu|2026-10-06,,,,2,1,False,,False,b_cover_no_candidate_missing_xg_like_context
soccer|guizhou guiyang athletic|shanghai port b|2026-10-06,,,,1,2,True,last_games_form_goals,False,b_cover_no_candidate
soccer|ifk norrkoping|kalmar ff|2026-10-06,,,,1,3,True,last_games_form_goals,False,b_cover_no_candidate
soccer|korea republic|uzbekistan|2026-10-06,,,,2,1,True,,False,b_cover_no_candidate
soccer|nantong zhiyun|ningbo professional|2026-10-06,,,,1,2,True,glicko_xg,False,b_cover_no_candidate
soccer|bangladesh police|city|2026-10-06,,,,1,1,False,,False,b_cover_no_candidate_missing_xg_like_context
soccer|hangzhou linping wuyue|shanxi chongde ronghai|2026-10-06,,,,1,1,False,,False,b_cover_no_candidate_missing_xg_like_context
soccer|huda hue|pvf cong an nhan dan|2026-10-06,,,,1,1,False,,False,b_cover_no_candidate_missing_xg_like_context
soccer|jiangxi dingnan united|meizhou hakka|2026-10-06,,,,1,1,False,,False,b_cover_no_candidate_missing_xg_like_context
