match_key,source,source_event_id,sport_key,league_name,home_team,away_team,commence_time,tier,metadata,forecast_status,forecast_family,forecast_selection,forecast_selection_key,forecast_team_side,forecast_line,forecast_odds,forecast_bookmaker,forecast_odds_source,forecast_model_probability_pct,forecast_adjusted_probability_pct,forecast_market_probability_pct,forecast_edge_pct,forecast_ev_pct,forecast_confidence,forecast_books_count,forecast_sources_count,forecast_model_mode,forecast_publication_score,forecast_expected_home,forecast_expected_away,forecast_total_xg,forecast_context_source,forecast_context_confidence,forecast_market_movement,forecast_quality_status,forecast_quality_score,forecast_quality_reasons,forecast_quality_calibration,forecast_reasons,forecast_analysis_points
soccer|atletico grau|cs cienciano|2026-05-09,odds_api_io,70881396,soccer,Peru - Liga 1,Atletico Grau,CS Cienciano,2026-05-09T20:15:00+00:00,mid,"{""competition"": ""Peru - Liga 1"", ""odds_api_io_id"": 70881396, ""raw_event"": {""away"": ""CS Cienciano"", ""awayId"": 2301, ""date"": ""2026-05-09T20:15:00Z"", ""home"": ""Atletico Grau"", ""homeId"": 428219, ""id"": 70881396, ""league"": {""name"": ""Peru - Liga 1"", ""slug"": ""peru-liga-1""}, ""scores"": {""away"": 0, ""home"": 0}, ""sport"": {""name"": ""Football"", ""slug"": ""football""}, ""status"": ""pending""}}",,,,,,,,,,,,,,,,,,,,,,,,,,,,,,,
soccer|bentin tacna heroica|csdc alianza universidad|2026-05-09,odds_api_io,71268946,soccer,Peru - Liga 2,Bentin Tacna Heroica,CSDC Alianza Universidad,2026-05-09T20:15:00+00:00,mid,"{""competition"": ""Peru - Liga 2"", ""odds_api_io_id"": 71268946, ""raw_event"": {""away"": ""CSDC Alianza Universidad"", ""awayId"": 524872, ""date"": ""2026-05-09T20:15:00Z"", ""home"": ""Bentin Tacna Heroica"", ""homeId"": 1199175, ""id"": 71268946, ""league"": {""name"": ""Peru - Liga 2"", ""slug"": ""peru-liga-2""}, ""scores"": {""away"": 0, ""home"": 0}, ""sport"": {""name"": ""Football"", ""slug"": ""football""}, ""status"": ""pending""}}",,,,,,,,,,,,,,,,,,,,,,,,,,,,,,,
soccer|carlos mannucci|union comercio|2026-05-09,odds_api_io,71268940,soccer,Peru - Liga 2,Carlos Mannucci,Union Comercio,2026-05-09T20:15:00+00:00,mid,"{""competition"": ""Peru - Liga 2"", ""odds_api_io_id"": 71268940, ""raw_event"": {""away"": ""Union Comercio"", ""awayId"": 48431, ""date"": ""2026-05-09T20:15:00Z"", ""home"": ""Carlos Mannucci"", ""homeId"": 330527, ""id"": 71268940, ""league"": {""name"": ""Peru - Liga 2"", ""slug"": ""peru-liga-2""}, ""scores"": {""away"": 0, ""home"": 0}, ""sport"": {""name"": ""Football"", ""slug"": ""football""}, ""status"": ""pending""}}",,,,,,,,,,,,,,,,,,,,,,,,,,,,,,,
soccer|defensores ilucan|universitario deportes|2026-05-09,odds_api_io,71143156,soccer,Peru - Liga Femenina,Universitario de Deportes,Defensores Del Ilucan,2026-05-09T20:15:00+00:00,mid,"{""competition"": ""Peru - Liga Femenina"", ""odds_api_io_id"": 71143156, ""raw_event"": {""away"": ""Defensores Del Ilucan"", ""awayId"": 998731, ""date"": ""2026-05-09T20:15:00Z"", ""home"": ""Universitario de Deportes"", ""homeId"": 381960, ""id"": 71143156, ""league"": {""name"": ""Peru - Liga Femenina"", ""slug"": ""peru-liga-femenina""}, ""scores"": {""away"": 0, ""home"": 0}, ""sport"": {""name"": ""Football"", ""slug"": ""football""}, ""status"": ""pending""}}",,,,,,,,,,,,,,,,,,,,,,,,,,,,,,,
soccer|caguas sporting|taurinos cayey|2026-05-09,odds_api_io,69289818,soccer,Puerto Rico - LPR Pro,Taurinos Cayey,Caguas Sporting FC,2026-05-09T20:30:00+00:00,mid,"{""competition"": ""Puerto Rico - LPR Pro"", ""odds_api_io_id"": 69289818, ""raw_event"": {""away"": ""Caguas Sporting FC"", ""awayId"": 1290261, ""date"": ""2026-05-09T20:30:00Z"", ""home"": ""Taurinos Cayey"", ""homeId"": 1290269, ""id"": 69289818, ""league"": {""name"": ""Puerto Rico - LPR Pro"", ""slug"": ""puerto-rico-lpr-pro""}, ""scores"": {""away"": 0, ""home"": 0}, ""sport"": {""name"": ""Football"", ""slug"": ""football""}, ""status"": ""pending""}}",,,,,,,,,,,,,,,,,,,,,,,,,,,,,,,
soccer|montreal|orlando city|2026-05-09,odds_api_io,66299120,soccer,USA - MLS,CF Montreal,Orlando City SC,2026-05-09T20:30:00+00:00,mid,"{""competition"": ""USA - MLS"", ""odds_api_io_id"": 66299120, ""raw_event"": {""away"": ""Orlando City SC"", ""awayId"": 52237, ""date"": ""2026-05-09T20:30:00Z"", ""home"": ""CF Montreal"", ""homeId"": 22006, ""id"": 66299120, ""league"": {""name"": ""USA - MLS"", ""slug"": ""usa-mls""}, ""scores"": {""away"": 0, ""home"": 0}, ""sport"": {""name"": ""Football"", ""slug"": ""football""}, ""status"": ""pending""}}",,totals,Меньше 2.5,,,2.5,,,,,39.21,37.86,,,72.76,,,controlled_consensus_rescue,80.07,,,,,,,,,,,,
soccer|cs 2 mayo|rubio nu|2026-05-09,odds_api_io,68042468,soccer,"Paraguay - Division de Honor, Apertura",CS 2 de Mayo,Rubio Nu,2026-05-09T20:45:00+00:00,mid,"{""competition"": ""Paraguay - Division de Honor, Apertura"", ""odds_api_io_id"": 68042468, ""raw_event"": {""away"": ""Rubio Nu"", ""awayId"": 36438, ""date"": ""2026-05-09T20:45:00Z"", ""home"": ""CS 2 de Mayo"", ""homeId"": 5992, ""id"": 68042468, ""league"": {""name"": ""Paraguay - Division de Honor, Apertura"", ""slug"": ""paraguay-division-de-honor-apertura""}, ""scores"": {""away"": 0, ""home"": 0}, ""sport"": {""name"": ""Football"", ""slug"": ""football""}, ""status"": ""pending""}}",,totals,Больше 2.5,,,2.5,,,,,43.73,42.48,,,72.46,,,controlled_consensus_rescue,78.668,,,,,,,,,,,,
soccer|ambassadors ohio|flower city union|2026-05-09,odds_api_io,69072278,soccer,USA - National Premier Soccer League,Flower City Union,Ambassadors FC Ohio,2026-05-09T21:00:00+00:00,mid,"{""competition"": ""USA - National Premier Soccer League"", ""odds_api_io_id"": 69072278, ""raw_event"": {""away"": ""Ambassadors FC Ohio"", ""awayId"": 1244982, ""date"": ""2026-05-09T21:00:00Z"", ""home"": ""Flower City Union"", ""homeId"": 886019, ""id"": 69072278, ""league"": {""name"": ""USA - National Premier Soccer League"", ""slug"": ""usa-national-premier-soccer-league""}, ""scores"": {""away"": 0, ""home"": 0}, ""sport"": {""name"": ""Football"", ""slug"": ""football""}, ""status"": ""pending""}}",,,,,,,,,,,,,,,,,,,,,,,,,,,,,,,
soccer|arsenal sao cantarranas|hondupino|2026-05-09,odds_api_io,71200536,soccer,Honduras - Liga de Ascenso,CD Arsenal Sao Cantarranas,CD Hondupino,2026-05-09T21:00:00+00:00,mid,"{""competition"": ""Honduras - Liga de Ascenso"", ""odds_api_io_id"": 71200536, ""raw_event"": {""away"": ""CD Hondupino"", ""awayId"": 1225885, ""date"": ""2026-05-09T21:00:00Z"", ""home"": ""CD Arsenal Sao Cantarranas"", ""homeId"": 1225883, ""id"": 71200536, ""league"": {""name"": ""Honduras - Liga de Ascenso"", ""slug"": ""honduras-liga-de-ascenso""}, ""scores"": {""away"": 0, ""home"": 0}, ""sport"": {""name"": ""Football"", ""slug"": ""football""}, ""status"": ""pending""}}",,,,,,,,,,,,,,,,,,,,,,,,,,,,,,,
soccer|athletic sjdr mg|cuiaba mt|2026-05-09,odds_api_io,68822870,soccer,Brazil - Brasileiro Serie B,Athletic Club Sjdr MG,Cuiaba EC MT,2026-05-09T21:00:00+00:00,mid,"{""competition"": ""Brazil - Brasileiro Serie B"", ""odds_api_io_id"": 68822870, ""raw_event"": {""away"": ""Cuiaba EC MT"", ""awayId"": 49202, ""date"": ""2026-05-09T21:00:00Z"", ""home"": ""Athletic Club Sjdr MG"", ""homeId"": 547561, ""id"": 68822870, ""league"": {""name"": ""Brazil - Brasileiro Serie B"", ""slug"": ""brazil-brasileiro-serie-b""}, ""scores"": {""away"": 0, ""home"": 0}, ""sport"": {""name"": ""Football"", ""slug"": ""football""}, ""status"": ""pending""}}",,totals,Больше 2,,,2.0,,,,,48.19,46.75,,,70.78,,,controlled_consensus_rescue,76.879,,,,,,,,,,,,
soccer|atletico nacional medellin|internacional bogota|2026-05-09,odds_api_io,71297412,soccer,"Colombia - Primera A, Apertura",Internacional de Bogota.,Atletico Nacional Medellin,2026-05-09T21:00:00+00:00,mid,"{""competition"": ""Colombia - Primera A, Apertura"", ""odds_api_io_id"": 71297412, ""raw_event"": {""away"": ""Atletico Nacional Medellin"", ""awayId"": 6106, ""date"": ""2026-05-09T21:00:00Z"", ""home"": ""Internacional de Bogota."", ""homeId"": 1317886, ""id"": 71297412, ""league"": {""name"": ""Colombia - Primera A, Apertura"", ""slug"": ""colombia-primera-a-apertura""}, ""scores"": {""away"": 0, ""home"": 0}, ""sport"": {""name"": ""Football"", ""slug"": ""football""}, ""status"": ""pending""}}",publishable,totals,Меньше 2.5,,,2.5,,,,,51.03,48.28,,,78.5,,,controlled_consensus_rescue,94.5,,,,,,,,,,,,
soccer|atletico rafaela|gimnasia y tiro salta|2026-05-09,odds_api_io,67118370,soccer,Argentina - Primera Nacional,Atletico de Rafaela,Gimnasia Y Tiro de Salta,2026-05-09T21:00:00+00:00,mid,"{""competition"": ""Argentina - Primera Nacional"", ""odds_api_io_id"": 67118370, ""raw_event"": {""away"": ""Gimnasia Y Tiro de Salta"", ""awayId"": 258465, ""date"": ""2026-05-09T21:00:00Z"", ""home"": ""Atletico de Rafaela"", ""homeId"": 34976, ""id"": 67118370, ""league"": {""name"": ""Argentina - Primera Nacional"", ""slug"": ""argentina-primera-nacional""}, ""scores"": {""away"": 0, ""home"": 0}, ""sport"": {""name"": ""Football"", ""slug"": ""football""}, ""status"": ""pending""}}",,,,,,,,,,,,,,,,,,,,,,,,,,,,,,,
soccer|botafogo pb|maranhao ma|2026-05-09,odds_api_io,69255006,soccer,Brazil - Brasileiro Serie C,Maranhao AC MA,Botafogo FC PB,2026-05-09T21:00:00+00:00,mid,"{""competition"": ""Brazil - Brasileiro Serie C"", ""odds_api_io_id"": 69255006, ""raw_event"": {""away"": ""Botafogo FC PB"", ""awayId"": 49196, ""date"": ""2026-05-09T21:00:00Z"", ""home"": ""Maranhao AC MA"", ""homeId"": 21858, ""id"": 69255006, ""league"": {""name"": ""Brazil - Brasileiro Serie C"", ""slug"": ""brazil-brasileiro-serie-c""}, ""scores"": {""away"": 0, ""home"": 0}, ""sport"": {""name"": ""Football"", ""slug"": ""football""}, ""status"": ""pending""}}",,,,,,,,,,,,,,,,,,,,,,,,,,,,,,,
soccer|ca ituzaingo|villa dalmine|2026-05-09,odds_api_io,67119288,soccer,Argentina - Primera B,CA Ituzaingo,Villa Dalmine,2026-05-09T21:00:00+00:00,mid,"{""competition"": ""Argentina - Primera B"", ""odds_api_io_id"": 67119288, ""raw_event"": {""away"": ""Villa Dalmine"", ""awayId"": 112509, ""date"": ""2026-05-09T21:00:00Z"", ""home"": ""CA Ituzaingo"", ""homeId"": 374916, ""id"": 67119288, ""league"": {""name"": ""Argentina - Primera B"", ""slug"": ""argentina-primera-b""}, ""scores"": {""away"": 0, ""home"": 0}, ""sport"": {""name"": ""Football"", ""slug"": ""football""}, ""status"": ""pending""}}",,,,,,,,,,,,,,,,,,,,,,,,,,,,,,,
soccer|cn marcilio dias|gremio esportivo brasil|2026-05-09,odds_api_io,70323308,soccer,Brazil - Brasileiro Serie D,CN Marcilio Dias SC,Gremio Esportivo Brasil,2026-05-09T21:00:00+00:00,mid,"{""competition"": ""Brazil - Brasileiro Serie D"", ""odds_api_io_id"": 70323308, ""raw_event"": {""away"": ""Gremio Esportivo Brasil"", ""awayId"": 1986, ""date"": ""2026-05-09T21:00:00Z"", ""home"": ""CN Marcilio Dias SC"", ""homeId"": 21978, ""id"": 70323308, ""league"": {""name"": ""Brazil - Brasileiro Serie D"", ""slug"": ""brazil-brasileiro-serie-d""}, ""scores"": {""away"": 0, ""home"": 0}, ""sport"": {""name"": ""Football"", ""slug"": ""football""}, ""status"": ""pending""}}",,,,,,,,,,,,,,,,,,,,,,,,,,,,,,,
soccer|cs sergipe se|retro pe|2026-05-09,odds_api_io,70322102,soccer,Brazil - Brasileiro Serie D,CS Sergipe SE,Retro FC PE,2026-05-09T21:00:00+00:00,mid,"{""competition"": ""Brazil - Brasileiro Serie D"", ""odds_api_io_id"": 70322102, ""raw_event"": {""away"": ""Retro FC PE"", ""awayId"": 614088, ""date"": ""2026-05-09T21:00:00Z"", ""home"": ""CS Sergipe SE"", ""homeId"": 2016, ""id"": 70322102, ""league"": {""name"": ""Brazil - Brasileiro Serie D"", ""slug"": ""brazil-brasileiro-serie-d""}, ""scores"": {""away"": 0, ""home"": 0}, ""sport"": {""name"": ""Football"", ""slug"": ""football""}, ""status"": ""pending""}}",,,,,,,,,,,,,,,,,,,,,,,,,,,,,,,
soccer|cuenca|guayaquil city|2026-05-09,odds_api_io,68687636,soccer,Ecuador - LigaPro Primera A,Guayaquil City FC,CD Cuenca,2026-05-09T21:00:00+00:00,mid,"{""competition"": ""Ecuador - LigaPro Primera A"", ""odds_api_io_id"": 68687636, ""raw_event"": {""away"": ""CD Cuenca"", ""awayId"": 5251, ""date"": ""2026-05-09T21:00:00Z"", ""home"": ""Guayaquil City FC"", ""homeId"": 171976, ""id"": 68687636, ""league"": {""name"": ""Ecuador - LigaPro Primera A"", ""slug"": ""ecuador-ligapro-primera-a""}, ""scores"": {""away"": 0, ""home"": 0}, ""sport"": {""name"": ""Football"", ""slug"": ""football""}, ""status"": ""pending""}}",,,,,,,,,,,,,,,,,,,,,,,,,,,,,,,
soccer|fluminense rj|vitoria ba|2026-05-09,odds_api_io,66886758,soccer,Brazil - Brasileiro Serie A,Fluminense FC RJ,EC Vitoria BA,2026-05-09T21:00:00+00:00,mid,"{""competition"": ""Brazil - Brasileiro Serie A"", ""odds_api_io_id"": 66886758, ""raw_event"": {""away"": ""EC Vitoria BA"", ""awayId"": 1962, ""date"": ""2026-05-09T21:00:00Z"", ""home"": ""Fluminense FC RJ"", ""homeId"": 1961, ""id"": 66886758, ""league"": {""name"": ""Brazil - Brasileiro Serie A"", ""slug"": ""brazil-brasileiro-serie-a""}, ""scores"": {""away"": 0, ""home"": 0}, ""sport"": {""name"": ""Football"", ""slug"": ""football""}, ""status"": ""pending""}}",,totals,Меньше 2.25,,,2.25,,,,,46.14,44.83,,,70.32,,,controlled_consensus_rescue,75.662,,,,,,,,,,,,
soccer|houston dynamo 2|saint louis city 2|2026-05-09,odds_api_io,68156586,soccer,USA - MLS Next Pro,Saint Louis City SC 2,Houston Dynamo 2,2026-05-09T21:00:00+00:00,mid,"{""competition"": ""USA - MLS Next Pro"", ""odds_api_io_id"": 68156586, ""raw_event"": {""away"": ""Houston Dynamo 2"", ""awayId"": 872767, ""date"": ""2026-05-09T21:00:00Z"", ""home"": ""Saint Louis City SC 2"", ""homeId"": 885971, ""id"": 68156586, ""league"": {""name"": ""USA - MLS Next Pro"", ""slug"": ""usa-mls-next-pro""}, ""scores"": {""away"": 0, ""home"": 0}, ""sport"": {""name"": ""Football"", ""slug"": ""football""}, ""status"": ""pending""}}",,,,,,,,,,,,,,,,,,,,,,,,,,,,,,,
soccer|luverdense mt|se gama df|2026-05-09,odds_api_io,70319968,soccer,Brazil - Brasileiro Serie D,Luverdense EC MT,SE Gama DF,2026-05-09T21:00:00+00:00,mid,"{""competition"": ""Brazil - Brasileiro Serie D"", ""odds_api_io_id"": 70319968, ""raw_event"": {""away"": ""SE Gama DF"", ""awayId"": 1978, ""date"": ""2026-05-09T21:00:00Z"", ""home"": ""Luverdense EC MT"", ""homeId"": 40161, ""id"": 70319968, ""league"": {""name"": ""Brazil - Brasileiro Serie D"", ""slug"": ""brazil-brasileiro-serie-d""}, ""scores"": {""away"": 0, ""home"": 0}, ""sport"": {""name"": ""Football"", ""slug"": ""football""}, ""status"": ""pending""}}",,,,,,,,,,,,,,,,,,,,,,,,,,,,,,,
soccer|manaus am|monte roraima rr|2026-05-09,odds_api_io,70318414,soccer,Brazil - Brasileiro Serie D,Manaus FC AM,Monte Roraima RR,2026-05-09T21:00:00+00:00,mid,"{""competition"": ""Brazil - Brasileiro Serie D"", ""odds_api_io_id"": 70318414, ""raw_event"": {""away"": ""Monte Roraima RR"", ""awayId"": 1104921, ""date"": ""2026-05-09T21:00:00Z"", ""home"": ""Manaus FC AM"", ""homeId"": 290390, ""id"": 70318414, ""league"": {""name"": ""Brazil - Brasileiro Serie D"", ""slug"": ""brazil-brasileiro-serie-d""}, ""scores"": {""away"": 0, ""home"": 0}, ""sport"": {""name"": ""Football"", ""slug"": ""football""}, ""status"": ""pending""}}",,,,,,,,,,,,,,,,,,,,,,,,,,,,,,,
soccer|michigan rangers|southern indiana guardians|2026-05-09,odds_api_io,71220682,soccer,USA - National Premier Soccer League,Michigan Rangers FC,Southern Indiana Guardians FC,2026-05-09T21:00:00+00:00,mid,"{""competition"": ""USA - National Premier Soccer League"", ""odds_api_io_id"": 71220682, ""raw_event"": {""away"": ""Southern Indiana Guardians FC"", ""awayId"": 1112965, ""date"": ""2026-05-09T21:00:00Z"", ""home"": ""Michigan Rangers FC"", ""homeId"": 1005495, ""id"": 71220682, ""league"": {""name"": ""USA - National Premier Soccer League"", ""slug"": ""usa-national-premier-soccer-league""}, ""scores"": {""away"": 0, ""home"": 0}, ""sport"": {""name"": ""Football"", ""slug"": ""football""}, ""status"": ""pending""}}",,,,,,,,,,,,,,,,,,,,,,,,,,,,,,,
soccer|neo pipil san juan nonualco|sensunte cabanas|2026-05-09,odds_api_io,71335406,soccer,El Salvador - Segunda Division,Sensunte Cabanas FC,Neo Pipil San Juan Nonualco,2026-05-09T21:00:00+00:00,mid,"{""competition"": ""El Salvador - Segunda Division"", ""odds_api_io_id"": 71335406, ""raw_event"": {""away"": ""Neo Pipil San Juan Nonualco"", ""awayId"": 574741, ""date"": ""2026-05-09T21:00:00Z"", ""home"": ""Sensunte Cabanas FC"", ""homeId"": 1274594, ""id"": 71335406, ""league"": {""name"": ""El Salvador - Segunda Division"", ""slug"": ""el-salvador-segunda-division""}, ""scores"": {""away"": 0, ""home"": 0}, ""sport"": {""name"": ""Football"", ""slug"": ""football""}, ""status"": ""pending""}}",,,,,,,,,,,,,,,,,,,,,,,,,,,,,,,
soccer|sampaio correa fe rj|xv novembro piracicaba sp|2026-05-09,odds_api_io,70323176,soccer,Brazil - Brasileiro Serie D,EC XV de Novembro Piracicaba SP,Sampaio Correa FE RJ,2026-05-09T21:00:00+00:00,mid,"{""competition"": ""Brazil - Brasileiro Serie D"", ""odds_api_io_id"": 70323176, ""raw_event"": {""away"": ""Sampaio Correa FE RJ"", ""awayId"": 342192, ""date"": ""2026-05-09T21:00:00Z"", ""home"": ""EC XV de Novembro Piracicaba SP"", ""homeId"": 61692, ""id"": 70323176, ""league"": {""name"": ""Brazil - Brasileiro Serie D"", ""slug"": ""brazil-brasileiro-serie-d""}, ""scores"": {""away"": 0, ""home"": 0}, ""sport"": {""name"": ""Football"", ""slug"": ""football""}, ""status"": ""pending""}}",,,,,,,,,,,,,,,,,,,,,,,,,,,,,,,
soccer|guabira montero|gv san jose oruro|2026-05-09,odds_api_io,70379142,soccer,Bolivia - Division Profesional,Guabira Montero,GV Club Deportivo San Jose de Oruro,2026-05-09T21:15:00+00:00,mid,"{""competition"": ""Bolivia - Division Profesional"", ""odds_api_io_id"": 70379142, ""raw_event"": {""away"": ""GV Club Deportivo San Jose de Oruro"", ""awayId"": 1015661, ""date"": ""2026-05-09T21:15:00Z"", ""home"": ""Guabira Montero"", ""homeId"": 47701, ""id"": 70379142, ""league"": {""name"": ""Bolivia - Division Profesional"", ""slug"": ""bolivia-division-profesional""}, ""scores"": {""away"": 0, ""home"": 0}, ""sport"": {""name"": ""Football"", ""slug"": ""football""}, ""status"": ""pending""}}",,,,,,,,,,,,,,,,,,,,,,,,,,,,,,,
soccer|aa ponte preta sp|recife pe|2026-05-09,odds_api_io,68822866,soccer,Brazil - Brasileiro Serie B,AA Ponte Preta SP,SC Recife PE,2026-05-09T21:30:00+00:00,mid,"{""competition"": ""Brazil - Brasileiro Serie B"", ""odds_api_io_id"": 68822866, ""raw_event"": {""away"": ""SC Recife PE"", ""awayId"": 1959, ""date"": ""2026-05-09T21:30:00Z"", ""home"": ""AA Ponte Preta SP"", ""homeId"": 1969, ""id"": 68822866, ""league"": {""name"": ""Brazil - Brasileiro Serie B"", ""slug"": ""brazil-brasileiro-serie-b""}, ""scores"": {""away"": 0, ""home"": 0}, ""sport"": {""name"": ""Football"", ""slug"": ""football""}, ""status"": ""pending""}}",,totals,Больше 2.5,,,2.5,,,,,41.17,39.65,,,73.32,,,controlled_consensus_rescue,81.716,,,,,,,,,,,,
soccer|aucas|universidad catolica ecuador|2026-05-09,odds_api_io,68687630,soccer,Ecuador - LigaPro Primera A,SD Aucas,CD Universidad Catolica del Ecuador,2026-05-09T21:30:00+00:00,mid,"{""competition"": ""Ecuador - LigaPro Primera A"", ""odds_api_io_id"": 68687630, ""raw_event"": {""away"": ""CD Universidad Catolica del Ecuador"", ""awayId"": 21942, ""date"": ""2026-05-09T21:30:00Z"", ""home"": ""SD Aucas"", ""homeId"": 5249, ""id"": 68687630, ""league"": {""name"": ""Ecuador - LigaPro Primera A"", ""slug"": ""ecuador-ligapro-primera-a""}, ""scores"": {""away"": 0, ""home"": 0}, ""sport"": {""name"": ""Football"", ""slug"": ""football""}, ""status"": ""pending""}}",,,,,,,,,,,,,,,,,,,,,,,,,,,,,,,
soccer|barquisimeto|urena|2026-05-09,odds_api_io,71314850,soccer,Venezuela - Segunda Division,Barquisimeto SC,Urena SC,2026-05-09T21:30:00+00:00,mid,"{""competition"": ""Venezuela - Segunda Division"", ""odds_api_io_id"": 71314850, ""raw_event"": {""away"": ""Urena SC"", ""awayId"": 209846, ""date"": ""2026-05-09T21:30:00Z"", ""home"": ""Barquisimeto SC"", ""homeId"": 1242293, ""id"": 71314850, ""league"": {""name"": ""Venezuela - Segunda Division"", ""slug"": ""venezuela-segunda-division""}, ""scores"": {""away"": 0, ""home"": 0}, ""sport"": {""name"": ""Football"", ""slug"": ""football""}, ""status"": ""pending""}}",,,,,,,,,,,,,,,,,,,,,,,,,,,,,,,
soccer|central espanol|racing montevideo|2026-05-09,odds_api_io,71311300,soccer,Uruguay - Primera Division,Central Espanol FC,Racing Club Montevideo,2026-05-09T21:30:00+00:00,mid,"{""competition"": ""Uruguay - Primera Division"", ""odds_api_io_id"": 71311300, ""raw_event"": {""away"": ""Racing Club Montevideo"", ""awayId"": 25010, ""date"": ""2026-05-09T21:30:00Z"", ""home"": ""Central Espanol FC"", ""homeId"": 3232, ""id"": 71311300, ""league"": {""name"": ""Uruguay - Primera Division"", ""slug"": ""uruguay-primera-division""}, ""scores"": {""away"": 0, ""home"": 0}, ""sport"": {""name"": ""Football"", ""slug"": ""football""}, ""status"": ""pending""}}",,totals,Больше 2.5,,,2.5,,,,,43.88,42.44,,,73.04,,,controlled_consensus_rescue,80.461,,,,,,,,,,,,
soccer|charlottetowne hops|greenville united|2026-05-09,odds_api_io,69072280,soccer,USA - National Premier Soccer League,Greenville United,Charlottetowne Hops FC,2026-05-09T21:30:00+00:00,mid,"{""competition"": ""USA - National Premier Soccer League"", ""odds_api_io_id"": 69072280, ""raw_event"": {""away"": ""Charlottetowne Hops FC"", ""awayId"": 998539, ""date"": ""2026-05-09T21:30:00Z"", ""home"": ""Greenville United"", ""homeId"": 998545, ""id"": 69072280, ""league"": {""name"": ""USA - National Premier Soccer League"", ""slug"": ""usa-national-premier-soccer-league""}, ""scores"": {""away"": 0, ""home"": 0}, ""sport"": {""name"": ""Football"", ""slug"": ""football""}, ""status"": ""pending""}}",,,,,,,,,,,,,,,,,,,,,,,,,,,,,,,
soccer|cobresal|universidad concepcion|2026-05-09,odds_api_io,71069104,soccer,Chile - Copa de la Liga,Cobresal,Universidad de Concepcion,2026-05-09T21:30:00+00:00,mid,"{""competition"": ""Chile - Copa de la Liga"", ""odds_api_io_id"": 71069104, ""raw_event"": {""away"": ""Universidad de Concepcion"", ""awayId"": 5034, ""date"": ""2026-05-09T21:30:00Z"", ""home"": ""Cobresal"", ""homeId"": 3167, ""id"": 71069104, ""league"": {""name"": ""Chile - Copa de la Liga"", ""slug"": ""chile-copa-de-la-liga""}, ""scores"": {""away"": 0, ""home"": 0}, ""sport"": {""name"": ""Football"", ""slug"": ""football""}, ""status"": ""pending""}}",,,,,,,,,,,,,,,,,,,,,,,,,,,,,,,
soccer|colo colo|deportes concepcion|2026-05-09,odds_api_io,71069090,soccer,Chile - Copa de la Liga,Colo-Colo,Deportes Concepcion,2026-05-09T21:30:00+00:00,mid,"{""competition"": ""Chile - Copa de la Liga"", ""odds_api_io_id"": 71069090, ""raw_event"": {""away"": ""Deportes Concepcion"", ""awayId"": 3160, ""date"": ""2026-05-09T21:30:00Z"", ""home"": ""Colo-Colo"", ""homeId"": 3155, ""id"": 71069090, ""league"": {""name"": ""Chile - Copa de la Liga"", ""slug"": ""chile-copa-de-la-liga""}, ""scores"": {""away"": 0, ""home"": 0}, ""sport"": {""name"": ""Football"", ""slug"": ""football""}, ""status"": ""pending""}}",,totals,Больше 2.5,,,2.5,,,,,57.98,56.56,,,70.67,,,controlled_consensus_rescue,75.862,,,,,,,,,,,,
soccer|inhumas go|primavera mt|2026-05-09,odds_api_io,70319964,soccer,Brazil - Brasileiro Serie D,Inhumas EC GO,Primavera AC MT,2026-05-09T21:30:00+00:00,mid,"{""competition"": ""Brazil - Brasileiro Serie D"", ""odds_api_io_id"": 70319964, ""raw_event"": {""away"": ""Primavera AC MT"", ""awayId"": 689755, ""date"": ""2026-05-09T21:30:00Z"", ""home"": ""Inhumas EC GO"", ""homeId"": 511102, ""id"": 70319964, ""league"": {""name"": ""Brazil - Brasileiro Serie D"", ""slug"": ""brazil-brasileiro-serie-d""}, ""scores"": {""away"": 0, ""home"": 0}, ""sport"": {""name"": ""Football"", ""slug"": ""football""}, ""status"": ""pending""}}",,,,,,,,,,,,,,,,,,,,,,,,,,,,,,,
soccer|laranja mecanica pr|paranavai pr|2026-05-09,odds_api_io,71169098,soccer,"Brazil - Paranaense, 2. Divisao",EC Laranja Mecanica PR,Paranavai PR,2026-05-09T21:30:00+00:00,mid,"{""competition"": ""Brazil - Paranaense, 2. Divisao"", ""odds_api_io_id"": 71169098, ""raw_event"": {""away"": ""Paranavai PR"", ""awayId"": 21861, ""date"": ""2026-05-09T21:30:00Z"", ""home"": ""EC Laranja Mecanica PR"", ""homeId"": 889667, ""id"": 71169098, ""league"": {""name"": ""Brazil - Paranaense, 2. Divisao"", ""slug"": ""brazil-paranaense-2-divisao""}, ""scores"": {""away"": 0, ""home"": 0}, ""sport"": {""name"": ""Football"", ""slug"": ""football""}, ""status"": ""pending""}}",,,,,,,,,,,,,,,,,,,,,,,,,,,,,,,
soccer|olympia|snohomish united|2026-05-09,odds_api_io,68988882,soccer,USA - USL W League,FC Olympia,Snohomish United,2026-05-09T21:30:00+00:00,mid,"{""competition"": ""USA - USL W League"", ""odds_api_io_id"": 68988882, ""raw_event"": {""away"": ""Snohomish United"", ""awayId"": 1328290, ""date"": ""2026-05-09T21:30:00Z"", ""home"": ""FC Olympia"", ""homeId"": 991793, ""id"": 68988882, ""league"": {""name"": ""USA - USL W League"", ""slug"": ""usa-usl-w-league""}, ""scores"": {""away"": 0, ""home"": 0}, ""sport"": {""name"": ""Football"", ""slug"": ""football""}, ""status"": ""pending""}}",,,,,,,,,,,,,,,,,,,,,,,,,,,,,,,
soccer|serra es|vilavelhense es|2026-05-09,odds_api_io,70703480,soccer,Brazil - Copa Espirito Santo,Serra FC ES,Vilavelhense FC ES,2026-05-09T21:45:00+00:00,mid,"{""competition"": ""Brazil - Copa Espirito Santo"", ""odds_api_io_id"": 70703480, ""raw_event"": {""away"": ""Vilavelhense FC ES"", ""awayId"": 35290, ""date"": ""2026-05-09T21:45:00Z"", ""home"": ""Serra FC ES"", ""homeId"": 34013, ""id"": 70703480, ""league"": {""name"": ""Brazil - Copa Espirito Santo"", ""slug"": ""brazil-copa-espirito-santo""}, ""scores"": {""away"": 0, ""home"": 0}, ""sport"": {""name"": ""Football"", ""slug"": ""football""}, ""status"": ""pending""}}",,,,,,,,,,,,,,,,,,,,,,,,,,,,,,,
soccer|ae velo sp|nova iguacu rj|2026-05-09,odds_api_io,70323178,soccer,Brazil - Brasileiro Serie D,AE Velo Clube SP,Nova Iguacu RJ,2026-05-09T22:00:00+00:00,mid,"{""competition"": ""Brazil - Brasileiro Serie D"", ""odds_api_io_id"": 70323178, ""raw_event"": {""away"": ""Nova Iguacu RJ"", ""awayId"": 6981, ""date"": ""2026-05-09T22:00:00Z"", ""home"": ""AE Velo Clube SP"", ""homeId"": 88736, ""id"": 70323178, ""league"": {""name"": ""Brazil - Brasileiro Serie D"", ""slug"": ""brazil-brasileiro-serie-d""}, ""scores"": {""away"": 0, ""home"": 0}, ""sport"": {""name"": ""Football"", ""slug"": ""football""}, ""status"": ""pending""}}",,,,,,,,,,,,,,,,,,,,,,,,,,,,,,,
soccer|atletico matogrossense mt|cacerense mt|2026-05-09,odds_api_io,69834780,soccer,"Brazil - Mato-Grossense, 2. Divisao",Cacerense EC MT,Club Atletico Matogrossense MT,2026-05-09T22:00:00+00:00,mid,"{""competition"": ""Brazil - Mato-Grossense, 2. Divisao"", ""odds_api_io_id"": 69834780, ""raw_event"": {""away"": ""Club Atletico Matogrossense MT"", ""awayId"": 751813, ""date"": ""2026-05-09T22:00:00Z"", ""home"": ""Cacerense EC MT"", ""homeId"": 21843, ""id"": 69834780, ""league"": {""name"": ""Brazil - Mato-Grossense, 2. Divisao"", ""slug"": ""brazil-mato-grossense-2-divisao""}, ""scores"": {""away"": 0, ""home"": 0}, ""sport"": {""name"": ""Football"", ""slug"": ""football""}, ""status"": ""pending""}}",,,,,,,,,,,,,,,,,,,,,,,,,,,,,,,
soccer|azuriz pr|sao jose rs|2026-05-09,odds_api_io,70323304,soccer,Brazil - Brasileiro Serie D,EC Sao Jose RS,Azuriz FC PR,2026-05-09T22:00:00+00:00,mid,"{""competition"": ""Brazil - Brasileiro Serie D"", ""odds_api_io_id"": 70323304, ""raw_event"": {""away"": ""Azuriz FC PR"", ""awayId"": 683979, ""date"": ""2026-05-09T22:00:00Z"", ""home"": ""EC Sao Jose RS"", ""homeId"": 32767, ""id"": 70323304, ""league"": {""name"": ""Brazil - Brasileiro Serie D"", ""slug"": ""brazil-brasileiro-serie-d""}, ""scores"": {""away"": 0, ""home"": 0}, ""sport"": {""name"": ""Football"", ""slug"": ""football""}, ""status"": ""pending""}}",,,,,,,,,,,,,,,,,,,,,,,,,,,,,,,
soccer|boca juniors|ca huracan|2026-05-09,odds_api_io,71312120,soccer,Argentina - Liga Profesional,Boca Juniors,CA Huracan,2026-05-09T22:00:00+00:00,mid,"{""competition"": ""Argentina - Liga Profesional"", ""odds_api_io_id"": 71312120, ""raw_event"": {""away"": ""CA Huracan"", ""awayId"": 7629, ""date"": ""2026-05-09T22:00:00Z"", ""home"": ""Boca Juniors"", ""homeId"": 3202, ""id"": 71312120, ""league"": {""name"": ""Argentina - Liga Profesional"", ""slug"": ""argentina-liga-profesional""}, ""scores"": {""away"": 0, ""home"": 0}, ""sport"": {""name"": ""Football"", ""slug"": ""football""}, ""status"": ""pending""}}",,,,,,,,,,,,,,,,,,,,,,,,,,,,,,,
soccer|boston city|new england|2026-05-09,odds_api_io,69090776,soccer,USA - USL League Two,Boston City FC,New England FC,2026-05-09T22:00:00+00:00,mid,"{""competition"": ""USA - USL League Two"", ""odds_api_io_id"": 69090776, ""raw_event"": {""away"": ""New England FC"", ""awayId"": 1232483, ""date"": ""2026-05-09T22:00:00Z"", ""home"": ""Boston City FC"", ""homeId"": 334129, ""id"": 69090776, ""league"": {""name"": ""USA - USL League Two"", ""slug"": ""usa-usl-league-two""}, ""scores"": {""away"": 0, ""home"": 0}, ""sport"": {""name"": ""Football"", ""slug"": ""football""}, ""status"": ""pending""}}",,,,,,,,,,,,,,,,,,,,,,,,,,,,,,,
soccer|ca fenix montevideo|plaza colonia|2026-05-09,odds_api_io,71309114,soccer,Uruguay - Segunda Division,Plaza Colonia,CA Fenix Montevideo,2026-05-09T22:00:00+00:00,mid,"{""competition"": ""Uruguay - Segunda Division"", ""odds_api_io_id"": 71309114, ""raw_event"": {""away"": ""CA Fenix Montevideo"", ""awayId"": 3223, ""date"": ""2026-05-09T22:00:00Z"", ""home"": ""Plaza Colonia"", ""homeId"": 3235, ""id"": 71309114, ""league"": {""name"": ""Uruguay - Segunda Division"", ""slug"": ""uruguay-segunda-division""}, ""scores"": {""away"": 0, ""home"": 0}, ""sport"": {""name"": ""Football"", ""slug"": ""football""}, ""status"": ""pending""}}",,,,,,,,,,,,,,,,,,,,,,,,,,,,,,,
soccer|ceara ce|goianiense go|2026-05-09,odds_api_io,68822874,soccer,Brazil - Brasileiro Serie B,Ceara SC CE,AC Goianiense GO,2026-05-09T22:00:00+00:00,mid,"{""competition"": ""Brazil - Brasileiro Serie B"", ""odds_api_io_id"": 68822874, ""raw_event"": {""away"": ""AC Goianiense GO"", ""awayId"": 7314, ""date"": ""2026-05-09T22:00:00Z"", ""home"": ""Ceara SC CE"", ""homeId"": 2001, ""id"": 68822874, ""league"": {""name"": ""Brazil - Brasileiro Serie B"", ""slug"": ""brazil-brasileiro-serie-b""}, ""scores"": {""away"": 0, ""home"": 0}, ""sport"": {""name"": ""Football"", ""slug"": ""football""}, ""status"": ""pending""}}",,btts,Обе забьют: Да,yes,,,,Betfair Exchange,odds_api_io,54.51,47.7,44.97,,,63.03,,,btts_poisson,25.35,1.563,1.036,,bzzoiro_predictions,,insufficient_history,,,,,,
soccer|cucuta|orsomarso|2026-05-09,odds_api_io,71334950,soccer,Colombia - Copa Colombia,Orsomarso SC,Cucuta Deportivo FC,2026-05-09T22:00:00+00:00,mid,"{""competition"": ""Colombia - Copa Colombia"", ""odds_api_io_id"": 71334950, ""raw_event"": {""away"": ""Cucuta Deportivo FC"", ""awayId"": 6108, ""date"": ""2026-05-09T22:00:00Z"", ""home"": ""Orsomarso SC"", ""homeId"": 241730, ""id"": 71334950, ""league"": {""name"": ""Colombia - Copa Colombia"", ""slug"": ""colombia-copa-colombia""}, ""scores"": {""away"": 0, ""home"": 0}, ""sport"": {""name"": ""Football"", ""slug"": ""football""}, ""status"": ""pending""}}",,,,,,,,,,,,,,,,,,,,,,,,,,,,,,,
soccer|mahaut soca strikers|mighty avengers|2026-05-09,odds_api_io,71344610,soccer,Dominica - DFA Premier,Mighty Avengers,Mahaut Soca Strikers,2026-05-09T22:30:00+00:00,mid,"{""competition"": ""Dominica - DFA Premier"", ""odds_api_io_id"": 71344610, ""raw_event"": {""away"": ""Mahaut Soca Strikers"", ""awayId"": 525933, ""date"": ""2026-05-09T22:30:00Z"", ""home"": ""Mighty Avengers"", ""homeId"": 1344938, ""id"": 71344610, ""league"": {""name"": ""Dominica - DFA Premier"", ""slug"": ""dominica-dfa-premier""}, ""scores"": {""away"": 0, ""home"": 0}, ""sport"": {""name"": ""Football"", ""slug"": ""football""}, ""status"": ""pending""}}",,,,,,,,,,,,,,,,,,,,,,,,,,,,,,,
soccer|santa cruz mt|sinop mt|2026-05-09,odds_api_io,69834758,soccer,"Brazil - Mato-Grossense, 2. Divisao",Sinop MT,Santa Cruz EC MT,2026-05-09T22:30:00+00:00,mid,"{""competition"": ""Brazil - Mato-Grossense, 2. Divisao"", ""odds_api_io_id"": 69834758, ""raw_event"": {""away"": ""Santa Cruz EC MT"", ""awayId"": 751815, ""date"": ""2026-05-09T22:30:00Z"", ""home"": ""Sinop MT"", ""homeId"": 255235, ""id"": 69834758, ""league"": {""name"": ""Brazil - Mato-Grossense, 2. Divisao"", ""slug"": ""brazil-mato-grossense-2-divisao""}, ""scores"": {""away"": 0, ""home"": 0}, ""sport"": {""name"": ""Football"", ""slug"": ""football""}, ""status"": ""pending""}}",,,,,,,,,,,,,,,,,,,,,,,,,,,,,,,
soccer|bristol rhythm|mint hill|2026-05-09,odds_api_io,69072284,soccer,USA - National Premier Soccer League,Mint Hill FC,Bristol Rhythm AFC,2026-05-09T23:00:00+00:00,mid,"{""competition"": ""USA - National Premier Soccer League"", ""odds_api_io_id"": 69072284, ""raw_event"": {""away"": ""Bristol Rhythm AFC"", ""awayId"": 1107723, ""date"": ""2026-05-09T23:00:00Z"", ""home"": ""Mint Hill FC"", ""homeId"": 1134037, ""id"": 69072284, ""league"": {""name"": ""USA - National Premier Soccer League"", ""slug"": ""usa-national-premier-soccer-league""}, ""scores"": {""away"": 0, ""home"": 0}, ""sport"": {""name"": ""Football"", ""slug"": ""football""}, ""status"": ""pending""}}",,,,,,,,,,,,,,,,,,,,,,,,,,,,,,,
soccer|brooklyn|loudoun united|2026-05-09,odds_api_io,67172548,soccer,USA - USL Championship,Brooklyn FC,Loudoun United FC,2026-05-09T23:00:00+00:00,mid,"{""competition"": ""USA - USL Championship"", ""odds_api_io_id"": 67172548, ""raw_event"": {""away"": ""Loudoun United FC"", ""awayId"": 538329, ""date"": ""2026-05-09T23:00:00Z"", ""home"": ""Brooklyn FC"", ""homeId"": 1312976, ""id"": 67172548, ""league"": {""name"": ""USA - USL Championship"", ""slug"": ""usa-usl-championship""}, ""scores"": {""away"": 0, ""home"": 0}, ""sport"": {""name"": ""Football"", ""slug"": ""football""}, ""status"": ""pending""}}",,,,,,,,,,,,,,,,,,,,,,,,,,,,,,,
soccer|burlington united|statesville|2026-05-09,odds_api_io,69072282,soccer,USA - National Premier Soccer League,Burlington United FC,Statesville FC,2026-05-09T23:00:00+00:00,mid,"{""competition"": ""USA - National Premier Soccer League"", ""odds_api_io_id"": 69072282, ""raw_event"": {""away"": ""Statesville FC"", ""awayId"": 1329058, ""date"": ""2026-05-09T23:00:00Z"", ""home"": ""Burlington United FC"", ""homeId"": 1245006, ""id"": 69072282, ""league"": {""name"": ""USA - National Premier Soccer League"", ""slug"": ""usa-national-premier-soccer-league""}, ""scores"": {""away"": 0, ""home"": 0}, ""sport"": {""name"": ""Football"", ""slug"": ""football""}, ""status"": ""pending""}}",,,,,,,,,,,,,,,,,,,,,,,,,,,,,,,
soccer|cavalry|pacific|2026-05-09,odds_api_io,68046930,soccer,Canada - Canadian Championship,Pacific FC,Cavalry FC,2026-05-09T23:00:00+00:00,mid,"{""competition"": ""Canada - Canadian Championship"", ""odds_api_io_id"": 68046930, ""raw_event"": {""away"": ""Cavalry FC"", ""awayId"": 543877, ""date"": ""2026-05-09T23:00:00Z"", ""home"": ""Pacific FC"", ""homeId"": 543883, ""id"": 68046930, ""league"": {""name"": ""Canada - Canadian Championship"", ""slug"": ""canada-canadian-championship""}, ""scores"": {""away"": 0, ""home"": 0}, ""sport"": {""name"": ""Football"", ""slug"": ""football""}, ""status"": ""pending""}}",,,,,,,,,,,,,,,,,,,,,,,,,,,,,,,
soccer|detroit city|hartford athletic|2026-05-09,odds_api_io,67172550,soccer,USA - USL Championship,Hartford Athletic,Detroit City FC,2026-05-09T23:00:00+00:00,mid,"{""competition"": ""USA - USL Championship"", ""odds_api_io_id"": 67172550, ""raw_event"": {""away"": ""Detroit City FC"", ""awayId"": 437402, ""date"": ""2026-05-09T23:00:00Z"", ""home"": ""Hartford Athletic"", ""homeId"": 538327, ""id"": 67172550, ""league"": {""name"": ""USA - USL Championship"", ""slug"": ""usa-usl-championship""}, ""scores"": {""away"": 0, ""home"": 0}, ""sport"": {""name"": ""Football"", ""slug"": ""football""}, ""status"": ""pending""}}",,,,,,,,,,,,,,,,,,,,,,,,,,,,,,,
soccer|greenville triumph|richmond kickers|2026-05-09,odds_api_io,67171908,soccer,USA - USL League One,Greenville Triumph SC,Richmond Kickers,2026-05-09T23:00:00+00:00,mid,"{""competition"": ""USA - USL League One"", ""odds_api_io_id"": 67171908, ""raw_event"": {""away"": ""Richmond Kickers"", ""awayId"": 23841, ""date"": ""2026-05-09T23:00:00Z"", ""home"": ""Greenville Triumph SC"", ""homeId"": 538319, ""id"": 67171908, ""league"": {""name"": ""USA - USL League One"", ""slug"": ""usa-usl-league-one""}, ""scores"": {""away"": 0, ""home"": 0}, ""sport"": {""name"": ""Football"", ""slug"": ""football""}, ""status"": ""pending""}}",,,,,,,,,,,,,,,,,,,,,,,,,,,,,,,
soccer|indy eleven|sporting jax|2026-05-09,odds_api_io,67172552,soccer,USA - USL Championship,Indy Eleven,Sporting Jax,2026-05-09T23:00:00+00:00,mid,"{""competition"": ""USA - USL Championship"", ""odds_api_io_id"": 67172552, ""raw_event"": {""away"": ""Sporting Jax"", ""awayId"": 1232493, ""date"": ""2026-05-09T23:00:00Z"", ""home"": ""Indy Eleven"", ""homeId"": 148992, ""id"": 67172552, ""league"": {""name"": ""USA - USL Championship"", ""slug"": ""usa-usl-championship""}, ""scores"": {""away"": 0, ""home"": 0}, ""sport"": {""name"": ""Football"", ""slug"": ""football""}, ""status"": ""pending""}}",,,,,,,,,,,,,,,,,,,,,,,,,,,,,,,
soccer|joy saint louis park|sioux falls thunder|2026-05-09,odds_api_io,69072286,soccer,USA - National Premier Soccer League,Joy AC St Louis Park,Sioux Falls Thunder FC,2026-05-09T23:00:00+00:00,mid,"{""competition"": ""USA - National Premier Soccer League"", ""odds_api_io_id"": 69072286, ""raw_event"": {""away"": ""Sioux Falls Thunder FC"", ""awayId"": 559050, ""date"": ""2026-05-09T23:00:00Z"", ""home"": ""Joy AC St Louis Park"", ""homeId"": 790874, ""id"": 69072286, ""league"": {""name"": ""USA - National Premier Soccer League"", ""slug"": ""usa-national-premier-soccer-league""}, ""scores"": {""away"": 0, ""home"": 0}, ""sport"": {""name"": ""Football"", ""slug"": ""football""}, ""status"": ""pending""}}",,,,,,,,,,,,,,,,,,,,,,,,,,,,,,,
soccer|lionsbridge|virginia beach united|2026-05-09,odds_api_io,69090778,soccer,USA - USL League Two,Virginia Beach United,Lionsbridge FC,2026-05-09T23:00:00+00:00,mid,"{""competition"": ""USA - USL League Two"", ""odds_api_io_id"": 69090778, ""raw_event"": {""away"": ""Lionsbridge FC"", ""awayId"": 433032, ""date"": ""2026-05-09T23:00:00Z"", ""home"": ""Virginia Beach United"", ""homeId"": 575811, ""id"": 69090778, ""league"": {""name"": ""USA - USL League Two"", ""slug"": ""usa-usl-league-two""}, ""scores"": {""away"": 0, ""home"": 0}, ""sport"": {""name"": ""Football"", ""slug"": ""football""}, ""status"": ""pending""}}",,,,,,,,,,,,,,,,,,,,,,,,,,,,,,,
soccer|louisville city|pittsburgh riverhounds|2026-05-09,odds_api_io,67172554,soccer,USA - USL Championship,Louisville City FC,Pittsburgh Riverhounds,2026-05-09T23:00:00+00:00,mid,"{""competition"": ""USA - USL Championship"", ""odds_api_io_id"": 67172554, ""raw_event"": {""away"": ""Pittsburgh Riverhounds"", ""awayId"": 23635, ""date"": ""2026-05-09T23:00:00Z"", ""home"": ""Louisville City FC"", ""homeId"": 206011, ""id"": 67172554, ""league"": {""name"": ""USA - USL Championship"", ""slug"": ""usa-usl-championship""}, ""scores"": {""away"": 0, ""home"": 0}, ""sport"": {""name"": ""Football"", ""slug"": ""football""}, ""status"": ""pending""}}",,,,,,,,,,,,,,,,,,,,,,,,,,,,,,,
soccer|monterey bay|stockton cargo|2026-05-09,odds_api_io,68988886,soccer,USA - USL W League,Monterey Bay FC,Stockton Cargo SC,2026-05-09T23:00:00+00:00,mid,"{""competition"": ""USA - USL W League"", ""odds_api_io_id"": 68988886, ""raw_event"": {""away"": ""Stockton Cargo SC"", ""awayId"": 912045, ""date"": ""2026-05-09T23:00:00Z"", ""home"": ""Monterey Bay FC"", ""homeId"": 1328294, ""id"": 68988886, ""league"": {""name"": ""USA - USL W League"", ""slug"": ""usa-usl-w-league""}, ""scores"": {""away"": 0, ""home"": 0}, ""sport"": {""name"": ""Football"", ""slug"": ""football""}, ""status"": ""pending""}}",,,,,,,,,,,,,,,,,,,,,,,,,,,,,,,
soccer|nacional asuncion|sportivo trinidense|2026-05-09,odds_api_io,68042472,soccer,"Paraguay - Division de Honor, Apertura",Nacional Asuncion,Sportivo Trinidense,2026-05-09T23:00:00+00:00,mid,"{""competition"": ""Paraguay - Division de Honor, Apertura"", ""odds_api_io_id"": 68042472, ""raw_event"": {""away"": ""Sportivo Trinidense"", ""awayId"": 39722, ""date"": ""2026-05-09T23:00:00Z"", ""home"": ""Nacional Asuncion"", ""homeId"": 33001, ""id"": 68042472, ""league"": {""name"": ""Paraguay - Division de Honor, Apertura"", ""slug"": ""paraguay-division-de-honor-apertura""}, ""scores"": {""away"": 0, ""home"": 0}, ""sport"": {""name"": ""Football"", ""slug"": ""football""}, ""status"": ""pending""}}",,totals,Меньше 2.25,,,2.25,,,,,52.56,51.24,,,70.37,,,controlled_consensus_rescue,75.398,,,,,,,,,,,,
soccer|new york shockers|santa cruz|2026-05-09,odds_api_io,71221076,soccer,USA - National Premier Soccer League,Santa Cruz FC,New York Shockers,2026-05-09T23:00:00+00:00,mid,"{""competition"": ""USA - National Premier Soccer League"", ""odds_api_io_id"": 71221076, ""raw_event"": {""away"": ""New York Shockers"", ""awayId"": 790938, ""date"": ""2026-05-09T23:00:00Z"", ""home"": ""Santa Cruz FC"", ""homeId"": 1336834, ""id"": 71221076, ""league"": {""name"": ""USA - National Premier Soccer League"", ""slug"": ""usa-national-premier-soccer-league""}, ""scores"": {""away"": 0, ""home"": 0}, ""sport"": {""name"": ""Football"", ""slug"": ""football""}, ""status"": ""pending""}}",,,,,,,,,,,,,,,,,,,,,,,,,,,,,,,
soccer|ad pasto|tolima|2026-05-09,odds_api_io,71297416,soccer,"Colombia - Primera A, Apertura",CD Tolima,AD Pasto,2026-05-09T23:10:00+00:00,mid,"{""competition"": ""Colombia - Primera A, Apertura"", ""odds_api_io_id"": 71297416, ""raw_event"": {""away"": ""AD Pasto"", ""awayId"": 6113, ""date"": ""2026-05-09T23:10:00Z"", ""home"": ""CD Tolima"", ""homeId"": 6111, ""id"": 71297416, ""league"": {""name"": ""Colombia - Primera A, Apertura"", ""slug"": ""colombia-primera-a-apertura""}, ""scores"": {""away"": 0, ""home"": 0}, ""sport"": {""name"": ""Football"", ""slug"": ""football""}, ""status"": ""pending""}}",,,,,,,,,,,,,,,,,,,,,,,,,,,,,,,
soccer|niagara 1812|rochester ny academy|2026-05-09,odds_api_io,69072288,soccer,USA - National Premier Soccer League,Rochester NY FC Academy,Niagara 1812,2026-05-09T23:15:00+00:00,mid,"{""competition"": ""USA - National Premier Soccer League"", ""odds_api_io_id"": 69072288, ""raw_event"": {""away"": ""Niagara 1812"", ""awayId"": 1112963, ""date"": ""2026-05-09T23:15:00Z"", ""home"": ""Rochester NY FC Academy"", ""homeId"": 1244986, ""id"": 69072288, ""league"": {""name"": ""USA - National Premier Soccer League"", ""slug"": ""usa-national-premier-soccer-league""}, ""scores"": {""away"": 0, ""home"": 0}, ""sport"": {""name"": ""Football"", ""slug"": ""football""}, ""status"": ""pending""}}",,,,,,,,,,,,,,,,,,,,,,,,,,,,,,,
soccer|apotheos|columbus united|2026-05-09,odds_api_io,69090780,soccer,USA - USL League Two,Apotheos FC,Columbus United FC,2026-05-09T23:30:00+00:00,mid,"{""competition"": ""USA - USL League Two"", ""odds_api_io_id"": 69090780, ""raw_event"": {""away"": ""Columbus United FC"", ""awayId"": 1110777, ""date"": ""2026-05-09T23:30:00Z"", ""home"": ""Apotheos FC"", ""homeId"": 895727, ""id"": 69090780, ""league"": {""name"": ""USA - USL League Two"", ""slug"": ""usa-usl-league-two""}, ""scores"": {""away"": 0, ""home"": 0}, ""sport"": {""name"": ""Football"", ""slug"": ""football""}, ""status"": ""pending""}}",,,,,,,,,,,,,,,,,,,,,,,,,,,,,,,
soccer|atlanta united|los angeles galaxy|2026-05-09,odds_api_io,66299124,soccer,USA - MLS,Atlanta United FC,Los Angeles Galaxy,2026-05-09T23:30:00+00:00,mid,"{""competition"": ""USA - MLS"", ""odds_api_io_id"": 66299124, ""raw_event"": {""away"": ""Los Angeles Galaxy"", ""awayId"": 2513, ""date"": ""2026-05-09T23:30:00Z"", ""home"": ""Atlanta United FC"", ""homeId"": 305920, ""id"": 66299124, ""league"": {""name"": ""USA - MLS"", ""slug"": ""usa-mls""}, ""scores"": {""away"": 0, ""home"": 0}, ""sport"": {""name"": ""Football"", ""slug"": ""football""}, ""status"": ""pending""}}",,totals,Меньше 2.5,,,2.5,,,,,44.9,43.23,,,73.8,,,controlled_consensus_rescue,82.754,,,,,,,,,,,,
soccer|ca bartolome mitre|ca defensores vilelas|2026-05-09,odds_api_io,69614660,soccer,Argentina - Torneo Federal A,CA Defensores de Vilelas,CA Bartolome Mitre,2026-05-09T23:30:00+00:00,mid,"{""competition"": ""Argentina - Torneo Federal A"", ""odds_api_io_id"": 69614660, ""raw_event"": {""away"": ""CA Bartolome Mitre"", ""awayId"": 855135, ""date"": ""2026-05-09T23:30:00Z"", ""home"": ""CA Defensores de Vilelas"", ""homeId"": 790236, ""id"": 69614660, ""league"": {""name"": ""Argentina - Torneo Federal A"", ""slug"": ""argentina-torneo-federal-a""}, ""scores"": {""away"": 0, ""home"": 0}, ""sport"": {""name"": ""Football"", ""slug"": ""football""}, ""status"": ""pending""}}",,,,,,,,,,,,,,,,,,,,,,,,,,,,,,,
soccer|charlotte|cincinnati|2026-05-09,odds_api_io,66299126,soccer,USA - MLS,Charlotte FC,FC Cincinnati,2026-05-09T23:30:00+00:00,mid,"{""competition"": ""USA - MLS"", ""odds_api_io_id"": 66299126, ""raw_event"": {""away"": ""FC Cincinnati"", ""awayId"": 245305, ""date"": ""2026-05-09T23:30:00Z"", ""home"": ""Charlotte FC"", ""homeId"": 863473, ""id"": 66299126, ""league"": {""name"": ""USA - MLS"", ""slug"": ""usa-mls""}, ""scores"": {""away"": 0, ""home"": 0}, ""sport"": {""name"": ""Football"", ""slug"": ""football""}, ""status"": ""pending""}}",,,,,,,,,,,,,,,,,,,,,,,,,,,,,,,
soccer|chattanooga red wolves|one knoxville|2026-05-09,odds_api_io,68988884,soccer,USA - USL W League,Chattanooga Red Wolves SC,One Knoxville SC,2026-05-09T23:30:00+00:00,mid,"{""competition"": ""USA - USL W League"", ""odds_api_io_id"": 68988884, ""raw_event"": {""away"": ""One Knoxville SC"", ""awayId"": 1232597, ""date"": ""2026-05-09T23:30:00Z"", ""home"": ""Chattanooga Red Wolves SC"", ""homeId"": 796998, ""id"": 68988884, ""league"": {""name"": ""USA - USL W League"", ""slug"": ""usa-usl-w-league""}, ""scores"": {""away"": 0, ""home"": 0}, ""sport"": {""name"": ""Football"", ""slug"": ""football""}, ""status"": ""pending""}}",,,,,,,,,,,,,,,,,,,,,,,,,,,,,,,
soccer|new england revolution|philadelphia union|2026-05-09,odds_api_io,66299128,soccer,USA - MLS,New England Revolution,Philadelphia Union,2026-05-09T23:30:00+00:00,mid,"{""competition"": ""USA - MLS"", ""odds_api_io_id"": 66299128, ""raw_event"": {""away"": ""Philadelphia Union"", ""awayId"": 39833, ""date"": ""2026-05-09T23:30:00Z"", ""home"": ""New England Revolution"", ""homeId"": 2511, ""id"": 66299128, ""league"": {""name"": ""USA - MLS"", ""slug"": ""usa-mls""}, ""scores"": {""away"": 0, ""home"": 0}, ""sport"": {""name"": ""Football"", ""slug"": ""football""}, ""status"": ""pending""}}",,totals,Меньше 2.25,,,2.25,,,,,45.37,43.86,,,73.29,,,controlled_consensus_rescue,81.105,,,,,,,,,,,,
soccer|new haven united|osners|2026-05-09,odds_api_io,71221078,soccer,USA - National Premier Soccer League,Osners FC,New Haven United FC,2026-05-09T23:30:00+00:00,mid,"{""competition"": ""USA - National Premier Soccer League"", ""odds_api_io_id"": 71221078, ""raw_event"": {""away"": ""New Haven United FC"", ""awayId"": 1245002, ""date"": ""2026-05-09T23:30:00Z"", ""home"": ""Osners FC"", ""homeId"": 1245004, ""id"": 71221078, ""league"": {""name"": ""USA - National Premier Soccer League"", ""slug"": ""usa-national-premier-soccer-league""}, ""scores"": {""away"": 0, ""home"": 0}, ""sport"": {""name"": ""Football"", ""slug"": ""football""}, ""status"": ""pending""}}",,,,,,,,,,,,,,,,,,,,,,,,,,,,,,,
soccer|real tomayapo|san antonio bulo bulo|2026-05-09,odds_api_io,70379144,soccer,Bolivia - Division Profesional,CD Real Tomayapo,San Antonio Bulo Bulo,2026-05-09T23:30:00+00:00,mid,"{""competition"": ""Bolivia - Division Profesional"", ""odds_api_io_id"": 70379144, ""raw_event"": {""away"": ""San Antonio Bulo Bulo"", ""awayId"": 846036, ""date"": ""2026-05-09T23:30:00Z"", ""home"": ""CD Real Tomayapo"", ""homeId"": 613958, ""id"": 70379144, ""league"": {""name"": ""Bolivia - Division Profesional"", ""slug"": ""bolivia-division-profesional""}, ""scores"": {""away"": 0, ""home"": 0}, ""sport"": {""name"": ""Football"", ""slug"": ""football""}, ""status"": ""pending""}}",publishable,totals,Меньше 3.5,,,3.5,,,,,53.33,51.64,,,73.85,,,controlled_consensus_rescue,81.913,,,,,,,,,,,,
soccer|rhode island|tampa bay rowdies|2026-05-09,odds_api_io,67172562,soccer,USA - USL Championship,Rhode Island FC,Tampa Bay Rowdies,2026-05-09T23:30:00+00:00,mid,"{""competition"": ""USA - USL Championship"", ""odds_api_io_id"": 67172562, ""raw_event"": {""away"": ""Tampa Bay Rowdies"", ""awayId"": 41617, ""date"": ""2026-05-09T23:30:00Z"", ""home"": ""Rhode Island FC"", ""homeId"": 1092285, ""id"": 67172562, ""league"": {""name"": ""USA - USL Championship"", ""slug"": ""usa-usl-championship""}, ""scores"": {""away"": 0, ""home"": 0}, ""sport"": {""name"": ""Football"", ""slug"": ""football""}, ""status"": ""pending""}}",,,,,,,,,,,,,,,,,,,,,,,,,,,,,,,
